Charger device ID,Charger display ID,Charger serial number,Location ID,Location name,Location street address,Location city,Location state/province,Location country,Location zip/postal code,Company,Company ID,Local time zone,Geolocation,Summary period start date (YYYY-MM-DD) (UTC),Summary period end date (YYYY-MM-DD) (UTC),Number of sessions,Number of unique drivers,Charging time (min),Energy provided (kWh),Payment collected ($),Currency used
03c821d6-6274-427c-937a-ad91c6bc020d,MP-025,5.12101E+13,79b72a61-f5ca-433f-b824-0c7df1204859,Massy Warrens,Massy Warrens - Massy Stores Supercenter,Warrens,St. Michael,BB,,Massy,578dca79-afd1-4b04-816a-322a7067114b,America/Barbados,"13.1418840472076,-59.6087500021415",1/1/2025,1/31/2025,167,42,7886.5,3618,6163.94,BBD
024e77fc-3da1-4e73-930e-b76e45511419,MP-001,M5005918-7,1977c2c7-cd44-4e6f-a827-370cd9aad5bd,Massy Sunset Crest,"Massy Stores Supercenter, Sunset Crest",Holetown,St James,BB,,Massy,578dca79-afd1-4b04-816a-322a7067114b,America/Barbados,"13.1850239447129,-59.6374305021412",1/1/2025,1/31/2025,5,3,89.19,11,16.5,BBD
8d27dae5-8d1f-48d0-bfe1-8875d5d568a5,MP-0079,M5012464-2,1977c2c7-cd44-4e6f-a827-370cd9aad5bd,Massy Sunset Crest,"Massy Stores Supercenter, Sunset Crest",Holetown,St James,BB,,Massy,578dca79-afd1-4b04-816a-322a7067114b,America/Barbados,"13.1850239447129,-59.6374305021412",1/1/2025,1/31/2025,15,11,300.82,110.3,152.55,BBD
024e77fc-3da1-4e73-930e-b76e45511419,MP-001,M5005918-7,1977c2c7-cd44-4e6f-a827-370cd9aad5bd,Massy Sunset Crest,"Massy Stores Supercenter, Sunset Crest",Holetown,St James,BB,,Massy,578dca79-afd1-4b04-816a-322a7067114b,America/Barbados,"13.1850239447129,-59.6374305021412",2/1/2025,2/28/2025,7,3,505.95,62.4,93.6,BBD
03c821d6-6274-427c-937a-ad91c6bc020d,MP-025,5.12101E+13,79b72a61-f5ca-433f-b824-0c7df1204859,Massy Warrens,Massy Warrens - Massy Stores Supercenter,Warrens,St. Michael,BB,,Massy,578dca79-afd1-4b04-816a-322a7067114b,America/Barbados,"13.1418840472076,-59.6087500021415",2/1/2025,2/28/2025,133,39,6038.5,2728.2,4727.98,BBD
8d27dae5-8d1f-48d0-bfe1-8875d5d568a5,MP-0079,M5012464-2,1977c2c7-cd44-4e6f-a827-370cd9aad5bd,Massy Sunset Crest,"Massy Stores Supercenter, Sunset Crest",Holetown,St James,BB,,Massy,578dca79-afd1-4b04-816a-322a7067114b,America/Barbados,"13.1850239447129,-59.6374305021412",2/1/2025,2/28/2025,8,6,140.73,51.6,71.55,BBD
03c821d6-6274-427c-937a-ad91c6bc020d,MP-025,5.12101E+13,79b72a61-f5ca-433f-b824-0c7df1204859,Massy Warrens,Massy Warrens - Massy Stores Supercenter,Warrens,St. Michael,BB,,Massy,578dca79-afd1-4b04-816a-322a7067114b,America/Barbados,"13.1418840472076,-59.6087500021415",3/1/2025,3/31/2025,129,39,6660.46,3131.9,5400.85,BBD
024e77fc-3da1-4e73-930e-b76e45511419,MP-001,M5005918-7,1977c2c7-cd44-4e6f-a827-370cd9aad5bd,Massy Sunset Crest,"Massy Stores Supercenter, Sunset Crest",Holetown,St James,BB,,Massy,578dca79-afd1-4b04-816a-322a7067114b,America/Barbados,"13.1850239447129,-59.6374305021412",3/1/2025,3/31/2025,11,3,587.03,72.4,108.6,BBD
8d27dae5-8d1f-48d0-bfe1-8875d5d568a5,MP-0079,M5012464-2,1977c2c7-cd44-4e6f-a827-370cd9aad5bd,Massy Sunset Crest,"Massy Stores Supercenter, Sunset Crest",Holetown,St James,BB,,Massy,578dca79-afd1-4b04-816a-322a7067114b,America/Barbados,"13.1850239447129,-59.6374305021412",3/1/2025,3/31/2025,20,8,292.04,107.1,160.62,BBD
03c821d6-6274-427c-937a-ad91c6bc020d,MP-025,5.12101E+13,79b72a61-f5ca-433f-b824-0c7df1204859,Massy Warrens,Massy Warrens - Massy Stores Supercenter,Warrens,St. Michael,BB,,Massy,578dca79-afd1-4b04-816a-322a7067114b,America/Barbados,"13.1418840472076,-59.6087500021415",4/1/2025,4/30/2025,139,39,6535.68,3064.6,5287.8,BBD
024e77fc-3da1-4e73-930e-b76e45511419,MP-001,M5005918-7,1977c2c7-cd44-4e6f-a827-370cd9aad5bd,Massy Sunset Crest,"Massy Stores Supercenter, Sunset Crest",Holetown,St James,BB,,Massy,578dca79-afd1-4b04-816a-322a7067114b,America/Barbados,"13.1850239447129,-59.6374305021412",4/1/2025,4/30/2025,4,3,115.14,14.2,21.3,BBD
8d27dae5-8d1f-48d0-bfe1-8875d5d568a5,MP-0079,M5012464-2,1977c2c7-cd44-4e6f-a827-370cd9aad5bd,Massy Sunset Crest,"Massy Stores Supercenter, Sunset Crest",Holetown,St James,BB,,Massy,578dca79-afd1-4b04-816a-322a7067114b,America/Barbados,"13.1850239447129,-59.6374305021412",4/1/2025,4/30/2025,12,5,193.36,70.9,106.35,BBD
03c821d6-6274-427c-937a-ad91c6bc020d,MP-025,5.12101E+13,79b72a61-f5ca-433f-b824-0c7df1204859,Massy Warrens,Massy Warrens - Massy Stores Supercenter,Warrens,St. Michael,BB,,Massy,578dca79-afd1-4b04-816a-322a7067114b,America/Barbados,"13.1418840472076,-59.6087500021415",5/1/2025,5/31/2025,138,41,7195.53,3441.6,5727.23,BBD
024e77fc-3da1-4e73-930e-b76e45511419,MP-001,M5005918-7,1977c2c7-cd44-4e6f-a827-370cd9aad5bd,Massy Sunset Crest,"Massy Stores Supercenter, Sunset Crest",Holetown,St James,BB,,Massy,578dca79-afd1-4b04-816a-322a7067114b,America/Barbados,"13.1850239447129,-59.6374305021412",5/1/2025,5/31/2025,8,3,339.73,41.9,62.85,BBD
8d27dae5-8d1f-48d0-bfe1-8875d5d568a5,MP-0079,M5012464-2,1977c2c7-cd44-4e6f-a827-370cd9aad5bd,Massy Sunset Crest,"Massy Stores Supercenter, Sunset Crest",Holetown,St James,BB,,Massy,578dca79-afd1-4b04-816a-322a7067114b,America/Barbados,"13.1850239447129,-59.6374305021412",5/1/2025,5/31/2025,14,12,380.18,139.4,160.5,BBD
03c821d6-6274-427c-937a-ad91c6bc020d,MP-025,5.12101E+13,79b72a61-f5ca-433f-b824-0c7df1204859,Massy Warrens,Massy Warrens - Massy Stores Supercenter,Warrens,St. Michael,BB,,Massy,578dca79-afd1-4b04-816a-322a7067114b,America/Barbados,"13.1418840472076,-59.6087500021415",6/1/2025,6/30/2025,129,39,6206.84,2877.8,4906.24,BBD
024e77fc-3da1-4e73-930e-b76e45511419,MP-001,M5005918-7,1977c2c7-cd44-4e6f-a827-370cd9aad5bd,Massy Sunset Crest,"Massy Stores Supercenter, Sunset Crest",Holetown,St James,BB,,Massy,578dca79-afd1-4b04-816a-322a7067114b,America/Barbados,"13.1850239447129,-59.6374305021412",6/1/2025,6/30/2025,3,3,513.24,63.3,94.95,BBD
8d27dae5-8d1f-48d0-bfe1-8875d5d568a5,MP-0079,M5012464-2,1977c2c7-cd44-4e6f-a827-370cd9aad5bd,Massy Sunset Crest,"Massy Stores Supercenter, Sunset Crest",Holetown,St James,BB,,Massy,578dca79-afd1-4b04-816a-322a7067114b,America/Barbados,"13.1850239447129,-59.6374305021412",6/1/2025,6/30/2025,17,9,226.36,83,124.5,BBD
03c821d6-6274-427c-937a-ad91c6bc020d,MP-025,5.12101E+13,79b72a61-f5ca-433f-b824-0c7df1204859,Massy Warrens,Massy Warrens - Massy Stores Supercenter,Warrens,St. Michael,BB,,Massy,578dca79-afd1-4b04-816a-322a7067114b,America/Barbados,"13.1418840472076,-59.6087500021415",7/1/2025,7/31/2025,34,21,2295.41,997.5,1745.63,BBD
024e77fc-3da1-4e73-930e-b76e45511419,MP-001,M5005918-7,1977c2c7-cd44-4e6f-a827-370cd9aad5bd,Massy Sunset Crest,"Massy Stores Supercenter, Sunset Crest",Holetown,St James,BB,,Massy,578dca79-afd1-4b04-816a-322a7067114b,America/Barbados,"13.1850239447129,-59.6374305021412",7/1/2025,7/31/2025,5,4,182.43,22.5,33.75,BBD
8d27dae5-8d1f-48d0-bfe1-8875d5d568a5,MP-0079,M5012464-2,1977c2c7-cd44-4e6f-a827-370cd9aad5bd,Massy Sunset Crest,"Massy Stores Supercenter, Sunset Crest",Holetown,St James,BB,,Massy,578dca79-afd1-4b04-816a-322a7067114b,America/Barbados,"13.1850239447129,-59.6374305021412",7/1/2025,7/31/2025,11,5,107.45,39.4,59.1,BBD
03c821d6-6274-427c-937a-ad91c6bc020d,MP-025,5.12101E+13,79b72a61-f5ca-433f-b824-0c7df1204859,Massy Warrens,Massy Warrens - Massy Stores Supercenter,Warrens,St. Michael,BB,,Massy,578dca79-afd1-4b04-816a-322a7067114b,America/Barbados,"13.1418840472076,-59.6087500021415",8/1/2025,8/31/2025,89,35,4795.13,2048.5,3495.76,BBD
024e77fc-3da1-4e73-930e-b76e45511419,MP-001,M5005918-7,1977c2c7-cd44-4e6f-a827-370cd9aad5bd,Massy Sunset Crest,"Massy Stores Supercenter, Sunset Crest",Holetown,St James,BB,,Massy,578dca79-afd1-4b04-816a-322a7067114b,America/Barbados,"13.1850239447129,-59.6374305021412",8/1/2025,8/31/2025,4,1,0,0,0,BBD
8d27dae5-8d1f-48d0-bfe1-8875d5d568a5,MP-0079,M5012464-2,1977c2c7-cd44-4e6f-a827-370cd9aad5bd,Massy Sunset Crest,"Massy Stores Supercenter, Sunset Crest",Holetown,St James,BB,,Massy,578dca79-afd1-4b04-816a-322a7067114b,America/Barbados,"13.1850239447129,-59.6374305021412",8/1/2025,8/31/2025,15,5,185.18,67.9,101.84,BBD
03c821d6-6274-427c-937a-ad91c6bc020d,MP-025,5.12101E+13,79b72a61-f5ca-433f-b824-0c7df1204859,Massy Warrens,Massy Warrens - Massy Stores Supercenter,Warrens,St. Michael,BB,,Massy,578dca79-afd1-4b04-816a-322a7067114b,America/Barbados,"13.1418840472076,-59.6087500021415",9/1/2025,9/30/2025,65,30,2720.13,1174.9,1975.35,BBD
024e77fc-3da1-4e73-930e-b76e45511419,MP-001,M5005918-7,1977c2c7-cd44-4e6f-a827-370cd9aad5bd,Massy Sunset Crest,"Massy Stores Supercenter, Sunset Crest",Holetown,St James,BB,,Massy,578dca79-afd1-4b04-816a-322a7067114b,America/Barbados,"13.1850239447129,-59.6374305021412",9/1/2025,9/30/2025,8,5,287.84,35.5,53.25,BBD
8d27dae5-8d1f-48d0-bfe1-8875d5d568a5,MP-0079,M5012464-2,1977c2c7-cd44-4e6f-a827-370cd9aad5bd,Massy Sunset Crest,"Massy Stores Supercenter, Sunset Crest",Holetown,St James,BB,,Massy,578dca79-afd1-4b04-816a-322a7067114b,America/Barbados,"13.1850239447129,-59.6374305021412",9/1/2025,9/30/2025,11,7,220.64,80.9,121.32,BBD
024e77fc-3da1-4e73-930e-b76e45511419,MP-001,M5005918-7,1977c2c7-cd44-4e6f-a827-370cd9aad5bd,Massy Sunset Crest,"Massy Stores Supercenter, Sunset Crest",Holetown,St James,BB,,Massy,578dca79-afd1-4b04-816a-322a7067114b,America/Barbados,"13.1850239447129,-59.6374305021412",10/1/2025,10/31/2025,5,3,143.51,17.7,26.53,BBD
03c821d6-6274-427c-937a-ad91c6bc020d,MP-025,5.12101E+13,79b72a61-f5ca-433f-b824-0c7df1204859,Massy Warrens,Massy Warrens - Massy Stores Supercenter,Warrens,St. Michael,BB,,Massy,578dca79-afd1-4b04-816a-322a7067114b,America/Barbados,"13.1418840472076,-59.6087500021415",10/1/2025,10/31/2025,118,45,4873.27,2077.3,3524.42,BBD
8d27dae5-8d1f-48d0-bfe1-8875d5d568a5,MP-0079,M5012464-2,1977c2c7-cd44-4e6f-a827-370cd9aad5bd,Massy Sunset Crest,"Massy Stores Supercenter, Sunset Crest",Holetown,St James,BB,,Massy,578dca79-afd1-4b04-816a-322a7067114b,America/Barbados,"13.1850239447129,-59.6374305021412",10/1/2025,10/31/2025,17,9,441,161.7,242.47,BBD
03c821d6-6274-427c-937a-ad91c6bc020d,MP-025,5.12101E+13,79b72a61-f5ca-433f-b824-0c7df1204859,Massy Warrens,Massy Warrens - Massy Stores Supercenter,Warrens,St. Michael,BB,,Massy,578dca79-afd1-4b04-816a-322a7067114b,America/Barbados,"13.1418840472076,-59.6087500021415",11/1/2025,11/30/2025,135,45,5041.88,2137.6,3421.34,BBD
024e77fc-3da1-4e73-930e-b76e45511419,MP-001,M5005918-7,1977c2c7-cd44-4e6f-a827-370cd9aad5bd,Massy Sunset Crest,"Massy Stores Supercenter, Sunset Crest",Holetown,St James,BB,,Massy,578dca79-afd1-4b04-816a-322a7067114b,America/Barbados,"13.1850239447129,-59.6374305021412",11/1/2025,11/30/2025,3,1,30,3.7,5.55,BBD
8d27dae5-8d1f-48d0-bfe1-8875d5d568a5,MP-0079,M5012464-2,1977c2c7-cd44-4e6f-a827-370cd9aad5bd,Massy Sunset Crest,"Massy Stores Supercenter, Sunset Crest",Holetown,St James,BB,,Massy,578dca79-afd1-4b04-816a-322a7067114b,America/Barbados,"13.1850239447129,-59.6374305021412",11/1/2025,11/30/2025,25,12,576.55,211.4,317,BBD
03c821d6-6274-427c-937a-ad91c6bc020d,MP-025,5.12101E+13,79b72a61-f5ca-433f-b824-0c7df1204859,Massy Warrens,Massy Warrens - Massy Stores Supercenter,Warrens,St. Michael,BB,,Massy,578dca79-afd1-4b04-816a-322a7067114b,America/Barbados,"13.1418840472076,-59.6087500021415",12/1/2025,12/31/2025,144,45,6181.51,2642.5,4412.43,BBD
024e77fc-3da1-4e73-930e-b76e45511419,MP-001,M5005918-7,1977c2c7-cd44-4e6f-a827-370cd9aad5bd,Massy Sunset Crest,"Massy Stores Supercenter, Sunset Crest",Holetown,St James,BB,,Massy,578dca79-afd1-4b04-816a-322a7067114b,America/Barbados,"13.1850239447129,-59.6374305021412",12/1/2025,12/31/2025,1,1,0,0,0,BBD
8d27dae5-8d1f-48d0-bfe1-8875d5d568a5,MP-0079,M5012464-2,1977c2c7-cd44-4e6f-a827-370cd9aad5bd,Massy Sunset Crest,"Massy Stores Supercenter, Sunset Crest",Holetown,St James,BB,,Massy,578dca79-afd1-4b04-816a-322a7067114b,America/Barbados,"13.1850239447129,-59.6374305021412",12/1/2025,12/31/2025,18,9,502.91,184.4,177.86,BBD
95de3100-eb4b-4456-a773-f33ef3cb4200,MP-022,5.12201E+13,4f871aee-9709-4397-82af-33e26d08d1ef,Megapower Workshop,0 Wilcox Ridge,Gibbons Boggs,01,BB,BB14016,,,America/Barbados,"13.0668347,-59.5270605",1/1/2025,1/31/2025,0,0,0,0,0,
2ea1f9f0-cc80-4aae-a7f3-db98c2e8ebaa,MP-007,M5005103-10,b8895613-3968-4ea0-bf24-c573d05e9b83,BLPC Garrison,"Barbados Light And Power, Garrison Hill",Garrison,St Thomas,BB,,Megapower,7a68e918-2948-4d98-8053-506a7ad36942,America/Barbados,"13.0813384907889,-59.6077824021418",1/1/2025,1/31/2025,6,3,165,60.5,90.75,BBD
81c08165-7a24-4559-b0dc-f928c656f4cb,MP-059,M5012464-9,87d5bd9e-5f73-42df-ac36-34143e153ad3,Millenium Heights 2,Complex-0 Millenium Heights,Welches,11,BB,bb22130,Megapower,7a68e918-2948-4d98-8053-506a7ad36942,America/Barbados,"13.15199,-59.60893",1/1/2025,1/31/2025,9,2,1740,214.6,321.9,BBD
093f4449-4457-41c7-b586-3741d6b16a5b,MP-063,M5012054-4,47880a58-2c0c-48e8-9dd9-3fe2d3d1e4aa,Port St Charles (Pier One Restaurant),Port St Charles-0 Heywoods,Speightstown,09,BB,BB26013,Megapower,7a68e918-2948-4d98-8053-506a7ad36942,America/Barbados,"13.264145,-59.644266",1/1/2025,1/31/2025,24,7,3924.32,484,726,BBD
8a1bbc63-be29-4154-b3ca-0e7c3f0fe970,MP-058,M5012464-5,520e275f-4c35-4ffa-b7b5-9d6bf74c5672,One Welches Ltd,Carport-1 Welches,St.Thomas,11,BB,BB22025,Megapower,7a68e918-2948-4d98-8053-506a7ad36942,America/Barbados,"13.155162,-59.613737",1/1/2025,1/31/2025,28,3,2826.24,348.7,523.05,BBD
9da3d0f0-63ba-4a70-aaf6-7f9eccdad96f,MP-051,M5007971-1,748caf8b-c112-48a3-95bd-4099149f8909,Barbados Golf Club,Barbados Golf Club -0 Durants,Durants,01,BB,17090,Megapower,7a68e918-2948-4d98-8053-506a7ad36942,America/Barbados,"13.0729306,-59.5267344",1/1/2025,1/31/2025,30,8,0,0,0,BBD
ce749246-2532-4e97-b2dd-acf930077ed5,MP-014,M5003364-1,59d28f4c-5148-45cf-8f6a-f4537e1477c5,One Haggatt Hall,One Haggatt Hall Complex-0 Two Mile Hill,Haggatt Hall,08,BB,BB19025,Megapower,7a68e918-2948-4d98-8053-506a7ad36942,America/Barbados,"13.1053216,-59.5822663",1/1/2025,1/31/2025,8,2,1569.73,193.6,290.4,BBD
c1964a6f-b3fa-4ffd-800c-54e9150f7292,MP-024,5.12101E+13,ee1be5a4-2046-4ae9-9e64-28066a8e1527,The Walk,"The Walk, Welches, St Thomas",Welches,St Thomas,BB,,Megapower,7a68e918-2948-4d98-8053-506a7ad36942,America/Barbados,"13.155103143456,-59.6113313021413",1/1/2025,1/31/2025,4,4,300.1,129.2,226.1,BBD
0c45935a-2de3-4926-bb19-37e6f7a65657,MP-010,M5004376-4,5be9dd25-d9f3-43d6-850e-f93e39227ff7,City Center Mall and Carpark,0 Chapel Street,Bridgetown,08,BB,BB14018,Megapower,7a68e918-2948-4d98-8053-506a7ad36942,America/Barbados,"13.098217704116,-59.6175783039002",1/1/2025,1/31/2025,18,8,2353.78,290.3,435.45,BBD
dc401950-2dcc-4b8b-b3ec-85f1c6526b25,MP-70,M5012857-3,ec6203e5-a809-48f9-b71c-19f55305b7a2,Megapower Office ,Edghill Building-4 Wildey Business Park,Wildey,08,BB,BB11000,,,America/Barbados,"13.093006,-59.586553",1/1/2025,1/31/2025,0,0,0,0,0,
a76307f4-bf7a-4fba-b850-6b3fe22817aa,MP-006,M5005918-6,e449d556-3bba-4833-a44f-1c7b808652f5,The Condominiums at Palm Beach,"The Condominiums at Palm Beach, Palm Beach Corporate Centre, Lower Ground Floor",Hastings,Christ Church BB15156,BB,,Megapower,7a68e918-2948-4d98-8053-506a7ad36942,America/Barbados,"13.0758939907924,-59.6029012733064",1/1/2025,1/31/2025,4,1,1195.14,147.4,221.1,BBD
7d336a40-8fd2-47d7-9688-eea144a71a13,MP-050,M5012546-7,e41091f6-9351-405f-9fb2-297976529042,Cotton Bay (Freights Bay),Freights Bay Surfers Access-00 Enterprise Coast Road,Enterprise,01,BB,BB17127,Megapower,7a68e918-2948-4d98-8053-506a7ad36942,America/Barbados,"13.05355,-59.53499",1/1/2025,1/31/2025,12,7,1731.89,213.6,309.3,BBD
ed7cde09-f76c-4a74-b8c9-35e9143736a0,MP-065,M5012546-6,57bdab15-b886-4ee5-ae47-f99fed67d66b,Cedar Court,Cedar Court Offices - CarPort-1 Wildey Business Park,Wildey,08,BB,BB11000,Megapower,7a68e918-2948-4d98-8053-506a7ad36942,America/Barbados,"13.09375,-59.585849",1/1/2025,1/31/2025,71,10,7371.89,909.2,569.25,BBD
adad2740-0e8b-4216-81cd-f68c7e759ca1,MP-003,M5004376-1,113e0ec0-46c5-440e-97a3-7fc9961afff4,Speightstown Esplanade,Speightstown Esplanade,Speightstown,St. Peter,BB,,Megapower,7a68e918-2948-4d98-8053-506a7ad36942,America/Barbados,"13.2508718611134,-59.6442456867991",1/1/2025,1/31/2025,14,4,2072.43,255.6,383.4,BBD
affdd94e-5df4-483f-8e67-004aa40a9730,MP-020,5.12101E+13,ee1be5a4-2046-4ae9-9e64-28066a8e1527,The Walk,"The Walk, Welches, St Thomas",Welches,St Thomas,BB,,,,America/Barbados,"13.155103143456,-59.6113313021413",1/1/2025,1/31/2025,0,0,0,0,0,
484ace17-61a1-4166-b6ae-ed4206be189f,MP-004,M5004376-3,3a9ad049-2559-408f-84ae-c0b36ca60b8e,Millennium Heights,N/A-N/A Welches,St. Thomas,St. Thomas,BB,BB22026,Megapower,7a68e918-2948-4d98-8053-506a7ad36942,America/St_Thomas,"13.150460382201004,-59.61058751275202",1/1/2025,1/31/2025,22,5,4400.27,542.7,814.05,BBD
97c7f6a7-7006-47d9-b131-ab4bf4588444,MP-061,M5012054-6,da62d1c4-cbd6-4389-9c49-4a8db67041cd,Sheraton Center Barbados,Sheraton Center,Sargeant’s Village,Christ Church,BB,,Megapower,7a68e918-2948-4d98-8053-506a7ad36942,America/Barbados,"13.0828117900741,-59.5666073309772",1/1/2025,1/31/2025,81,25,11312.35,1395.2,2078.1,BBD
909b0205-27ec-42ff-8db5-ca1c5c13f313,MP-073,M5012856-2,66feb7b7-5b2a-4b3a-9834-1588c486e002,Melbourne Inn,"Apartment Block-4th Ave, Dover",Bridgetown,01,BB,BB15026,Megapower,7a68e918-2948-4d98-8053-506a7ad36942,America/Barbados,"13.0660298,-59.5649616",1/1/2025,1/31/2025,25,5,1209.27,443.4,575.03,BBD
c550619e-b231-4fc8-a566-4ce8db512db8,MP-40,M5012054-3,c99c4c69-f2bf-41da-b54a-e2935d9febaf,Barbados Yacht Club,Next to Tennis Court-1 Bay Street,Bridgetown ,08,BB,BB11000,Megapower,7a68e918-2948-4d98-8053-506a7ad36942,America/Barbados,"13.083583,-59.608611",1/1/2025,1/31/2025,29,8,3487.3,430.1,645.15,BBD
8fe69ffc-3ca7-45c0-80c0-45e3d00bdea7,MP-075,M5012062-9,ec6203e5-a809-48f9-b71c-19f55305b7a2,Megapower Office ,Edghill Building-4 Wildey Business Park,Wildey,08,BB,BB11000,Megapower,7a68e918-2948-4d98-8053-506a7ad36942,America/Barbados,"13.093006,-59.586553",1/1/2025,1/31/2025,60,6,2218.36,813.4,496.8,BBD
9a445e8d-c406-4697-8eb2-ff7bb31fdcc8,MP-015,M5006097-4,a87a171b-b7a5-4dcf-a5d6-49216d3a6285,Sky Mall,Sky Mall-0 Errol Barrow Highway,Haggatt Hall,08,BB,BB19025,Megapower,7a68e918-2948-4d98-8053-506a7ad36942,America/Barbados,"13.105389,-59.579667",1/1/2025,1/31/2025,49,21,4251.08,524.3,567.3,BBD
cdae14e3-bc41-4149-be58-2c590d7448db,MP-055,M5012857-1,ee1be5a4-2046-4ae9-9e64-28066a8e1527,The Walk,"The Walk, Welches, St Thomas",Welches,St Thomas,BB,,Megapower,7a68e918-2948-4d98-8053-506a7ad36942,America/Barbados,"13.155103143456,-59.6113313021413",1/1/2025,1/31/2025,28,14,2220.81,273.9,390.52,BBD
b553f5ad-d54d-445b-8620-faea6c8380c8,MP-021,5.12101E+13,4cd66a5c-b7e0-4080-8b8e-5a23f8817deb,Limegrove,Limegrove Lifestyle Center Carpark,Holetown,St. James,BB,,Megapower,7a68e918-2948-4d98-8053-506a7ad36942,America/Barbados,"13.1865238988325,-59.6359529309767",1/1/2025,1/31/2025,37,13,314.55,524.3,917.32,BBD
6ef10fa0-880c-4209-a116-ca134d8d90b8,MP-080,M5012051-9,1f98780c-5bfe-444a-ab2d-dae32351ba57,The Mill Barbados (Millhouse),The Mill Complex-3 Canewood Industrial Park,Canewood,11,BB,BB11005,Megapower,7a68e918-2948-4d98-8053-506a7ad36942,America/Barbados,"13.147281,-59.593348",1/1/2025,1/31/2025,16,3,718.91,263.6,395.4,BBD
1be5fdf8-6f5d-485f-801f-a441c0cea6da,MP-082,M5012464-6,520e275f-4c35-4ffa-b7b5-9d6bf74c5672,One Welches Ltd,Carport-1 Welches,St.Thomas,11,BB,BB22025,Megapower,7a68e918-2948-4d98-8053-506a7ad36942,America/Barbados,"13.155162,-59.613737",1/1/2025,1/31/2025,22,2,44.73,16.4,24.6,BBD
0118cc50-cc26-4857-9824-25bfd6cd7635,MP-054,M5005323-3,587470d7-5f5f-43f7-ad3f-5ff2d1780e43,One Barbados Warrens,One Barbados Place-1 Warrens Close,Warrens,08,BB,BB23024,Megapower,7a68e918-2948-4d98-8053-506a7ad36942,America/Barbados,"13.140969,-59.60947",1/1/2025,1/31/2025,83,15,8156.76,1006,892.65,BBD
c4fdd3cf-8121-46c1-9a60-a29eb35890ee,MP-076,M5012857-2,3a9ad049-2559-408f-84ae-c0b36ca60b8e,Millennium Heights,N/A-N/A Welches,St. Thomas,St. Thomas,BB,BB22026,Megapower,7a68e918-2948-4d98-8053-506a7ad36942,America/St_Thomas,"13.150460382201004,-59.61058751275202",1/1/2025,1/31/2025,13,3,420.27,154.1,231.15,BBD
d2e3a8cc-fa40-4c16-b5d0-77f32cce9089,MP-Sunlink,M5012062-8,5a016d0f-809d-4491-ab86-994e6beddf51,SunLink,1-Thyme Bottom 1 Pimgrim Place,Bridgetown,01,BB,BB2100,,,America/Barbados,"13.074599,-59.512074",1/1/2025,1/31/2025,0,0,0,0,0,
cd6fbb27-25a6-4f04-ab90-eeaebbba5076,MP-005,M5004376-2,96069110-f22f-4d9b-a0c4-4345247e3a71,Coverley - Food Court,Coverley,,Christ Church,BB,,Megapower,7a68e918-2948-4d98-8053-506a7ad36942,America/Barbados,"13.0845981581339,-59.5015983027884",1/1/2025,1/31/2025,31,8,90,11.1,16.65,BBD
5d414d54-d677-479c-94f3-d903bae6e860,MP-081,M5012464-1,5b5caa1b-0c09-411f-a6b7-ca922aad1b22,Barbados Light & Power - Spring Garden Car PArk,Spring Garden-01 Substation Road,Bridgetown,08,BB,BB24003,Megapower,7a68e918-2948-4d98-8053-506a7ad36942,America/Guayaquil,"13.125772222570074,-59.63226024746143",1/1/2025,1/31/2025,1,1,112.09,41.1,61.65,BBD
e452d0fa-5104-4134-b5f7-ae4393adb0ad,MP-052,M5012464-10,0bef2736-d483-4d13-bc2b-1ee33e5d756d,The Crane Resort,The Crane Resort-0 Crane Road,Bridgetown,10,BB,BB18071,Megapower,7a68e918-2948-4d98-8053-506a7ad36942,America/Barbados,"13.10597,-59.44521",1/1/2025,1/31/2025,2,2,60.55,22.2,33.3,BBD
3c4f5fac-e042-4ab8-a3ad-8652036d722c,MP-002,M5005103-5,4cd66a5c-b7e0-4080-8b8e-5a23f8817deb,Limegrove,Limegrove Lifestyle Center Carpark,Holetown,St. James,BB,,Megapower,7a68e918-2948-4d98-8053-506a7ad36942,America/Barbados,"13.1865238988325,-59.6359529309767",1/1/2025,1/31/2025,90,31,4607.73,1689.5,2460.9,BBD
8fcea55b-ec15-4447-804e-6204cf251bcc,MP-013,M5006100-5,ece572a2-9643-415e-9666-25d3a9b6b200,Six Roads -Emerald City,Emerald City Supermerket Carpark-0 Highway 65,Six Roads,10,BB,BB18054,Megapower,7a68e918-2948-4d98-8053-506a7ad36942,America/Barbados,"13.1165433,-59.4761632",1/1/2025,1/31/2025,28,11,1548.65,191,286.5,BBD
95de3100-eb4b-4456-a773-f33ef3cb4200,MP-022,5.12201E+13,4f871aee-9709-4397-82af-33e26d08d1ef,Megapower Workshop,0 Wilcox Ridge,Gibbons Boggs,01,BB,BB14016,,,America/Barbados,"13.0668347,-59.5270605",2/1/2025,2/28/2025,0,0,0,0,0,
2ea1f9f0-cc80-4aae-a7f3-db98c2e8ebaa,MP-007,M5005103-10,b8895613-3968-4ea0-bf24-c573d05e9b83,BLPC Garrison,"Barbados Light And Power, Garrison Hill",Garrison,St Thomas,BB,,Megapower,7a68e918-2948-4d98-8053-506a7ad36942,America/Barbados,"13.0813384907889,-59.6077824021418",2/1/2025,2/28/2025,5,3,266.45,97.7,146.55,BBD
81c08165-7a24-4559-b0dc-f928c656f4cb,MP-059,M5012464-9,87d5bd9e-5f73-42df-ac36-34143e153ad3,Millenium Heights 2,Complex-0 Millenium Heights,Welches,11,BB,bb22130,Megapower,7a68e918-2948-4d98-8053-506a7ad36942,America/Barbados,"13.15199,-59.60893",2/1/2025,2/28/2025,9,2,1431.08,176.5,264.75,BBD
093f4449-4457-41c7-b586-3741d6b16a5b,MP-063,M5012054-4,47880a58-2c0c-48e8-9dd9-3fe2d3d1e4aa,Port St Charles (Pier One Restaurant),Port St Charles-0 Heywoods,Speightstown,09,BB,BB26013,Megapower,7a68e918-2948-4d98-8053-506a7ad36942,America/Barbados,"13.264145,-59.644266",2/1/2025,2/28/2025,48,9,6245.68,770.3,1155.45,BBD
8a1bbc63-be29-4154-b3ca-0e7c3f0fe970,MP-058,M5012464-5,520e275f-4c35-4ffa-b7b5-9d6bf74c5672,One Welches Ltd,Carport-1 Welches,St.Thomas,11,BB,BB22025,Megapower,7a68e918-2948-4d98-8053-506a7ad36942,America/Barbados,"13.155162,-59.613737",2/1/2025,2/28/2025,41,4,2797.3,345,517.5,BBD
9da3d0f0-63ba-4a70-aaf6-7f9eccdad96f,MP-051,M5007971-1,748caf8b-c112-48a3-95bd-4099149f8909,Barbados Golf Club,Barbados Golf Club -0 Durants,Durants,01,BB,17090,Megapower,7a68e918-2948-4d98-8053-506a7ad36942,America/Barbados,"13.0729306,-59.5267344",2/1/2025,2/28/2025,18,6,935.68,115.4,173.1,BBD
ce749246-2532-4e97-b2dd-acf930077ed5,MP-014,M5003364-1,59d28f4c-5148-45cf-8f6a-f4537e1477c5,One Haggatt Hall,One Haggatt Hall Complex-0 Two Mile Hill,Haggatt Hall,08,BB,BB19025,Megapower,7a68e918-2948-4d98-8053-506a7ad36942,America/Barbados,"13.1053216,-59.5822663",2/1/2025,2/28/2025,21,3,2877.57,354.9,532.35,BBD
c1964a6f-b3fa-4ffd-800c-54e9150f7292,MP-024,5.12101E+13,ee1be5a4-2046-4ae9-9e64-28066a8e1527,The Walk,"The Walk, Welches, St Thomas",Welches,St Thomas,BB,,Megapower,7a68e918-2948-4d98-8053-506a7ad36942,America/Barbados,"13.155103143456,-59.6113313021413",2/1/2025,2/28/2025,70,23,4348.64,1898,3305.58,BBD
0c45935a-2de3-4926-bb19-37e6f7a65657,MP-010,M5004376-4,5be9dd25-d9f3-43d6-850e-f93e39227ff7,City Center Mall and Carpark,0 Chapel Street,Bridgetown,08,BB,BB14018,Megapower,7a68e918-2948-4d98-8053-506a7ad36942,America/Barbados,"13.098217704116,-59.6175783039002",2/1/2025,2/28/2025,17,6,2275.95,280.7,421.05,BBD
dc401950-2dcc-4b8b-b3ec-85f1c6526b25,MP-70,M5012857-3,ec6203e5-a809-48f9-b71c-19f55305b7a2,Megapower Office ,Edghill Building-4 Wildey Business Park,Wildey,08,BB,BB11000,,,America/Barbados,"13.093006,-59.586553",2/1/2025,2/28/2025,0,0,0,0,0,
7d336a40-8fd2-47d7-9688-eea144a71a13,MP-050,M5012546-7,e41091f6-9351-405f-9fb2-297976529042,Cotton Bay (Freights Bay),Freights Bay Surfers Access-00 Enterprise Coast Road,Enterprise,01,BB,BB17127,Megapower,7a68e918-2948-4d98-8053-506a7ad36942,America/Barbados,"13.05355,-59.53499",2/1/2025,2/28/2025,11,6,3146.76,388.1,582.15,BBD
a76307f4-bf7a-4fba-b850-6b3fe22817aa,MP-006,M5005918-6,e449d556-3bba-4833-a44f-1c7b808652f5,The Condominiums at Palm Beach,"The Condominiums at Palm Beach, Palm Beach Corporate Centre, Lower Ground Floor",Hastings,Christ Church BB15156,BB,,Megapower,7a68e918-2948-4d98-8053-506a7ad36942,America/Barbados,"13.0758939907924,-59.6029012733064",2/1/2025,2/28/2025,5,1,1639.46,202.2,303.3,BBD
ed7cde09-f76c-4a74-b8c9-35e9143736a0,MP-065,M5012546-6,57bdab15-b886-4ee5-ae47-f99fed67d66b,Cedar Court,Cedar Court Offices - CarPort-1 Wildey Business Park,Wildey,08,BB,BB11000,Megapower,7a68e918-2948-4d98-8053-506a7ad36942,America/Barbados,"13.09375,-59.585849",2/1/2025,2/28/2025,42,12,5691.86,702,501.6,BBD
adad2740-0e8b-4216-81cd-f68c7e759ca1,MP-003,M5004376-1,113e0ec0-46c5-440e-97a3-7fc9961afff4,Speightstown Esplanade,Speightstown Esplanade,Speightstown,St. Peter,BB,,Megapower,7a68e918-2948-4d98-8053-506a7ad36942,America/Barbados,"13.2508718611134,-59.6442456867991",2/1/2025,2/28/2025,11,8,896.76,110.6,131.25,BBD
affdd94e-5df4-483f-8e67-004aa40a9730,MP-020,5.12101E+13,ee1be5a4-2046-4ae9-9e64-28066a8e1527,The Walk,"The Walk, Welches, St Thomas",Welches,St Thomas,BB,,,,America/Barbados,"13.155103143456,-59.6113313021413",2/1/2025,2/28/2025,0,0,0,0,0,
97c7f6a7-7006-47d9-b131-ab4bf4588444,MP-061,M5012054-6,da62d1c4-cbd6-4389-9c49-4a8db67041cd,Sheraton Center Barbados,Sheraton Center,Sargeant’s Village,Christ Church,BB,,Megapower,7a68e918-2948-4d98-8053-506a7ad36942,America/Barbados,"13.0828117900741,-59.5666073309772",2/1/2025,2/28/2025,71,25,9269.19,1143.2,1713.75,BBD
484ace17-61a1-4166-b6ae-ed4206be189f,MP-004,M5004376-3,3a9ad049-2559-408f-84ae-c0b36ca60b8e,Millennium Heights,N/A-N/A Welches,St. Thomas,St. Thomas,BB,BB22026,Megapower,7a68e918-2948-4d98-8053-506a7ad36942,America/St_Thomas,"13.150460382201004,-59.61058751275202",2/1/2025,2/28/2025,20,5,4172.43,514.6,771.9,BBD
909b0205-27ec-42ff-8db5-ca1c5c13f313,MP-073,M5012856-2,66feb7b7-5b2a-4b3a-9834-1588c486e002,Melbourne Inn,"Apartment Block-4th Ave, Dover",Bridgetown,01,BB,BB15026,Megapower,7a68e918-2948-4d98-8053-506a7ad36942,America/Barbados,"13.0660298,-59.5649616",2/1/2025,2/28/2025,14,4,1148.45,421.1,558.08,BBD
c550619e-b231-4fc8-a566-4ce8db512db8,MP-40,M5012054-3,c99c4c69-f2bf-41da-b54a-e2935d9febaf,Barbados Yacht Club,Next to Tennis Court-1 Bay Street,Bridgetown ,08,BB,BB11000,Megapower,7a68e918-2948-4d98-8053-506a7ad36942,America/Barbados,"13.083583,-59.608611",2/1/2025,2/28/2025,8,5,1323.24,163.2,244.8,BBD
8fe69ffc-3ca7-45c0-80c0-45e3d00bdea7,MP-075,M5012062-9,ec6203e5-a809-48f9-b71c-19f55305b7a2,Megapower Office ,Edghill Building-4 Wildey Business Park,Wildey,08,BB,BB11000,Megapower,7a68e918-2948-4d98-8053-506a7ad36942,America/Barbados,"13.093006,-59.586553",2/1/2025,2/28/2025,33,9,1955.18,716.9,726.3,BBD
9a445e8d-c406-4697-8eb2-ff7bb31fdcc8,MP-015,M5006097-4,a87a171b-b7a5-4dcf-a5d6-49216d3a6285,Sky Mall,Sky Mall-0 Errol Barrow Highway,Haggatt Hall,08,BB,BB19025,Megapower,7a68e918-2948-4d98-8053-506a7ad36942,America/Barbados,"13.105389,-59.579667",2/1/2025,2/28/2025,51,18,5025.41,619.8,649.35,BBD
cdae14e3-bc41-4149-be58-2c590d7448db,MP-055,M5012857-1,ee1be5a4-2046-4ae9-9e64-28066a8e1527,The Walk,"The Walk, Welches, St Thomas",Welches,St Thomas,BB,,Megapower,7a68e918-2948-4d98-8053-506a7ad36942,America/Barbados,"13.155103143456,-59.6113313021413",2/1/2025,2/28/2025,15,9,807.57,99.6,149.4,BBD
b553f5ad-d54d-445b-8620-faea6c8380c8,MP-021,5.12101E+13,4cd66a5c-b7e0-4080-8b8e-5a23f8817deb,Limegrove,Limegrove Lifestyle Center Carpark,Holetown,St. James,BB,,Megapower,7a68e918-2948-4d98-8053-506a7ad36942,America/Barbados,"13.1865238988325,-59.6359529309767",2/1/2025,2/28/2025,19,8,140.84,234.7,410.79,BBD
6ef10fa0-880c-4209-a116-ca134d8d90b8,MP-080,M5012051-9,1f98780c-5bfe-444a-ab2d-dae32351ba57,The Mill Barbados (Millhouse),The Mill Complex-3 Canewood Industrial Park,Canewood,11,BB,BB11005,Megapower,7a68e918-2948-4d98-8053-506a7ad36942,America/Barbados,"13.147281,-59.593348",2/1/2025,2/28/2025,17,6,475.64,174.4,261.6,BBD
1be5fdf8-6f5d-485f-801f-a441c0cea6da,MP-082,M5012464-6,520e275f-4c35-4ffa-b7b5-9d6bf74c5672,One Welches Ltd,Carport-1 Welches,St.Thomas,11,BB,BB22025,Megapower,7a68e918-2948-4d98-8053-506a7ad36942,America/Barbados,"13.155162,-59.613737",2/1/2025,2/28/2025,14,2,38.73,14.2,21.3,BBD
0118cc50-cc26-4857-9824-25bfd6cd7635,MP-054,M5005323-3,587470d7-5f5f-43f7-ad3f-5ff2d1780e43,One Barbados Warrens,One Barbados Place-1 Warrens Close,Warrens,08,BB,BB23024,Megapower,7a68e918-2948-4d98-8053-506a7ad36942,America/Barbados,"13.140969,-59.60947",2/1/2025,2/28/2025,87,14,6415.92,791.3,800.55,BBD
c4fdd3cf-8121-46c1-9a60-a29eb35890ee,MP-076,M5012857-2,3a9ad049-2559-408f-84ae-c0b36ca60b8e,Millennium Heights,N/A-N/A Welches,St. Thomas,St. Thomas,BB,BB22026,Megapower,7a68e918-2948-4d98-8053-506a7ad36942,America/St_Thomas,"13.150460382201004,-59.61058751275202",2/1/2025,2/28/2025,11,3,552.55,202.6,303.9,BBD
d2e3a8cc-fa40-4c16-b5d0-77f32cce9089,MP-Sunlink,M5012062-8,5a016d0f-809d-4491-ab86-994e6beddf51,SunLink,1-Thyme Bottom 1 Pimgrim Place,Bridgetown,01,BB,BB2100,,,America/Barbados,"13.074599,-59.512074",2/1/2025,2/28/2025,0,0,0,0,0,
cd6fbb27-25a6-4f04-ab90-eeaebbba5076,MP-005,M5004376-2,96069110-f22f-4d9b-a0c4-4345247e3a71,Coverley - Food Court,Coverley,,Christ Church,BB,,Megapower,7a68e918-2948-4d98-8053-506a7ad36942,America/Barbados,"13.0845981581339,-59.5015983027884",2/1/2025,2/28/2025,16,9,1080.81,133.3,53.25,BBD
e452d0fa-5104-4134-b5f7-ae4393adb0ad,MP-052,M5012464-10,0bef2736-d483-4d13-bc2b-1ee33e5d756d,The Crane Resort,The Crane Resort-0 Crane Road,Bridgetown,10,BB,BB18071,Megapower,7a68e918-2948-4d98-8053-506a7ad36942,America/Barbados,"13.10597,-59.44521",2/1/2025,2/28/2025,2,1,30,11,16.5,BBD
5d414d54-d677-479c-94f3-d903bae6e860,MP-081,M5012464-1,5b5caa1b-0c09-411f-a6b7-ca922aad1b22,Barbados Light & Power - Spring Garden Car PArk,Spring Garden-01 Substation Road,Bridgetown,08,BB,BB24003,,,America/Guayaquil,"13.125772222570074,-59.63226024746143",2/1/2025,2/28/2025,0,0,0,0,0,
3c4f5fac-e042-4ab8-a3ad-8652036d722c,MP-002,M5005103-5,4cd66a5c-b7e0-4080-8b8e-5a23f8817deb,Limegrove,Limegrove Lifestyle Center Carpark,Holetown,St. James,BB,,Megapower,7a68e918-2948-4d98-8053-506a7ad36942,America/Barbados,"13.1865238988325,-59.6359529309767",2/1/2025,2/28/2025,95,34,4293.55,1574.3,2316.45,BBD
8fcea55b-ec15-4447-804e-6204cf251bcc,MP-013,M5006100-5,ece572a2-9643-415e-9666-25d3a9b6b200,Six Roads -Emerald City,Emerald City Supermerket Carpark-0 Highway 65,Six Roads,10,BB,BB18054,Megapower,7a68e918-2948-4d98-8053-506a7ad36942,America/Barbados,"13.1165433,-59.4761632",2/1/2025,2/28/2025,16,10,879.73,108.5,162.75,BBD
95de3100-eb4b-4456-a773-f33ef3cb4200,MP-022,5.12201E+13,4f871aee-9709-4397-82af-33e26d08d1ef,Megapower Workshop,0 Wilcox Ridge,Gibbons Boggs,01,BB,BB14016,,,America/Barbados,"13.0668347,-59.5270605",3/1/2025,3/31/2025,0,0,0,0,0,
2ea1f9f0-cc80-4aae-a7f3-db98c2e8ebaa,MP-007,M5005103-10,b8895613-3968-4ea0-bf24-c573d05e9b83,BLPC Garrison,"Barbados Light And Power, Garrison Hill",Garrison,St Thomas,BB,,Megapower,7a68e918-2948-4d98-8053-506a7ad36942,America/Barbados,"13.0813384907889,-59.6077824021418",3/1/2025,3/31/2025,4,3,144.27,52.9,79.35,BBD
5c2202cf-570a-4fa3-a18d-028cac995d63,MP-100,M5012550-2,1010de57-3850-44bd-87e1-c8e5c734fd74,Megapower Lower Estate,Orange Building -1 Megapower Lower Estate,Lower Estate Road,08,BB,BB2100,,,America/Barbados,"13.133618,-59.580635",3/1/2025,3/31/2025,0,0,0,0,0,
81c08165-7a24-4559-b0dc-f928c656f4cb,MP-059,M5012464-9,87d5bd9e-5f73-42df-ac36-34143e153ad3,Millenium Heights 2,Complex-0 Millenium Heights,Welches,11,BB,bb22130,Megapower,7a68e918-2948-4d98-8053-506a7ad36942,America/Barbados,"13.15199,-59.60893",3/1/2025,3/31/2025,10,2,1922.43,237.1,355.65,BBD
093f4449-4457-41c7-b586-3741d6b16a5b,MP-063,M5012054-4,47880a58-2c0c-48e8-9dd9-3fe2d3d1e4aa,Port St Charles (Pier One Restaurant),Port St Charles-0 Heywoods,Speightstown,09,BB,BB26013,Megapower,7a68e918-2948-4d98-8053-506a7ad36942,America/Barbados,"13.264145,-59.644266",3/1/2025,3/31/2025,23,8,3728.11,459.8,689.7,BBD
8a1bbc63-be29-4154-b3ca-0e7c3f0fe970,MP-058,M5012464-5,520e275f-4c35-4ffa-b7b5-9d6bf74c5672,One Welches Ltd,Carport-1 Welches,St.Thomas,11,BB,BB22025,Megapower,7a68e918-2948-4d98-8053-506a7ad36942,America/Barbados,"13.155162,-59.613737",3/1/2025,3/31/2025,39,5,2839.46,350.2,525.3,BBD
9da3d0f0-63ba-4a70-aaf6-7f9eccdad96f,MP-051,M5007971-1,748caf8b-c112-48a3-95bd-4099149f8909,Barbados Golf Club,Barbados Golf Club -0 Durants,Durants,01,BB,17090,Megapower,7a68e918-2948-4d98-8053-506a7ad36942,America/Barbados,"13.0729306,-59.5267344",3/1/2025,3/31/2025,10,5,403.78,49.8,74.7,BBD
3caaf783-710a-465e-b5d6-4f94da061478,MP-074,M5005323-3,587470d7-5f5f-43f7-ad3f-5ff2d1780e43,One Barbados Warrens,One Barbados Place-1 Warrens Close,Warrens,08,BB,BB23024,Megapower,7a68e918-2948-4d98-8053-506a7ad36942,America/Barbados,"13.140969,-59.60947",3/1/2025,3/31/2025,17,8,523.09,191.8,191.4,BBD
ce749246-2532-4e97-b2dd-acf930077ed5,MP-014,M5003364-1,59d28f4c-5148-45cf-8f6a-f4537e1477c5,One Haggatt Hall,One Haggatt Hall Complex-0 Two Mile Hill,Haggatt Hall,08,BB,BB19025,Megapower,7a68e918-2948-4d98-8053-506a7ad36942,America/Barbados,"13.1053216,-59.5822663",3/1/2025,3/31/2025,11,3,2177.03,268.5,366.75,BBD
c1964a6f-b3fa-4ffd-800c-54e9150f7292,MP-024,5.12101E+13,ee1be5a4-2046-4ae9-9e64-28066a8e1527,The Walk,"The Walk, Welches, St Thomas",Welches,St Thomas,BB,,Megapower,7a68e918-2948-4d98-8053-506a7ad36942,America/Barbados,"13.155103143456,-59.6113313021413",3/1/2025,3/31/2025,107,39,6380.55,2758.6,4652.46,BBD
0c45935a-2de3-4926-bb19-37e6f7a65657,MP-010,M5004376-4,5be9dd25-d9f3-43d6-850e-f93e39227ff7,City Center Mall and Carpark,0 Chapel Street,Bridgetown,08,BB,BB14018,Megapower,7a68e918-2948-4d98-8053-506a7ad36942,America/Barbados,"13.098217704116,-59.6175783039002",3/1/2025,3/31/2025,14,5,1818.65,224.3,336.45,BBD
dc401950-2dcc-4b8b-b3ec-85f1c6526b25,MP-70,M5012857-3,ec6203e5-a809-48f9-b71c-19f55305b7a2,Megapower Office ,Edghill Building-4 Wildey Business Park,Wildey,08,BB,BB11000,,,America/Barbados,"13.093006,-59.586553",3/1/2025,3/31/2025,0,0,0,0,0,
a76307f4-bf7a-4fba-b850-6b3fe22817aa,MP-006,M5005918-6,e449d556-3bba-4833-a44f-1c7b808652f5,The Condominiums at Palm Beach,"The Condominiums at Palm Beach, Palm Beach Corporate Centre, Lower Ground Floor",Hastings,Christ Church BB15156,BB,,Megapower,7a68e918-2948-4d98-8053-506a7ad36942,America/Barbados,"13.0758939907924,-59.6029012733064",3/1/2025,3/31/2025,8,3,2732.43,337,505.5,BBD
7d336a40-8fd2-47d7-9688-eea144a71a13,MP-050,M5012546-7,e41091f6-9351-405f-9fb2-297976529042,Cotton Bay (Freights Bay),Freights Bay Surfers Access-00 Enterprise Coast Road,Enterprise,01,BB,BB17127,Megapower,7a68e918-2948-4d98-8053-506a7ad36942,America/Barbados,"13.05355,-59.53499",3/1/2025,3/31/2025,13,7,4677.57,576.9,865.35,BBD
adad2740-0e8b-4216-81cd-f68c7e759ca1,MP-003,M5004376-1,113e0ec0-46c5-440e-97a3-7fc9961afff4,Speightstown Esplanade,Speightstown Esplanade,Speightstown,St. Peter,BB,,Megapower,7a68e918-2948-4d98-8053-506a7ad36942,America/Barbados,"13.2508718611134,-59.6442456867991",3/1/2025,3/31/2025,8,5,1192.7,147.1,220.65,BBD
ed7cde09-f76c-4a74-b8c9-35e9143736a0,MP-065,M5012546-6,57bdab15-b886-4ee5-ae47-f99fed67d66b,Cedar Court,Cedar Court Offices - CarPort-1 Wildey Business Park,Wildey,08,BB,BB11000,Megapower,7a68e918-2948-4d98-8053-506a7ad36942,America/Barbados,"13.09375,-59.585849",3/1/2025,3/31/2025,10,4,1872.16,230.9,141.3,BBD
affdd94e-5df4-483f-8e67-004aa40a9730,MP-020,5.12101E+13,ee1be5a4-2046-4ae9-9e64-28066a8e1527,The Walk,"The Walk, Welches, St Thomas",Welches,St Thomas,BB,,,,America/Barbados,"13.155103143456,-59.6113313021413",3/1/2025,3/31/2025,0,0,0,0,0,
97c7f6a7-7006-47d9-b131-ab4bf4588444,MP-061,M5012054-6,da62d1c4-cbd6-4389-9c49-4a8db67041cd,Sheraton Center Barbados,Sheraton Center,Sargeant’s Village,Christ Church,BB,,Megapower,7a68e918-2948-4d98-8053-506a7ad36942,America/Barbados,"13.0828117900741,-59.5666073309772",3/1/2025,3/31/2025,81,23,10295.68,1269.8,1683.9,BBD
484ace17-61a1-4166-b6ae-ed4206be189f,MP-004,M5004376-3,3a9ad049-2559-408f-84ae-c0b36ca60b8e,Millennium Heights,N/A-N/A Welches,St. Thomas,St. Thomas,BB,BB22026,Megapower,7a68e918-2948-4d98-8053-506a7ad36942,America/St_Thomas,"13.150460382201004,-59.61058751275202",3/1/2025,3/31/2025,17,5,3511.62,433.1,649.65,BBD
909b0205-27ec-42ff-8db5-ca1c5c13f313,MP-073,M5012856-2,66feb7b7-5b2a-4b3a-9834-1588c486e002,Melbourne Inn,"Apartment Block-4th Ave, Dover",Bridgetown,01,BB,BB15026,Megapower,7a68e918-2948-4d98-8053-506a7ad36942,America/Barbados,"13.0660298,-59.5649616",3/1/2025,3/31/2025,20,6,1094.63,401.5,519.92,BBD
c550619e-b231-4fc8-a566-4ce8db512db8,MP-40,M5012054-3,c99c4c69-f2bf-41da-b54a-e2935d9febaf,Barbados Yacht Club,Next to Tennis Court-1 Bay Street,Bridgetown ,08,BB,BB11000,Megapower,7a68e918-2948-4d98-8053-506a7ad36942,America/Barbados,"13.083583,-59.608611",3/1/2025,3/31/2025,40,7,2374.6,292.9,439.35,BBD
8fe69ffc-3ca7-45c0-80c0-45e3d00bdea7,MP-075,M5012062-9,ec6203e5-a809-48f9-b71c-19f55305b7a2,Megapower Office ,Edghill Building-4 Wildey Business Park,Wildey,08,BB,BB11000,Megapower,7a68e918-2948-4d98-8053-506a7ad36942,America/Barbados,"13.093006,-59.586553",3/1/2025,3/31/2025,15,4,934.36,342.6,102.15,BBD
9a445e8d-c406-4697-8eb2-ff7bb31fdcc8,MP-015,M5006097-4,a87a171b-b7a5-4dcf-a5d6-49216d3a6285,Sky Mall,Sky Mall-0 Errol Barrow Highway,Haggatt Hall,08,BB,BB19025,Megapower,7a68e918-2948-4d98-8053-506a7ad36942,America/Barbados,"13.105389,-59.579667",3/1/2025,3/31/2025,79,19,7628.11,940.8,1006.35,BBD
cdae14e3-bc41-4149-be58-2c590d7448db,MP-055,M5012857-1,ee1be5a4-2046-4ae9-9e64-28066a8e1527,The Walk,"The Walk, Welches, St Thomas",Welches,St Thomas,BB,,Megapower,7a68e918-2948-4d98-8053-506a7ad36942,America/Barbados,"13.155103143456,-59.6113313021413",3/1/2025,3/31/2025,26,18,1652.95,203.9,304.8,BBD
b553f5ad-d54d-445b-8620-faea6c8380c8,MP-021,5.12101E+13,4cd66a5c-b7e0-4080-8b8e-5a23f8817deb,Limegrove,Limegrove Lifestyle Center Carpark,Holetown,St. James,BB,,Megapower,7a68e918-2948-4d98-8053-506a7ad36942,America/Barbados,"13.1865238988325,-59.6359529309767",3/1/2025,3/31/2025,22,8,110.87,185.2,323.37,BBD
6ef10fa0-880c-4209-a116-ca134d8d90b8,MP-080,M5012051-9,1f98780c-5bfe-444a-ab2d-dae32351ba57,The Mill Barbados (Millhouse),The Mill Complex-3 Canewood Industrial Park,Canewood,11,BB,BB11005,Megapower,7a68e918-2948-4d98-8053-506a7ad36942,America/Barbados,"13.147281,-59.593348",3/1/2025,3/31/2025,17,5,1190.18,436.4,100.65,BBD
1be5fdf8-6f5d-485f-801f-a441c0cea6da,MP-082,M5012464-6,520e275f-4c35-4ffa-b7b5-9d6bf74c5672,One Welches Ltd,Carport-1 Welches,St.Thomas,11,BB,BB22025,Megapower,7a68e918-2948-4d98-8053-506a7ad36942,America/Barbados,"13.155162,-59.613737",3/1/2025,3/31/2025,19,3,37.91,13.9,20.85,BBD
0118cc50-cc26-4857-9824-25bfd6cd7635,MP-054,M5012064-2,587470d7-5f5f-43f7-ad3f-5ff2d1780e43,One Barbados Warrens,One Barbados Place-1 Warrens Close,Warrens,08,BB,BB23024,Megapower,7a68e918-2948-4d98-8053-506a7ad36942,America/Barbados,"13.140969,-59.60947",3/1/2025,3/31/2025,75,17,6019.46,742.4,696.45,BBD
c4fdd3cf-8121-46c1-9a60-a29eb35890ee,MP-076,M5012857-2,3a9ad049-2559-408f-84ae-c0b36ca60b8e,Millennium Heights,N/A-N/A Welches,St. Thomas,St. Thomas,BB,BB22026,Megapower,7a68e918-2948-4d98-8053-506a7ad36942,America/St_Thomas,"13.150460382201004,-59.61058751275202",3/1/2025,3/31/2025,8,1,523.64,192,288,BBD
d2e3a8cc-fa40-4c16-b5d0-77f32cce9089,MP-Sunlink,M5012062-8,5a016d0f-809d-4491-ab86-994e6beddf51,SunLink,1-Thyme Bottom 1 Pimgrim Place,Bridgetown,01,BB,BB2100,,,America/Barbados,"13.074599,-59.512074",3/1/2025,3/31/2025,0,0,0,0,0,
cd6fbb27-25a6-4f04-ab90-eeaebbba5076,MP-005,M5004376-2,96069110-f22f-4d9b-a0c4-4345247e3a71,Coverley - Food Court,Coverley,,Christ Church,BB,,Megapower,7a68e918-2948-4d98-8053-506a7ad36942,America/Barbados,"13.0845981581339,-59.5015983027884",3/1/2025,3/31/2025,23,9,1406.76,173.5,260.25,BBD
5d414d54-d677-479c-94f3-d903bae6e860,MP-081,M5012464-1,5b5caa1b-0c09-411f-a6b7-ca922aad1b22,Barbados Light & Power - Spring Garden Car PArk,Spring Garden-01 Substation Road,Bridgetown,08,BB,BB24003,Megapower,7a68e918-2948-4d98-8053-506a7ad36942,America/Guayaquil,"13.125772222570074,-59.63226024746143",3/1/2025,3/31/2025,1,1,59.45,21.8,32.7,BBD
e452d0fa-5104-4134-b5f7-ae4393adb0ad,MP-052,M5012464-10,0bef2736-d483-4d13-bc2b-1ee33e5d756d,The Crane Resort,The Crane Resort-0 Crane Road,Bridgetown,10,BB,BB18071,Megapower,7a68e918-2948-4d98-8053-506a7ad36942,America/Barbados,"13.10597,-59.44521",3/1/2025,3/31/2025,4,3,244.09,89.5,134.25,BBD
3c4f5fac-e042-4ab8-a3ad-8652036d722c,MP-002,M5005103-5,4cd66a5c-b7e0-4080-8b8e-5a23f8817deb,Limegrove,Limegrove Lifestyle Center Carpark,Holetown,St. James,BB,,Megapower,7a68e918-2948-4d98-8053-506a7ad36942,America/Barbados,"13.1865238988325,-59.6359529309767",3/1/2025,3/31/2025,73,37,4344.82,1593.1,2344.65,BBD
8fcea55b-ec15-4447-804e-6204cf251bcc,MP-013,M5006100-5,ece572a2-9643-415e-9666-25d3a9b6b200,Six Roads -Emerald City,Emerald City Supermerket Carpark-0 Highway 65,Six Roads,10,BB,BB18054,Megapower,7a68e918-2948-4d98-8053-506a7ad36942,America/Barbados,"13.1165433,-59.4761632",3/1/2025,3/31/2025,31,11,1857.57,229.1,343.65,BBD
95de3100-eb4b-4456-a773-f33ef3cb4200,MP-022,5.12201E+13,4f871aee-9709-4397-82af-33e26d08d1ef,Megapower Workshop,0 Wilcox Ridge,Gibbons Boggs,01,BB,BB14016,,,America/Barbados,"13.0668347,-59.5270605",4/1/2025,4/30/2025,0,0,0,0,0,
2ea1f9f0-cc80-4aae-a7f3-db98c2e8ebaa,MP-007,M5005103-10,b8895613-3968-4ea0-bf24-c573d05e9b83,BLPC Garrison,"Barbados Light And Power, Garrison Hill",Garrison,St Thomas,BB,,,,America/Barbados,"13.0813384907889,-59.6077824021418",4/1/2025,4/30/2025,0,0,0,0,0,
5c2202cf-570a-4fa3-a18d-028cac995d63,MP-100,M5012550-2,1010de57-3850-44bd-87e1-c8e5c734fd74,Megapower Lower Estate,Orange Building -1 Megapower Lower Estate,Lower Estate Road,08,BB,BB2100,,,America/Barbados,"13.133618,-59.580635",4/1/2025,4/30/2025,0,0,0,0,0,
81c08165-7a24-4559-b0dc-f928c656f4cb,MP-059,M5012464-9,87d5bd9e-5f73-42df-ac36-34143e153ad3,Millenium Heights 2,Complex-0 Millenium Heights,Welches,11,BB,bb22130,Megapower,7a68e918-2948-4d98-8053-506a7ad36942,America/Barbados,"13.15199,-59.60893",4/1/2025,4/30/2025,8,3,1730.27,213.4,320.1,BBD
093f4449-4457-41c7-b586-3741d6b16a5b,MP-063,M5012054-4,47880a58-2c0c-48e8-9dd9-3fe2d3d1e4aa,Port St Charles (Pier One Restaurant),Port St Charles-0 Heywoods,Speightstown,09,BB,BB26013,Megapower,7a68e918-2948-4d98-8053-506a7ad36942,America/Barbados,"13.264145,-59.644266",4/1/2025,4/30/2025,20,5,2781.89,343.1,514.65,BBD
8a1bbc63-be29-4154-b3ca-0e7c3f0fe970,MP-058,M5012464-5,520e275f-4c35-4ffa-b7b5-9d6bf74c5672,One Welches Ltd,Carport-1 Welches,St.Thomas,11,BB,BB22025,Megapower,7a68e918-2948-4d98-8053-506a7ad36942,America/Barbados,"13.155162,-59.613737",4/1/2025,4/30/2025,29,4,2487.57,306.8,460.2,BBD
9da3d0f0-63ba-4a70-aaf6-7f9eccdad96f,MP-051,M5007971-1,748caf8b-c112-48a3-95bd-4099149f8909,Barbados Golf Club,Barbados Golf Club -0 Durants,Durants,01,BB,17090,Megapower,7a68e918-2948-4d98-8053-506a7ad36942,America/Barbados,"13.0729306,-59.5267344",4/1/2025,4/30/2025,13,6,2421.08,298.6,447.9,BBD
3caaf783-710a-465e-b5d6-4f94da061478,MP-074,M5005323-3,587470d7-5f5f-43f7-ad3f-5ff2d1780e43,One Barbados Warrens,One Barbados Place-1 Warrens Close,Warrens,08,BB,BB23024,Megapower,7a68e918-2948-4d98-8053-506a7ad36942,America/Barbados,"13.140969,-59.60947",4/1/2025,4/30/2025,66,12,2155.36,790.3,835.8,BBD
ce749246-2532-4e97-b2dd-acf930077ed5,MP-014,M5003364-1,59d28f4c-5148-45cf-8f6a-f4537e1477c5,One Haggatt Hall,One Haggatt Hall Complex-0 Two Mile Hill,Haggatt Hall,08,BB,BB19025,Megapower,7a68e918-2948-4d98-8053-506a7ad36942,America/Barbados,"13.1053216,-59.5822663",4/1/2025,4/30/2025,8,3,771.08,95.1,142.65,BBD
c1964a6f-b3fa-4ffd-800c-54e9150f7292,MP-024,5.12101E+13,ee1be5a4-2046-4ae9-9e64-28066a8e1527,The Walk,"The Walk, Welches, St Thomas",Welches,St Thomas,BB,,Megapower,7a68e918-2948-4d98-8053-506a7ad36942,America/Barbados,"13.155103143456,-59.6113313021413",4/1/2025,4/30/2025,133,44,7079.44,3092.8,5125.75,BBD
0c45935a-2de3-4926-bb19-37e6f7a65657,MP-010,M5004376-4,5be9dd25-d9f3-43d6-850e-f93e39227ff7,City Center Mall and Carpark,0 Chapel Street,Bridgetown,08,BB,BB14018,Megapower,7a68e918-2948-4d98-8053-506a7ad36942,America/Barbados,"13.098217704116,-59.6175783039002",4/1/2025,4/30/2025,14,6,2143.78,264.4,396.6,BBD
a76307f4-bf7a-4fba-b850-6b3fe22817aa,MP-006,M5005918-6,e449d556-3bba-4833-a44f-1c7b808652f5,The Condominiums at Palm Beach,"The Condominiums at Palm Beach, Palm Beach Corporate Centre, Lower Ground Floor",Hastings,Christ Church BB15156,BB,,Megapower,7a68e918-2948-4d98-8053-506a7ad36942,America/Barbados,"13.0758939907924,-59.6029012733064",4/1/2025,4/30/2025,8,3,1341.04,165.4,248.1,BBD
7d336a40-8fd2-47d7-9688-eea144a71a13,MP-050,M5012546-7,e41091f6-9351-405f-9fb2-297976529042,Cotton Bay (Freights Bay),Freights Bay Surfers Access-00 Enterprise Coast Road,Enterprise,01,BB,BB17127,Megapower,7a68e918-2948-4d98-8053-506a7ad36942,America/Barbados,"13.05355,-59.53499",4/1/2025,4/30/2025,5,3,3032.43,374,561,BBD
adad2740-0e8b-4216-81cd-f68c7e759ca1,MP-003,M5004376-1,113e0ec0-46c5-440e-97a3-7fc9961afff4,Speightstown Esplanade,Speightstown Esplanade,Speightstown,St. Peter,BB,,Megapower,7a68e918-2948-4d98-8053-506a7ad36942,America/Barbados,"13.2508718611134,-59.6442456867991",4/1/2025,4/30/2025,7,3,786.49,97,137.4,BBD
ed7cde09-f76c-4a74-b8c9-35e9143736a0,MP-065,M5012546-6,57bdab15-b886-4ee5-ae47-f99fed67d66b,Cedar Court,Cedar Court Offices - CarPort-1 Wildey Business Park,Wildey,08,BB,BB11000,,,America/Barbados,"13.09375,-59.585849",4/1/2025,4/30/2025,0,0,0,0,0,
affdd94e-5df4-483f-8e67-004aa40a9730,MP-020,5.12101E+13,ee1be5a4-2046-4ae9-9e64-28066a8e1527,The Walk,"The Walk, Welches, St Thomas",Welches,St Thomas,BB,,,,America/Barbados,"13.155103143456,-59.6113313021413",4/1/2025,4/30/2025,0,0,0,0,0,
97c7f6a7-7006-47d9-b131-ab4bf4588444,MP-061,M5012054-6,da62d1c4-cbd6-4389-9c49-4a8db67041cd,Sheraton Center Barbados,Sheraton Center,Sargeant’s Village,Christ Church,BB,,Megapower,7a68e918-2948-4d98-8053-506a7ad36942,America/Barbados,"13.0828117900741,-59.5666073309772",4/1/2025,4/30/2025,79,23,9488.91,1170.3,1539.9,BBD
484ace17-61a1-4166-b6ae-ed4206be189f,MP-004,M5004376-3,3a9ad049-2559-408f-84ae-c0b36ca60b8e,Millennium Heights,N/A-N/A Welches,St. Thomas,St. Thomas,BB,BB22026,Megapower,7a68e918-2948-4d98-8053-506a7ad36942,America/St_Thomas,"13.150460382201004,-59.61058751275202",4/1/2025,4/30/2025,17,3,2663.51,328.5,492.75,BBD
909b0205-27ec-42ff-8db5-ca1c5c13f313,MP-073,M5012856-2,66feb7b7-5b2a-4b3a-9834-1588c486e002,Melbourne Inn,"Apartment Block-4th Ave, Dover",Bridgetown,01,BB,BB15026,Megapower,7a68e918-2948-4d98-8053-506a7ad36942,America/Barbados,"13.0660298,-59.5649616",4/1/2025,4/30/2025,19,4,1132.36,415.2,539.7,BBD
c550619e-b231-4fc8-a566-4ce8db512db8,MP-40,M5012054-3,c99c4c69-f2bf-41da-b54a-e2935d9febaf,Barbados Yacht Club,Next to Tennis Court-1 Bay Street,Bridgetown ,08,BB,BB11000,Megapower,7a68e918-2948-4d98-8053-506a7ad36942,America/Barbados,"13.083583,-59.608611",4/1/2025,4/30/2025,28,5,3374.59,416.2,624.3,BBD
8fe69ffc-3ca7-45c0-80c0-45e3d00bdea7,MP-075,M5012062-9,ec6203e5-a809-48f9-b71c-19f55305b7a2,Megapower Office ,Edghill Building-4 Wildey Business Park,Wildey,08,BB,BB11000,Megapower,7a68e918-2948-4d98-8053-506a7ad36942,America/Barbados,"13.093006,-59.586553",4/1/2025,4/30/2025,12,4,300.55,110.2,165.3,BBD
9a445e8d-c406-4697-8eb2-ff7bb31fdcc8,MP-015,M5006097-4,a87a171b-b7a5-4dcf-a5d6-49216d3a6285,Sky Mall,Sky Mall-0 Errol Barrow Highway,Haggatt Hall,08,BB,BB19025,Megapower,7a68e918-2948-4d98-8053-506a7ad36942,America/Barbados,"13.105389,-59.579667",4/1/2025,4/30/2025,54,21,4952.43,610.8,679.05,BBD
cdae14e3-bc41-4149-be58-2c590d7448db,MP-055,M5012857-1,ee1be5a4-2046-4ae9-9e64-28066a8e1527,The Walk,"The Walk, Welches, St Thomas",Welches,St Thomas,BB,,Megapower,7a68e918-2948-4d98-8053-506a7ad36942,America/Barbados,"13.155103143456,-59.6113313021413",4/1/2025,4/30/2025,17,12,1371.76,169.2,151.35,BBD
b553f5ad-d54d-445b-8620-faea6c8380c8,MP-021,5.12101E+13,4cd66a5c-b7e0-4080-8b8e-5a23f8817deb,Limegrove,Limegrove Lifestyle Center Carpark,Holetown,St. James,BB,,Megapower,7a68e918-2948-4d98-8053-506a7ad36942,America/Barbados,"13.1865238988325,-59.6359529309767",4/1/2025,4/30/2025,24,11,136.69,242.1,398.67,BBD
6ef10fa0-880c-4209-a116-ca134d8d90b8,MP-080,M5012051-9,1f98780c-5bfe-444a-ab2d-dae32351ba57,The Mill Barbados (Millhouse),The Mill Complex-3 Canewood Industrial Park,Canewood,11,BB,BB11005,Megapower,7a68e918-2948-4d98-8053-506a7ad36942,America/Barbados,"13.147281,-59.593348",4/1/2025,4/30/2025,5,4,113.45,41.6,56.4,BBD
fce190a2-fec7-4c52-9605-d6a0027643ba,MP-054,M5012857-4,eafb79a1-0af7-4e3a-888e-7603bd359dc1,W Mall Welches St.Thomas ,Courts -1 W MAll,St.Thomas,11,BB,BB2100,,,America/Barbados,"13.15586,-59.6141",4/1/2025,4/30/2025,0,0,0,0,0,
1be5fdf8-6f5d-485f-801f-a441c0cea6da,MP-082,M5012464-6,520e275f-4c35-4ffa-b7b5-9d6bf74c5672,One Welches Ltd,Carport-1 Welches,St.Thomas,11,BB,BB22025,Megapower,7a68e918-2948-4d98-8053-506a7ad36942,America/Barbados,"13.155162,-59.613737",4/1/2025,4/30/2025,15,2,14.18,5.2,7.8,BBD
0118cc50-cc26-4857-9824-25bfd6cd7635,MP-054,M5012064-2,1010de57-3850-44bd-87e1-c8e5c734fd74,Megapower Lower Estate,Orange Building -1 Megapower Lower Estate,Lower Estate Road,08,BB,BB2100,Megapower,7a68e918-2948-4d98-8053-506a7ad36942,America/Barbados,"13.133618,-59.580635",4/1/2025,4/30/2025,20,2,668.11,82.4,0,BBD
c4fdd3cf-8121-46c1-9a60-a29eb35890ee,MP-076,M5012857-2,3a9ad049-2559-408f-84ae-c0b36ca60b8e,Millennium Heights,N/A-N/A Welches,St. Thomas,St. Thomas,BB,BB22026,Megapower,7a68e918-2948-4d98-8053-506a7ad36942,America/St_Thomas,"13.150460382201004,-59.61058751275202",4/1/2025,4/30/2025,12,3,491.18,180.1,270.15,BBD
d2e3a8cc-fa40-4c16-b5d0-77f32cce9089,MP-Sunlink,M5012062-8,5a016d0f-809d-4491-ab86-994e6beddf51,SunLink,1-Thyme Bottom 1 Pimgrim Place,Bridgetown,01,BB,BB2100,,,America/Barbados,"13.074599,-59.512074",4/1/2025,4/30/2025,0,0,0,0,0,
cd6fbb27-25a6-4f04-ab90-eeaebbba5076,MP-005,M5004376-2,96069110-f22f-4d9b-a0c4-4345247e3a71,Coverley - Food Court,Coverley,,Christ Church,BB,,Megapower,7a68e918-2948-4d98-8053-506a7ad36942,America/Barbados,"13.0845981581339,-59.5015983027884",4/1/2025,4/30/2025,11,7,462.16,57,85.5,BBD
f9fd5693-311d-4129-9214-ffad34cfd53c,MP-073,M50100000-10,eafb79a1-0af7-4e3a-888e-7603bd359dc1,W Mall Welches St.Thomas ,Courts -1 W MAll,St.Thomas,11,BB,BB2100,,,America/Barbados,"13.15586,-59.6141",4/1/2025,4/30/2025,0,0,0,0,0,
e452d0fa-5104-4134-b5f7-ae4393adb0ad,MP-052,M5012464-10,0bef2736-d483-4d13-bc2b-1ee33e5d756d,The Crane Resort,The Crane Resort-0 Crane Road,Bridgetown,10,BB,BB18071,Megapower,7a68e918-2948-4d98-8053-506a7ad36942,America/Barbados,"13.10597,-59.44521",4/1/2025,4/30/2025,2,2,270.55,99.2,148.8,BBD
5d414d54-d677-479c-94f3-d903bae6e860,MP-081,M5012464-1,5b5caa1b-0c09-411f-a6b7-ca922aad1b22,Barbados Light & Power - Spring Garden Car PArk,Spring Garden-01 Substation Road,Bridgetown,08,BB,BB24003,Megapower,7a68e918-2948-4d98-8053-506a7ad36942,America/Guayaquil,"13.125772222570074,-59.63226024746143",4/1/2025,4/30/2025,1,1,17.45,6.4,9.6,BBD
3c4f5fac-e042-4ab8-a3ad-8652036d722c,MP-002,M5005103-5,4cd66a5c-b7e0-4080-8b8e-5a23f8817deb,Limegrove,Limegrove Lifestyle Center Carpark,Holetown,St. James,BB,,Megapower,7a68e918-2948-4d98-8053-506a7ad36942,America/Barbados,"13.1865238988325,-59.6359529309767",4/1/2025,4/30/2025,64,24,3805.91,1395.5,2093.25,BBD
8fcea55b-ec15-4447-804e-6204cf251bcc,MP-013,M5006100-5,ece572a2-9643-415e-9666-25d3a9b6b200,Six Roads -Emerald City,Emerald City Supermerket Carpark-0 Highway 65,Six Roads,10,BB,BB18054,Megapower,7a68e918-2948-4d98-8053-506a7ad36942,America/Barbados,"13.1165433,-59.4761632",4/1/2025,4/30/2025,25,7,1384.05,170.7,255.9,BBD
95de3100-eb4b-4456-a773-f33ef3cb4200,MP-022,5.12201E+13,4f871aee-9709-4397-82af-33e26d08d1ef,Megapower Workshop,0 Wilcox Ridge,Gibbons Boggs,01,BB,BB14016,,,America/Barbados,"13.0668347,-59.5270605",5/1/2025,5/31/2025,0,0,0,0,0,
2ea1f9f0-cc80-4aae-a7f3-db98c2e8ebaa,MP-007,M5005103-10,b8895613-3968-4ea0-bf24-c573d05e9b83,BLPC Garrison,"Barbados Light And Power, Garrison Hill",Garrison,St Thomas,BB,,Megapower,7a68e918-2948-4d98-8053-506a7ad36942,America/Barbados,"13.0813384907889,-59.6077824021418",5/1/2025,5/31/2025,4,3,231.82,85,127.5,BBD
5c2202cf-570a-4fa3-a18d-028cac995d63,MP-100,M5012550-2,1010de57-3850-44bd-87e1-c8e5c734fd74,Megapower Lower Estate,Orange Building -1 Megapower Lower Estate,Lower Estate Road,08,BB,BB2100,,,America/Barbados,"13.133618,-59.580635",5/1/2025,5/31/2025,0,0,0,0,0,
77f4259c-03b2-4a8e-b935-e4b6ce434faf,MP-023,5.12101E+13,eafb79a1-0af7-4e3a-888e-7603bd359dc1,W Mall Welches St.Thomas ,Courts -1 W Mall,St.Thomas,11,BB,BB2100,,,America/Barbados,"13.15586,-59.6141",5/1/2025,5/31/2025,0,0,0,0,0,
81c08165-7a24-4559-b0dc-f928c656f4cb,MP-059,M5012464-9,87d5bd9e-5f73-42df-ac36-34143e153ad3,Millenium Heights 2,Complex-0 Millenium Heights,Welches,11,BB,bb22130,Megapower,7a68e918-2948-4d98-8053-506a7ad36942,America/Barbados,"13.15199,-59.60893",5/1/2025,5/31/2025,8,2,1710.81,211,316.5,BBD
093f4449-4457-41c7-b586-3741d6b16a5b,MP-063,M5012054-4,47880a58-2c0c-48e8-9dd9-3fe2d3d1e4aa,Port St Charles (Pier One Restaurant),Port St Charles-0 Heywoods,Speightstown,09,BB,BB26013,Megapower,7a68e918-2948-4d98-8053-506a7ad36942,America/Barbados,"13.264145,-59.644266",5/1/2025,5/31/2025,22,6,2836.22,349.8,524.7,BBD
8a1bbc63-be29-4154-b3ca-0e7c3f0fe970,MP-058,M5012464-5,520e275f-4c35-4ffa-b7b5-9d6bf74c5672,One Welches Ltd,Carport-1 Welches,St.Thomas,11,BB,BB22025,Megapower,7a68e918-2948-4d98-8053-506a7ad36942,America/Barbados,"13.155162,-59.613737",5/1/2025,5/31/2025,27,6,1574.59,194.2,291.3,BBD
9da3d0f0-63ba-4a70-aaf6-7f9eccdad96f,MP-051,M5007971-1,748caf8b-c112-48a3-95bd-4099149f8909,Barbados Golf Club,Barbados Golf Club -0 Durants,Durants,01,BB,17090,Megapower,7a68e918-2948-4d98-8053-506a7ad36942,America/Barbados,"13.0729306,-59.5267344",5/1/2025,5/31/2025,8,6,1395.41,172.1,258.15,BBD
b3efaa90-e68e-4dba-891d-54e6b167fe8f,MP-054,M5012857-4,eafb79a1-0af7-4e3a-888e-7603bd359dc1,W Mall Welches St.Thomas ,Courts -1 W Mall,St.Thomas,11,BB,BB2100,Megapower,7a68e918-2948-4d98-8053-506a7ad36942,America/Barbados,"13.15586,-59.6141",5/1/2025,5/31/2025,2,1,7.36,2.7,0,BBD
3caaf783-710a-465e-b5d6-4f94da061478,MP-074,M5005323-3,587470d7-5f5f-43f7-ad3f-5ff2d1780e43,One Barbados Warrens,One Barbados Place-1 Warrens Close,Warrens,08,BB,BB23024,Megapower,7a68e918-2948-4d98-8053-506a7ad36942,America/Barbados,"13.140969,-59.60947",5/1/2025,5/31/2025,94,15,2631,964.7,641.4,BBD
ce749246-2532-4e97-b2dd-acf930077ed5,MP-014,M5003364-1,59d28f4c-5148-45cf-8f6a-f4537e1477c5,One Haggatt Hall,One Haggatt Hall Complex-0 Two Mile Hill,Haggatt Hall,08,BB,BB19025,Megapower,7a68e918-2948-4d98-8053-506a7ad36942,America/Barbados,"13.1053216,-59.5822663",5/1/2025,5/31/2025,6,1,945.41,116.6,174.9,BBD
c1964a6f-b3fa-4ffd-800c-54e9150f7292,MP-024,5.12101E+13,ee1be5a4-2046-4ae9-9e64-28066a8e1527,The Walk,"The Walk, Welches, St Thomas",Welches,St Thomas,BB,,Megapower,7a68e918-2948-4d98-8053-506a7ad36942,America/Barbados,"13.155103143456,-59.6113313021413",5/1/2025,5/31/2025,108,33,6865.23,3003.7,4075.31,BBD
0c45935a-2de3-4926-bb19-37e6f7a65657,MP-010,M5004376-4,5be9dd25-d9f3-43d6-850e-f93e39227ff7,City Center Mall and Carpark,0 Chapel Street,Bridgetown,08,BB,BB14018,Megapower,7a68e918-2948-4d98-8053-506a7ad36942,America/Barbados,"13.098217704116,-59.6175783039002",5/1/2025,5/31/2025,15,5,2148.65,265,397.5,BBD
a76307f4-bf7a-4fba-b850-6b3fe22817aa,MP-006,M5005918-6,e449d556-3bba-4833-a44f-1c7b808652f5,The Condominiums at Palm Beach,"The Condominiums at Palm Beach, Palm Beach Corporate Centre, Lower Ground Floor",Hastings,Christ Church BB15156,BB,,Megapower,7a68e918-2948-4d98-8053-506a7ad36942,America/Barbados,"13.0758939907924,-59.6029012733064",5/1/2025,5/31/2025,16,3,3399.73,419.3,628.95,BBD
7d336a40-8fd2-47d7-9688-eea144a71a13,MP-050,M5012546-7,e41091f6-9351-405f-9fb2-297976529042,Cotton Bay (Freights Bay),Freights Bay Surfers Access-00 Enterprise Coast Road,Enterprise,01,BB,BB17127,Megapower,7a68e918-2948-4d98-8053-506a7ad36942,America/Barbados,"13.05355,-59.53499",5/1/2025,5/31/2025,5,3,1915.14,236.2,354.3,BBD
adad2740-0e8b-4216-81cd-f68c7e759ca1,MP-003,M5004376-1,113e0ec0-46c5-440e-97a3-7fc9961afff4,Speightstown Esplanade,Speightstown Esplanade,Speightstown,St. Peter,BB,,Megapower,7a68e918-2948-4d98-8053-506a7ad36942,America/Barbados,"13.2508718611134,-59.6442456867991",5/1/2025,5/31/2025,13,7,1031.35,127.2,190.8,BBD
ed7cde09-f76c-4a74-b8c9-35e9143736a0,MP-065,M5012546-6,57bdab15-b886-4ee5-ae47-f99fed67d66b,Cedar Court,Cedar Court Offices - CarPort-1 Wildey Business Park,Wildey,08,BB,BB11000,,,America/Barbados,"13.09375,-59.585849",5/1/2025,5/31/2025,0,0,0,0,0,
affdd94e-5df4-483f-8e67-004aa40a9730,MP-020,5.12101E+13,ee1be5a4-2046-4ae9-9e64-28066a8e1527,The Walk,"The Walk, Welches, St Thomas",Welches,St Thomas,BB,,,,America/Barbados,"13.155103143456,-59.6113313021413",5/1/2025,5/31/2025,0,0,0,0,0,
97c7f6a7-7006-47d9-b131-ab4bf4588444,MP-061,M5012054-6,da62d1c4-cbd6-4389-9c49-4a8db67041cd,Sheraton Center Barbados,Sheraton Center,Sargeant’s Village,Christ Church,BB,,Megapower,7a68e918-2948-4d98-8053-506a7ad36942,America/Barbados,"13.0828117900741,-59.5666073309772",5/1/2025,5/31/2025,80,23,11065.95,1364.8,1822.8,BBD
484ace17-61a1-4166-b6ae-ed4206be189f,MP-004,M5004376-3,3a9ad049-2559-408f-84ae-c0b36ca60b8e,Millennium Heights,N/A-N/A Welches,St. Thomas,St. Thomas,BB,BB22026,Megapower,7a68e918-2948-4d98-8053-506a7ad36942,America/St_Thomas,"13.150460382201004,-59.61058751275202",5/1/2025,5/31/2025,3,2,586.22,72.3,108.45,BBD
909b0205-27ec-42ff-8db5-ca1c5c13f313,MP-1000,M5012856-2,66feb7b7-5b2a-4b3a-9834-1588c486e002,Melbourne Inn,"Apartment Block-4th Ave, Dover",Bridgetown,01,BB,BB15026,Megapower,7a68e918-2948-4d98-8053-506a7ad36942,America/Barbados,"13.0660298,-59.5649616",5/1/2025,5/31/2025,9,3,474.82,174.1,182.7,BBD
c550619e-b231-4fc8-a566-4ce8db512db8,MP-40,M5012054-3,c99c4c69-f2bf-41da-b54a-e2935d9febaf,Barbados Yacht Club,Next to Tennis Court-1 Bay Street,Bridgetown ,08,BB,BB11000,Megapower,7a68e918-2948-4d98-8053-506a7ad36942,America/Barbados,"13.083583,-59.608611",5/1/2025,5/31/2025,39,8,2199.73,271.3,401.25,BBD
8fe69ffc-3ca7-45c0-80c0-45e3d00bdea7,MP-075,M5012062-9,ec6203e5-a809-48f9-b71c-19f55305b7a2,Megapower Office ,Edghill Building-4 Wildey Business Park,Wildey,08,BB,BB11000,Megapower,7a68e918-2948-4d98-8053-506a7ad36942,America/Barbados,"13.093006,-59.586553",5/1/2025,5/31/2025,4,3,441.27,161.8,242.7,BBD
9a445e8d-c406-4697-8eb2-ff7bb31fdcc8,MP-015,M5006097-4,a87a171b-b7a5-4dcf-a5d6-49216d3a6285,Sky Mall,Sky Mall-0 Errol Barrow Highway,Haggatt Hall,08,BB,BB19025,Megapower,7a68e918-2948-4d98-8053-506a7ad36942,America/Barbados,"13.105389,-59.579667",5/1/2025,5/31/2025,60,22,6471.08,798.1,1019.7,BBD
cdae14e3-bc41-4149-be58-2c590d7448db,MP-055,M5012857-1,ee1be5a4-2046-4ae9-9e64-28066a8e1527,The Walk,"The Walk, Welches, St Thomas",Welches,St Thomas,BB,,Megapower,7a68e918-2948-4d98-8053-506a7ad36942,America/Barbados,"13.155103143456,-59.6113313021413",5/1/2025,5/31/2025,25,19,1632.16,201.3,217.65,BBD
b553f5ad-d54d-445b-8620-faea6c8380c8,MP-021,5.12101E+13,4cd66a5c-b7e0-4080-8b8e-5a23f8817deb,Limegrove,Limegrove Lifestyle Center Carpark,Holetown,St. James,BB,,Megapower,7a68e918-2948-4d98-8053-506a7ad36942,America/Barbados,"13.1865238988325,-59.6359529309767",5/1/2025,5/31/2025,26,11,169.64,282.7,494.8,BBD
6ef10fa0-880c-4209-a116-ca134d8d90b8,MP-080,M5012051-9,1f98780c-5bfe-444a-ab2d-dae32351ba57,The Mill Barbados (Millhouse),The Mill Complex-3 Canewood Industrial Park,Canewood,11,BB,BB11005,Megapower,7a68e918-2948-4d98-8053-506a7ad36942,America/Barbados,"13.147281,-59.593348",5/1/2025,5/31/2025,9,7,156.55,57.4,86.1,BBD
1be5fdf8-6f5d-485f-801f-a441c0cea6da,MP-082,M5012464-6,520e275f-4c35-4ffa-b7b5-9d6bf74c5672,One Welches Ltd,Carport-1 Welches,St.Thomas,11,BB,BB22025,Megapower,7a68e918-2948-4d98-8053-506a7ad36942,America/Barbados,"13.155162,-59.613737",5/1/2025,5/31/2025,28,4,113.45,41.6,62.4,BBD
0118cc50-cc26-4857-9824-25bfd6cd7635,MP-1001,M5012064-2,1010de57-3850-44bd-87e1-c8e5c734fd74,Megapower Lower Estate,Orange Building -1 Megapower Lower Estate,Lower Estate Road,08,BB,BB2100,Megapower,7a68e918-2948-4d98-8053-506a7ad36942,America/Barbados,"13.133618,-59.580635",5/1/2025,5/31/2025,15,4,1761.08,217.2,99.9,BBD
c4fdd3cf-8121-46c1-9a60-a29eb35890ee,MP-076,M5012857-2,3a9ad049-2559-408f-84ae-c0b36ca60b8e,Millennium Heights,N/A-N/A Welches,St. Thomas,St. Thomas,BB,BB22026,Megapower,7a68e918-2948-4d98-8053-506a7ad36942,America/St_Thomas,"13.150460382201004,-59.61058751275202",5/1/2025,5/31/2025,11,1,692.73,254,381,BBD
d2e3a8cc-fa40-4c16-b5d0-77f32cce9089,MP-Sunlink,M5012062-8,5a016d0f-809d-4491-ab86-994e6beddf51,SunLink,1-Thyme Bottom 1 Pimgrim Place,Bridgetown,01,BB,BB2100,,,America/Barbados,"13.074599,-59.512074",5/1/2025,5/31/2025,0,0,0,0,0,
cd6fbb27-25a6-4f04-ab90-eeaebbba5076,MP-005,M5004376-2,96069110-f22f-4d9b-a0c4-4345247e3a71,Coverley - Food Court,Coverley,,Christ Church,BB,,Megapower,7a68e918-2948-4d98-8053-506a7ad36942,America/Barbados,"13.0845981581339,-59.5015983027884",5/1/2025,5/31/2025,16,10,1436.76,177.2,264.9,BBD
f9fd5693-311d-4129-9214-ffad34cfd53c,MP-073,M5010000-10,eafb79a1-0af7-4e3a-888e-7603bd359dc1,W Mall Welches St.Thomas ,Courts -1 W Mall,St.Thomas,11,BB,BB2100,Megapower,7a68e918-2948-4d98-8053-506a7ad36942,America/Barbados,"13.15586,-59.6141",5/1/2025,5/31/2025,1,1,2.73,1,0,BBD
e452d0fa-5104-4134-b5f7-ae4393adb0ad,MP-052,M5012464-10,0bef2736-d483-4d13-bc2b-1ee33e5d756d,The Crane Resort,The Crane Resort-0 Crane Road,Bridgetown,10,BB,BB18071,Megapower,7a68e918-2948-4d98-8053-506a7ad36942,America/Barbados,"13.10597,-59.44521",5/1/2025,5/31/2025,4,1,372,136.4,204.6,BBD
5d414d54-d677-479c-94f3-d903bae6e860,MP-081,M5012464-1,5b5caa1b-0c09-411f-a6b7-ca922aad1b22,Barbados Light & Power - Spring Garden Car PArk,Spring Garden-01 Substation Road,Bridgetown,08,BB,BB24003,,,America/Guayaquil,"13.125772222570074,-59.63226024746143",5/1/2025,5/31/2025,0,0,0,0,0,
3c4f5fac-e042-4ab8-a3ad-8652036d722c,MP-002,M5005103-5,4cd66a5c-b7e0-4080-8b8e-5a23f8817deb,Limegrove,Limegrove Lifestyle Center Carpark,Holetown,St. James,BB,,Megapower,7a68e918-2948-4d98-8053-506a7ad36942,America/Barbados,"13.1865238988325,-59.6359529309767",5/1/2025,5/31/2025,82,30,3799.09,1393,2089.5,BBD
8fcea55b-ec15-4447-804e-6204cf251bcc,MP-013,M5006100-5,ece572a2-9643-415e-9666-25d3a9b6b200,Six Roads -Emerald City,Emerald City Supermerket Carpark-0 Highway 65,Six Roads,10,BB,BB18054,Megapower,7a68e918-2948-4d98-8053-506a7ad36942,America/Barbados,"13.1165433,-59.4761632",5/1/2025,5/31/2025,28,8,1614.32,199.1,298.65,BBD
95de3100-eb4b-4456-a773-f33ef3cb4200,MP-022,5.12201E+13,4f871aee-9709-4397-82af-33e26d08d1ef,Megapower Workshop,0 Wilcox Ridge,Gibbons Boggs,01,BB,BB14016,,,America/Barbados,"13.0668347,-59.5270605",6/1/2025,6/30/2025,0,0,0,0,0,
2ea1f9f0-cc80-4aae-a7f3-db98c2e8ebaa,MP-007,M5005103-10,b8895613-3968-4ea0-bf24-c573d05e9b83,BLPC Garrison,"Barbados Light And Power, Garrison Hill",Garrison,St Thomas,BB,,Megapower,7a68e918-2948-4d98-8053-506a7ad36942,America/Barbados,"13.0813384907889,-59.6077824021418",6/1/2025,6/30/2025,10,7,579,212.3,318.45,BBD
5c2202cf-570a-4fa3-a18d-028cac995d63,MP-100,M5012550-2,1010de57-3850-44bd-87e1-c8e5c734fd74,Megapower Lower Estate,Orange Building -1 Megapower Lower Estate,Lower Estate Road,08,BB,BB2100,,,America/Barbados,"13.133618,-59.580635",6/1/2025,6/30/2025,0,0,0,0,0,
77f4259c-03b2-4a8e-b935-e4b6ce434faf,MP-023,5.12101E+13,eafb79a1-0af7-4e3a-888e-7603bd359dc1,W Mall Welches St.Thomas ,Courts -1 W Mall,St.Thomas,11,BB,BB2100,Megapower,7a68e918-2948-4d98-8053-506a7ad36942,America/Barbados,"13.15586,-59.6141",6/1/2025,6/30/2025,1,1,63.12,26.3,46.03,BBD
81c08165-7a24-4559-b0dc-f928c656f4cb,MP-059,M5012464-9,87d5bd9e-5f73-42df-ac36-34143e153ad3,Millenium Heights 2,Complex-0 Millenium Heights,Welches,11,BB,bb22130,Megapower,7a68e918-2948-4d98-8053-506a7ad36942,America/Barbados,"13.15199,-59.60893",6/1/2025,6/30/2025,11,3,2380.54,293.6,440.4,BBD
093f4449-4457-41c7-b586-3741d6b16a5b,MP-063,M5012054-4,47880a58-2c0c-48e8-9dd9-3fe2d3d1e4aa,Port St Charles (Pier One Restaurant),Port St Charles-0 Heywoods,Speightstown,09,BB,BB26013,Megapower,7a68e918-2948-4d98-8053-506a7ad36942,America/Barbados,"13.264145,-59.644266",6/1/2025,6/30/2025,45,8,4333.78,534.5,670.8,BBD
8a1bbc63-be29-4154-b3ca-0e7c3f0fe970,MP-058,M5012464-5,520e275f-4c35-4ffa-b7b5-9d6bf74c5672,One Welches Ltd,Carport-1 Welches,St.Thomas,11,BB,BB22025,Megapower,7a68e918-2948-4d98-8053-506a7ad36942,America/Barbados,"13.155162,-59.613737",6/1/2025,6/30/2025,27,4,1584.86,195.6,293.4,BBD
9da3d0f0-63ba-4a70-aaf6-7f9eccdad96f,MP-051,M5007971-1,748caf8b-c112-48a3-95bd-4099149f8909,Barbados Golf Club,Barbados Golf Club -0 Durants,Durants,01,BB,17090,Megapower,7a68e918-2948-4d98-8053-506a7ad36942,America/Barbados,"13.0729306,-59.5267344",6/1/2025,6/30/2025,12,8,2417.82,298.2,447.3,BBD
b3efaa90-e68e-4dba-891d-54e6b167fe8f,MP-054,M5012857-4,eafb79a1-0af7-4e3a-888e-7603bd359dc1,W Mall Welches St.Thomas ,Courts -1 W Mall,St.Thomas,11,BB,BB2100,Megapower,7a68e918-2948-4d98-8053-506a7ad36942,America/Barbados,"13.15586,-59.6141",6/1/2025,6/30/2025,3,3,112.09,41.1,61.65,BBD
3caaf783-710a-465e-b5d6-4f94da061478,MP-074,M5005323-3,587470d7-5f5f-43f7-ad3f-5ff2d1780e43,One Barbados Warrens,One Barbados Place-1 Warrens Close,Warrens,08,BB,BB23024,Megapower,7a68e918-2948-4d98-8053-506a7ad36942,America/Barbados,"13.140969,-59.60947",6/1/2025,6/30/2025,56,16,2027.18,743.3,726.45,BBD
ce749246-2532-4e97-b2dd-acf930077ed5,MP-014,M5003364-1,59d28f4c-5148-45cf-8f6a-f4537e1477c5,One Haggatt Hall,One Haggatt Hall Complex-0 Two Mile Hill,Haggatt Hall,08,BB,BB19025,Megapower,7a68e918-2948-4d98-8053-506a7ad36942,America/Barbados,"13.1053216,-59.5822663",6/1/2025,6/30/2025,13,4,3248.92,400.7,601.05,BBD
c1964a6f-b3fa-4ffd-800c-54e9150f7292,MP-024,5.12101E+13,ee1be5a4-2046-4ae9-9e64-28066a8e1527,The Walk,"The Walk, Welches, St Thomas",Welches,St Thomas,BB,,Megapower,7a68e918-2948-4d98-8053-506a7ad36942,America/Barbados,"13.155103143456,-59.6113313021413",6/1/2025,6/30/2025,130,45,7779.85,3395.6,5427.54,BBD
0c45935a-2de3-4926-bb19-37e6f7a65657,MP-010,M5004376-4,5be9dd25-d9f3-43d6-850e-f93e39227ff7,City Center Mall and Carpark,0 Chapel Street,Bridgetown,08,BB,BB14018,Megapower,7a68e918-2948-4d98-8053-506a7ad36942,America/Barbados,"13.098217704116,-59.6175783039002",6/1/2025,6/30/2025,14,7,2098.38,258.8,388.2,BBD
a76307f4-bf7a-4fba-b850-6b3fe22817aa,MP-006,M5005918-6,e449d556-3bba-4833-a44f-1c7b808652f5,The Condominiums at Palm Beach,"The Condominiums at Palm Beach, Palm Beach Corporate Centre, Lower Ground Floor",Hastings,Christ Church BB15156,BB,,Megapower,7a68e918-2948-4d98-8053-506a7ad36942,America/Barbados,"13.0758939907924,-59.6029012733064",6/1/2025,6/30/2025,17,3,3419.66,421.8,632.7,BBD
7d336a40-8fd2-47d7-9688-eea144a71a13,MP-050,M5012546-7,e41091f6-9351-405f-9fb2-297976529042,Cotton Bay (Freights Bay),Freights Bay Surfers Access-00 Enterprise Coast Road,Enterprise,01,BB,BB17127,Megapower,7a68e918-2948-4d98-8053-506a7ad36942,America/Barbados,"13.05355,-59.53499",6/1/2025,6/30/2025,7,4,1949.19,240.4,360.6,BBD
adad2740-0e8b-4216-81cd-f68c7e759ca1,MP-003,M5004376-1,113e0ec0-46c5-440e-97a3-7fc9961afff4,Speightstown Esplanade,Speightstown Esplanade,Speightstown,St. Peter,BB,,Megapower,7a68e918-2948-4d98-8053-506a7ad36942,America/Barbados,"13.2508718611134,-59.6442456867991",6/1/2025,6/30/2025,1,1,248.92,30.7,46.05,BBD
ed7cde09-f76c-4a74-b8c9-35e9143736a0,MP-065,M5012546-6,57bdab15-b886-4ee5-ae47-f99fed67d66b,Cedar Court,Cedar Court Offices - CarPort-1 Wildey Business Park,Wildey,08,BB,BB11000,,,America/Barbados,"13.09375,-59.585849",6/1/2025,6/30/2025,0,0,0,0,0,
affdd94e-5df4-483f-8e67-004aa40a9730,MP-020,5.12101E+13,ee1be5a4-2046-4ae9-9e64-28066a8e1527,The Walk,"The Walk, Welches, St Thomas",Welches,St Thomas,BB,,,,America/Barbados,"13.155103143456,-59.6113313021413",6/1/2025,6/30/2025,0,0,0,0,0,
484ace17-61a1-4166-b6ae-ed4206be189f,MP-004,M5004376-3,3a9ad049-2559-408f-84ae-c0b36ca60b8e,Millennium Heights,N/A-N/A Welches,St. Thomas,St. Thomas,BB,BB22026,Megapower,7a68e918-2948-4d98-8053-506a7ad36942,America/St_Thomas,"13.150460382201004,-59.61058751275202",6/1/2025,6/30/2025,12,3,1827.57,225.4,338.1,BBD
97c7f6a7-7006-47d9-b131-ab4bf4588444,MP-061,M5012054-6,da62d1c4-cbd6-4389-9c49-4a8db67041cd,Sheraton Center Barbados,Sheraton Center,Sargeant’s Village,Christ Church,BB,,Megapower,7a68e918-2948-4d98-8053-506a7ad36942,America/Barbados,"13.0828117900741,-59.5666073309772",6/1/2025,6/30/2025,73,23,11558.92,1425.6,2138.4,BBD
909b0205-27ec-42ff-8db5-ca1c5c13f313,MP-1000,M5012856-2,66feb7b7-5b2a-4b3a-9834-1588c486e002,Melbourne Inn,"Apartment Block-4th Ave, Dover",Bridgetown,01,BB,BB15026,Megapower,7a68e918-2948-4d98-8053-506a7ad36942,America/Barbados,"13.0660298,-59.5649616",6/1/2025,6/30/2025,37,5,1934.45,709.3,937.72,BBD
c550619e-b231-4fc8-a566-4ce8db512db8,MP-40,M5012054-3,c99c4c69-f2bf-41da-b54a-e2935d9febaf,Barbados Yacht Club,Next to Tennis Court-1 Bay Street,Bridgetown ,08,BB,BB11000,Megapower,7a68e918-2948-4d98-8053-506a7ad36942,America/Barbados,"13.083583,-59.608611",6/1/2025,6/30/2025,9,4,1191.89,147,220.5,BBD
8fe69ffc-3ca7-45c0-80c0-45e3d00bdea7,MP-075,M5012062-9,ec6203e5-a809-48f9-b71c-19f55305b7a2,Megapower Office ,Edghill Building-4 Wildey Business Park,Wildey,08,BB,BB11000,,,America/Barbados,"13.093006,-59.586553",6/1/2025,6/30/2025,0,0,0,0,0,
9a445e8d-c406-4697-8eb2-ff7bb31fdcc8,MP-015,M5006097-4,a87a171b-b7a5-4dcf-a5d6-49216d3a6285,Sky Mall,Sky Mall-0 Errol Barrow Highway,Haggatt Hall,08,BB,BB19025,Megapower,7a68e918-2948-4d98-8053-506a7ad36942,America/Barbados,"13.105389,-59.579667",6/1/2025,6/30/2025,56,20,5955.53,734.6,822.75,BBD
cdae14e3-bc41-4149-be58-2c590d7448db,MP-055,M5012857-1,ee1be5a4-2046-4ae9-9e64-28066a8e1527,The Walk,"The Walk, Welches, St Thomas",Welches,St Thomas,BB,,Megapower,7a68e918-2948-4d98-8053-506a7ad36942,America/Barbados,"13.155103143456,-59.6113313021413",6/1/2025,6/30/2025,20,12,2316.49,285.7,424.5,BBD
b553f5ad-d54d-445b-8620-faea6c8380c8,MP-021,5.12101E+13,4cd66a5c-b7e0-4080-8b8e-5a23f8817deb,Limegrove,Limegrove Lifestyle Center Carpark,Holetown,St. James,BB,,Megapower,7a68e918-2948-4d98-8053-506a7ad36942,America/Barbados,"13.1865238988325,-59.6359529309767",6/1/2025,6/30/2025,22,7,105.67,176.1,308.19,BBD
6ef10fa0-880c-4209-a116-ca134d8d90b8,MP-080,M5012051-9,1f98780c-5bfe-444a-ab2d-dae32351ba57,The Mill Barbados (Millhouse),The Mill Complex-3 Canewood Industrial Park,Canewood,11,BB,BB11005,Megapower,7a68e918-2948-4d98-8053-506a7ad36942,America/Barbados,"13.147281,-59.593348",6/1/2025,6/30/2025,8,7,305.45,112,168,BBD
1be5fdf8-6f5d-485f-801f-a441c0cea6da,MP-082,M5012464-6,520e275f-4c35-4ffa-b7b5-9d6bf74c5672,One Welches Ltd,Carport-1 Welches,St.Thomas,11,BB,BB22025,Megapower,7a68e918-2948-4d98-8053-506a7ad36942,America/Barbados,"13.155162,-59.613737",6/1/2025,6/30/2025,7,3,271.09,99.4,149.1,BBD
0118cc50-cc26-4857-9824-25bfd6cd7635,MP-1001,M5012064-2,1010de57-3850-44bd-87e1-c8e5c734fd74,Megapower Lower Estate,Orange Building -1 Megapower Lower Estate,Lower Estate Road,08,BB,BB2100,Megapower,7a68e918-2948-4d98-8053-506a7ad36942,America/Barbados,"13.133618,-59.580635",6/1/2025,6/30/2025,9,5,1015.95,125.3,9.15,BBD
c4fdd3cf-8121-46c1-9a60-a29eb35890ee,MP-076,M5012857-2,3a9ad049-2559-408f-84ae-c0b36ca60b8e,Millennium Heights,N/A-N/A Welches,St. Thomas,St. Thomas,BB,BB22026,Megapower,7a68e918-2948-4d98-8053-506a7ad36942,America/St_Thomas,"13.150460382201004,-59.61058751275202",6/1/2025,6/30/2025,29,4,753.82,276.4,414.6,BBD
d2e3a8cc-fa40-4c16-b5d0-77f32cce9089,MP-Sunlink,M5012062-8,5a016d0f-809d-4491-ab86-994e6beddf51,SunLink,1-Thyme Bottom 1 Pimgrim Place,Bridgetown,01,BB,BB2100,,,America/Barbados,"13.074599,-59.512074",6/1/2025,6/30/2025,0,0,0,0,0,
cd6fbb27-25a6-4f04-ab90-eeaebbba5076,MP-005,M5004376-2,96069110-f22f-4d9b-a0c4-4345247e3a71,Coverley - Food Court,Coverley,,Christ Church,BB,,Megapower,7a68e918-2948-4d98-8053-506a7ad36942,America/Barbados,"13.0845981581339,-59.5015983027884",6/1/2025,6/30/2025,28,13,1136.76,140.2,189.3,BBD
f9fd5693-311d-4129-9214-ffad34cfd53c,MP-073,M5010000-10,eafb79a1-0af7-4e3a-888e-7603bd359dc1,W Mall Welches St.Thomas ,Courts -1 W Mall,St.Thomas,11,BB,BB2100,Megapower,7a68e918-2948-4d98-8053-506a7ad36942,America/Barbados,"13.15586,-59.6141",6/1/2025,6/30/2025,4,4,84,30.8,26.55,BBD
e452d0fa-5104-4134-b5f7-ae4393adb0ad,MP-052,M5012464-10,0bef2736-d483-4d13-bc2b-1ee33e5d756d,The Crane Resort,The Crane Resort-0 Crane Road,Bridgetown,10,BB,BB18071,Megapower,7a68e918-2948-4d98-8053-506a7ad36942,America/Barbados,"13.10597,-59.44521",6/1/2025,6/30/2025,6,3,130.09,47.7,71.55,BBD
5d414d54-d677-479c-94f3-d903bae6e860,MP-081,M5012464-1,5b5caa1b-0c09-411f-a6b7-ca922aad1b22,Barbados Light & Power - Spring Garden Car PArk,Spring Garden-01 Substation Road,Bridgetown,08,BB,BB24003,Megapower,7a68e918-2948-4d98-8053-506a7ad36942,America/Guayaquil,"13.125772222570074,-59.63226024746143",6/1/2025,6/30/2025,2,2,146.45,53.7,80.55,BBD
3c4f5fac-e042-4ab8-a3ad-8652036d722c,MP-002,M5005103-5,4cd66a5c-b7e0-4080-8b8e-5a23f8817deb,Limegrove,Limegrove Lifestyle Center Carpark,Holetown,St. James,BB,,Megapower,7a68e918-2948-4d98-8053-506a7ad36942,America/Barbados,"13.1865238988325,-59.6359529309767",6/1/2025,6/30/2025,98,30,5643.75,2069.4,3042.41,BBD
8fcea55b-ec15-4447-804e-6204cf251bcc,MP-013,M5006100-5,ece572a2-9643-415e-9666-25d3a9b6b200,Six Roads -Emerald City,Emerald City Supermerket Carpark-0 Highway 65,Six Roads,10,BB,BB18054,Megapower,7a68e918-2948-4d98-8053-506a7ad36942,America/Barbados,"13.1165433,-59.4761632",6/1/2025,6/30/2025,18,8,906.49,111.8,167.7,BBD
95de3100-eb4b-4456-a773-f33ef3cb4200,MP-022,5.12201E+13,4f871aee-9709-4397-82af-33e26d08d1ef,Megapower Workshop,0 Wilcox Ridge,Gibbons Boggs,01,BB,BB14016,,,America/Barbados,"13.0668347,-59.5270605",7/1/2025,7/31/2025,0,0,0,0,0,
2ea1f9f0-cc80-4aae-a7f3-db98c2e8ebaa,MP-007,M5005103-10,b8895613-3968-4ea0-bf24-c573d05e9b83,BLPC Garrison,"Barbados Light And Power, Garrison Hill",Garrison,St Thomas,BB,,Megapower,7a68e918-2948-4d98-8053-506a7ad36942,America/Barbados,"13.0813384907889,-59.6077824021418",7/1/2025,7/31/2025,16,10,923.18,338.5,507.75,BBD
5c2202cf-570a-4fa3-a18d-028cac995d63,MP-100,M5012550-2,1010de57-3850-44bd-87e1-c8e5c734fd74,Megapower Lower Estate,Orange Building -1 Megapower Lower Estate,Lower Estate Road,08,BB,BB2100,,,America/Barbados,"13.133618,-59.580635",7/1/2025,7/31/2025,0,0,0,0,0,
77f4259c-03b2-4a8e-b935-e4b6ce434faf,MP-023,5.12101E+13,eafb79a1-0af7-4e3a-888e-7603bd359dc1,W Mall Welches St.Thomas ,Courts -1 W Mall,St.Thomas,11,BB,BB2100,Megapower,7a68e918-2948-4d98-8053-506a7ad36942,America/Barbados,"13.15586,-59.6141",7/1/2025,7/31/2025,33,20,1130.68,519.3,845.25,BBD
81c08165-7a24-4559-b0dc-f928c656f4cb,MP-059,M5012464-9,87d5bd9e-5f73-42df-ac36-34143e153ad3,Millenium Heights 2,Complex-0 Millenium Heights,Welches,11,BB,bb22130,Megapower,7a68e918-2948-4d98-8053-506a7ad36942,America/Barbados,"13.15199,-59.60893",7/1/2025,7/31/2025,12,3,2563.78,316.2,474.3,BBD
093f4449-4457-41c7-b586-3741d6b16a5b,MP-063,M5012054-4,47880a58-2c0c-48e8-9dd9-3fe2d3d1e4aa,Port St Charles (Pier One Restaurant),Port St Charles-0 Heywoods,Speightstown,09,BB,BB26013,Megapower,7a68e918-2948-4d98-8053-506a7ad36942,America/Barbados,"13.264145,-59.644266",7/1/2025,7/31/2025,27,7,2815.14,347.2,520.8,BBD
8a1bbc63-be29-4154-b3ca-0e7c3f0fe970,MP-058,M5012464-5,520e275f-4c35-4ffa-b7b5-9d6bf74c5672,One Welches Ltd,Carport-1 Welches,St.Thomas,11,BB,BB22025,Megapower,7a68e918-2948-4d98-8053-506a7ad36942,America/Barbados,"13.155162,-59.613737",7/1/2025,7/31/2025,34,3,2074.86,255.9,383.85,BBD
9da3d0f0-63ba-4a70-aaf6-7f9eccdad96f,MP-051,M5007971-1,748caf8b-c112-48a3-95bd-4099149f8909,Barbados Golf Club,Barbados Golf Club -0 Durants,Durants,01,BB,17090,Megapower,7a68e918-2948-4d98-8053-506a7ad36942,America/Barbados,"13.0729306,-59.5267344",7/1/2025,7/31/2025,10,6,1463.51,180.5,270.75,BBD
b3efaa90-e68e-4dba-891d-54e6b167fe8f,MP-054,M5012857-4,eafb79a1-0af7-4e3a-888e-7603bd359dc1,W Mall Welches St.Thomas ,Courts -1 W Mall,St.Thomas,11,BB,BB2100,Megapower,7a68e918-2948-4d98-8053-506a7ad36942,America/Barbados,"13.15586,-59.6141",7/1/2025,7/31/2025,4,4,57.55,21.1,31.65,BBD
3caaf783-710a-465e-b5d6-4f94da061478,MP-074,M5005323-3,587470d7-5f5f-43f7-ad3f-5ff2d1780e43,One Barbados Warrens,One Barbados Place-1 Warrens Close,Warrens,08,BB,BB23024,Megapower,7a68e918-2948-4d98-8053-506a7ad36942,America/Barbados,"13.140969,-59.60947",7/1/2025,7/31/2025,59,12,2608.64,956.5,851.4,BBD
ce749246-2532-4e97-b2dd-acf930077ed5,MP-014,M5003364-1,59d28f4c-5148-45cf-8f6a-f4537e1477c5,One Haggatt Hall,One Haggatt Hall Complex-0 Two Mile Hill,Haggatt Hall,08,BB,BB19025,Megapower,7a68e918-2948-4d98-8053-506a7ad36942,America/Barbados,"13.1053216,-59.5822663",7/1/2025,7/31/2025,9,1,1509.73,186.2,279.3,BBD
c1964a6f-b3fa-4ffd-800c-54e9150f7292,MP-024,5.12101E+13,ee1be5a4-2046-4ae9-9e64-28066a8e1527,The Walk,"The Walk, Welches, St Thomas",Welches,St Thomas,BB,,Megapower,7a68e918-2948-4d98-8053-506a7ad36942,America/Barbados,"13.155103143456,-59.6113313021413",7/1/2025,7/31/2025,195,51,13009.86,5660.4,9666.04,BBD
0c45935a-2de3-4926-bb19-37e6f7a65657,MP-010,M5004376-4,5be9dd25-d9f3-43d6-850e-f93e39227ff7,City Center Mall and Carpark,0 Chapel Street,Bridgetown,08,BB,BB14018,Megapower,7a68e918-2948-4d98-8053-506a7ad36942,America/Barbados,"13.098217704116,-59.6175783039002",7/1/2025,7/31/2025,22,8,3142.7,387.6,581.4,BBD
a76307f4-bf7a-4fba-b850-6b3fe22817aa,MP-006,M5005918-6,e449d556-3bba-4833-a44f-1c7b808652f5,The Condominiums at Palm Beach,"The Condominiums at Palm Beach, Palm Beach Corporate Centre, Lower Ground Floor",Hastings,Christ Church BB15156,BB,,Megapower,7a68e918-2948-4d98-8053-506a7ad36942,America/Barbados,"13.0758939907924,-59.6029012733064",7/1/2025,7/31/2025,7,3,810.81,100,150,BBD
7d336a40-8fd2-47d7-9688-eea144a71a13,MP-050,M5012546-7,e41091f6-9351-405f-9fb2-297976529042,Cotton Bay (Freights Bay),Freights Bay Surfers Access-00 Enterprise Coast Road,Enterprise,01,BB,BB17127,Megapower,7a68e918-2948-4d98-8053-506a7ad36942,America/Barbados,"13.05355,-59.53499",7/1/2025,7/31/2025,2,2,891.09,110.2,165.3,BBD
adad2740-0e8b-4216-81cd-f68c7e759ca1,MP-003,M5004376-1,113e0ec0-46c5-440e-97a3-7fc9961afff4,Speightstown Esplanade,Speightstown Esplanade,Speightstown,St. Peter,BB,,Megapower,7a68e918-2948-4d98-8053-506a7ad36942,America/Barbados,"13.2508718611134,-59.6442456867991",7/1/2025,7/31/2025,1,1,134.59,16.6,24.9,BBD
ed7cde09-f76c-4a74-b8c9-35e9143736a0,MP-065,M5012546-6,57bdab15-b886-4ee5-ae47-f99fed67d66b,Cedar Court,Cedar Court Offices - CarPort-1 Wildey Business Park,Wildey,08,BB,BB11000,,,America/Barbados,"13.09375,-59.585849",7/1/2025,7/31/2025,0,0,0,0,0,
affdd94e-5df4-483f-8e67-004aa40a9730,MP-020,5.12101E+13,ee1be5a4-2046-4ae9-9e64-28066a8e1527,The Walk,"The Walk, Welches, St Thomas",Welches,St Thomas,BB,,,,America/Barbados,"13.155103143456,-59.6113313021413",7/1/2025,7/31/2025,0,0,0,0,0,
97c7f6a7-7006-47d9-b131-ab4bf4588444,MP-061,M5012054-6,da62d1c4-cbd6-4389-9c49-4a8db67041cd,Sheraton Center Barbados,Sheraton Center,Sargeant’s Village,Christ Church,BB,,Megapower,7a68e918-2948-4d98-8053-506a7ad36942,America/Barbados,"13.0828117900741,-59.5666073309772",7/1/2025,7/31/2025,78,24,8204.59,1011.9,1509.45,BBD
484ace17-61a1-4166-b6ae-ed4206be189f,MP-004,M5004376-3,3a9ad049-2559-408f-84ae-c0b36ca60b8e,Millennium Heights,N/A-N/A Welches,St. Thomas,St. Thomas,BB,BB22026,Megapower,7a68e918-2948-4d98-8053-506a7ad36942,America/St_Thomas,"13.150460382201004,-59.61058751275202",7/1/2025,7/31/2025,17,4,3432.16,423.3,634.95,BBD
909b0205-27ec-42ff-8db5-ca1c5c13f313,MP-1000,M5012856-2,66feb7b7-5b2a-4b3a-9834-1588c486e002,Melbourne Inn,"Apartment Block-4th Ave, Dover",Bridgetown,01,BB,BB15026,Megapower,7a68e918-2948-4d98-8053-506a7ad36942,America/Barbados,"13.0660298,-59.5649616",7/1/2025,7/31/2025,12,4,608.73,223.2,298.95,BBD
c550619e-b231-4fc8-a566-4ce8db512db8,MP-40,M5012054-3,c99c4c69-f2bf-41da-b54a-e2935d9febaf,Barbados Yacht Club,Next to Tennis Court-1 Bay Street,Bridgetown ,08,BB,BB11000,Megapower,7a68e918-2948-4d98-8053-506a7ad36942,America/Barbados,"13.083583,-59.608611",7/1/2025,7/31/2025,29,6,2367.57,292,438,BBD
8fe69ffc-3ca7-45c0-80c0-45e3d00bdea7,MP-075,M5012062-9,ec6203e5-a809-48f9-b71c-19f55305b7a2,Megapower Office ,Edghill Building-4 Wildey Business Park,Wildey,08,BB,BB11000,,,America/Barbados,"13.093006,-59.586553",7/1/2025,7/31/2025,0,0,0,0,0,
cdae14e3-bc41-4149-be58-2c590d7448db,MP-055,M5012857-1,ee1be5a4-2046-4ae9-9e64-28066a8e1527,The Walk,"The Walk, Welches, St Thomas",Welches,St Thomas,BB,,Megapower,7a68e918-2948-4d98-8053-506a7ad36942,America/Barbados,"13.155103143456,-59.6113313021413",7/1/2025,7/31/2025,53,21,4477.3,552.2,816.9,BBD
9a445e8d-c406-4697-8eb2-ff7bb31fdcc8,MP-015,M5006097-4,a87a171b-b7a5-4dcf-a5d6-49216d3a6285,Sky Mall,Sky Mall-0 Errol Barrow Highway,Haggatt Hall,08,BB,BB19025,Megapower,7a68e918-2948-4d98-8053-506a7ad36942,America/Barbados,"13.105389,-59.579667",7/1/2025,7/31/2025,56,18,6242.43,769.9,824.7,BBD
b553f5ad-d54d-445b-8620-faea6c8380c8,MP-021,5.12101E+13,4cd66a5c-b7e0-4080-8b8e-5a23f8817deb,Limegrove,Limegrove Lifestyle Center Carpark,Holetown,St. James,BB,,Megapower,7a68e918-2948-4d98-8053-506a7ad36942,America/Barbados,"13.1865238988325,-59.6359529309767",7/1/2025,7/31/2025,5,2,20.94,34.9,61.08,BBD
6ef10fa0-880c-4209-a116-ca134d8d90b8,MP-080,M5012051-9,1f98780c-5bfe-444a-ab2d-dae32351ba57,The Mill Barbados (Millhouse),The Mill Complex-3 Canewood Industrial Park,Canewood,11,BB,BB11005,Megapower,7a68e918-2948-4d98-8053-506a7ad36942,America/Barbados,"13.147281,-59.593348",7/1/2025,7/31/2025,5,5,74.73,27.4,41.1,BBD
1be5fdf8-6f5d-485f-801f-a441c0cea6da,MP-082,M5012464-6,520e275f-4c35-4ffa-b7b5-9d6bf74c5672,One Welches Ltd,Carport-1 Welches,St.Thomas,11,BB,BB22025,Megapower,7a68e918-2948-4d98-8053-506a7ad36942,America/Barbados,"13.155162,-59.613737",7/1/2025,7/31/2025,8,4,514.91,188.8,283.2,BBD
0118cc50-cc26-4857-9824-25bfd6cd7635,MP-1001,M5012064-2,1010de57-3850-44bd-87e1-c8e5c734fd74,Megapower Lower Estate,Orange Building -1 Megapower Lower Estate,Lower Estate Road,08,BB,BB2100,Megapower,7a68e918-2948-4d98-8053-506a7ad36942,America/Barbados,"13.133618,-59.580635",7/1/2025,7/31/2025,29,4,5040.81,621.7,20.03,BBD
c4fdd3cf-8121-46c1-9a60-a29eb35890ee,MP-076,M5012857-2,3a9ad049-2559-408f-84ae-c0b36ca60b8e,Millennium Heights,N/A-N/A Welches,St. Thomas,St. Thomas,BB,BB22026,Megapower,7a68e918-2948-4d98-8053-506a7ad36942,America/St_Thomas,"13.150460382201004,-59.61058751275202",7/1/2025,7/31/2025,16,3,822.82,301.7,452.55,BBD
d2e3a8cc-fa40-4c16-b5d0-77f32cce9089,MP-Sunlink,M5012062-8,5a016d0f-809d-4491-ab86-994e6beddf51,SunLink,1-Thyme Bottom 1 Pimgrim Place,Bridgetown,01,BB,BB2100,,,America/Barbados,"13.074599,-59.512074",7/1/2025,7/31/2025,0,0,0,0,0,
cd6fbb27-25a6-4f04-ab90-eeaebbba5076,MP-005,M5004376-2,96069110-f22f-4d9b-a0c4-4345247e3a71,Coverley - Food Court,Coverley,,Christ Church,BB,,Megapower,7a68e918-2948-4d98-8053-506a7ad36942,America/Barbados,"13.0845981581339,-59.5015983027884",7/1/2025,7/31/2025,70,17,2970,366.3,549.45,BBD
f9fd5693-311d-4129-9214-ffad34cfd53c,MP-073,M5010000-10,eafb79a1-0af7-4e3a-888e-7603bd359dc1,W Mall Welches St.Thomas ,Courts -1 W Mall,St.Thomas,11,BB,BB2100,Megapower,7a68e918-2948-4d98-8053-506a7ad36942,America/Barbados,"13.15586,-59.6141",7/1/2025,7/31/2025,3,2,19.09,7,10.5,BBD
5d414d54-d677-479c-94f3-d903bae6e860,MP-081,M5012464-1,5b5caa1b-0c09-411f-a6b7-ca922aad1b22,Barbados Light & Power - Spring Garden Car PArk,Spring Garden-01 Substation Road,Bridgetown,08,BB,BB24003,Megapower,7a68e918-2948-4d98-8053-506a7ad36942,America/Guayaquil,"13.125772222570074,-59.63226024746143",7/1/2025,7/31/2025,8,2,360.27,132.1,198.15,BBD
e452d0fa-5104-4134-b5f7-ae4393adb0ad,MP-052,M5012464-10,0bef2736-d483-4d13-bc2b-1ee33e5d756d,The Crane Resort,The Crane Resort-0 Crane Road,Bridgetown,10,BB,BB18071,Megapower,7a68e918-2948-4d98-8053-506a7ad36942,America/Barbados,"13.10597,-59.44521",7/1/2025,7/31/2025,11,2,689.18,252.7,379.05,BBD
3c4f5fac-e042-4ab8-a3ad-8652036d722c,MP-002,M5005103-5,4cd66a5c-b7e0-4080-8b8e-5a23f8817deb,Limegrove,Limegrove Lifestyle Center Carpark,Holetown,St. James,BB,,Megapower,7a68e918-2948-4d98-8053-506a7ad36942,America/Barbados,"13.1865238988325,-59.6359529309767",7/1/2025,7/31/2025,118,23,4405.09,1615.2,2422.8,BBD
0d1d126c-3565-4382-831b-a0dd412b60d2,MP-110,M5012550-10,cf87b876-e6d4-424b-8b12-2ba6976c502e,Government House,Government House-1 Government House,Bridgetown,08,BB,bb2100,,,America/Barbados,"13.1012,-59.5996",7/1/2025,7/31/2025,0,0,0,0,0,
8fcea55b-ec15-4447-804e-6204cf251bcc,MP-013,M5006100-5,ece572a2-9643-415e-9666-25d3a9b6b200,Six Roads -Emerald City,Emerald City Supermerket Carpark-0 Highway 65,Six Roads,10,BB,BB18054,Megapower,7a68e918-2948-4d98-8053-506a7ad36942,America/Barbados,"13.1165433,-59.4761632",7/1/2025,7/31/2025,14,6,1484.59,183.1,269.1,BBD
95de3100-eb4b-4456-a773-f33ef3cb4200,MP-022,5.12201E+13,4f871aee-9709-4397-82af-33e26d08d1ef,Megapower Workshop,0 Wilcox Ridge,Gibbons Boggs,01,BB,BB14016,,,America/Barbados,"13.0668347,-59.5270605",8/1/2025,8/31/2025,0,0,0,0,0,
2ea1f9f0-cc80-4aae-a7f3-db98c2e8ebaa,MP-007,M5005103-10,b8895613-3968-4ea0-bf24-c573d05e9b83,BLPC Garrison,"Barbados Light And Power, Garrison Hill",Garrison,St Thomas,BB,,Megapower,7a68e918-2948-4d98-8053-506a7ad36942,America/Barbados,"13.0813384907889,-59.6077824021418",8/1/2025,8/31/2025,17,6,952.36,349.2,523.8,BBD
5c2202cf-570a-4fa3-a18d-028cac995d63,MP-100,M5012550-2,1010de57-3850-44bd-87e1-c8e5c734fd74,Megapower Lower Estate,Orange Building -1 Megapower Lower Estate,Lower Estate Road,08,BB,BB2100,,,America/Barbados,"13.133618,-59.580635",8/1/2025,8/31/2025,0,0,0,0,0,
77f4259c-03b2-4a8e-b935-e4b6ce434faf,MP-023,5.12101E+13,eafb79a1-0af7-4e3a-888e-7603bd359dc1,W Mall Welches St.Thomas ,Courts -1 W Mall,St.Thomas,11,BB,BB2100,Megapower,7a68e918-2948-4d98-8053-506a7ad36942,America/Barbados,"13.15586,-59.6141",8/1/2025,8/31/2025,79,28,3154.38,1338.6,2300.55,BBD
81c08165-7a24-4559-b0dc-f928c656f4cb,MP-059,M5012464-9,87d5bd9e-5f73-42df-ac36-34143e153ad3,Millenium Heights 2,Complex-0 Millenium Heights,Welches,11,BB,bb22130,Megapower,7a68e918-2948-4d98-8053-506a7ad36942,America/Barbados,"13.15199,-59.60893",8/1/2025,8/31/2025,13,3,2004.32,247.2,370.79,BBD
093f4449-4457-41c7-b586-3741d6b16a5b,MP-063,M5012054-4,47880a58-2c0c-48e8-9dd9-3fe2d3d1e4aa,Port St Charles (Pier One Restaurant),Port St Charles-0 Heywoods,Speightstown,09,BB,BB26013,Megapower,7a68e918-2948-4d98-8053-506a7ad36942,America/Barbados,"13.264145,-59.644266",8/1/2025,8/31/2025,20,4,2103.24,259.4,389.08,BBD
8a1bbc63-be29-4154-b3ca-0e7c3f0fe970,MP-058,M5012464-5,520e275f-4c35-4ffa-b7b5-9d6bf74c5672,One Welches Ltd,Carport-1 Welches,St.Thomas,11,BB,BB22025,Megapower,7a68e918-2948-4d98-8053-506a7ad36942,America/Barbados,"13.155162,-59.613737",8/1/2025,8/31/2025,44,10,4334.33,534.7,802.05,BBD
d9066744-6377-43ba-a203-2f1519a82893,MP-021,5.12101E+13,4cd66a5c-b7e0-4080-8b8e-5a23f8817deb,Limegrove,Limegrove Lifestyle Center Carpark,Holetown,St. James,BB,,,,America/Barbados,"13.1865238988325,-59.6359529309767",8/1/2025,8/31/2025,0,0,0,0,0,
9da3d0f0-63ba-4a70-aaf6-7f9eccdad96f,MP-051,M5007971-1,748caf8b-c112-48a3-95bd-4099149f8909,Barbados Golf Club,Barbados Golf Club -0 Durants,Durants,01,BB,17090,Megapower,7a68e918-2948-4d98-8053-506a7ad36942,America/Barbados,"13.0729306,-59.5267344",8/1/2025,8/31/2025,15,5,4491.08,553.9,830.85,BBD
b3efaa90-e68e-4dba-891d-54e6b167fe8f,MP-054,M5012857-4,eafb79a1-0af7-4e3a-888e-7603bd359dc1,W Mall Welches St.Thomas ,Courts -1 W Mall,St.Thomas,11,BB,BB2100,Megapower,7a68e918-2948-4d98-8053-506a7ad36942,America/Barbados,"13.15586,-59.6141",8/1/2025,8/31/2025,9,8,259.36,95.1,142.65,BBD
3caaf783-710a-465e-b5d6-4f94da061478,MP-074,M5005323-3,587470d7-5f5f-43f7-ad3f-5ff2d1780e43,One Barbados Warrens,One Barbados Place-1 Warrens Close,Warrens,08,BB,BB23024,Megapower,7a68e918-2948-4d98-8053-506a7ad36942,America/Barbados,"13.140969,-59.60947",8/1/2025,8/31/2025,63,17,3475.56,1274.4,1458.1,BBD
ce749246-2532-4e97-b2dd-acf930077ed5,MP-014,M5003364-1,59d28f4c-5148-45cf-8f6a-f4537e1477c5,One Haggatt Hall,One Haggatt Hall Complex-0 Two Mile Hill,Haggatt Hall,08,BB,BB19025,Megapower,7a68e918-2948-4d98-8053-506a7ad36942,America/Barbados,"13.1053216,-59.5822663",8/1/2025,8/31/2025,3,1,344.59,42.5,63.75,BBD
c1964a6f-b3fa-4ffd-800c-54e9150f7292,MP-024,5.12101E+13,ee1be5a4-2046-4ae9-9e64-28066a8e1527,The Walk,"The Walk, Welches, St Thomas",Welches,St Thomas,BB,,Megapower,7a68e918-2948-4d98-8053-506a7ad36942,America/Barbados,"13.155103143456,-59.6113313021413",8/1/2025,8/31/2025,120,39,7258.21,3119.1,5373.67,BBD
0c45935a-2de3-4926-bb19-37e6f7a65657,MP-010,M5004376-4,5be9dd25-d9f3-43d6-850e-f93e39227ff7,City Center Mall and Carpark,0 Chapel Street,Bridgetown,08,BB,BB14018,Megapower,7a68e918-2948-4d98-8053-506a7ad36942,America/Barbados,"13.098217704116,-59.6175783039002",8/1/2025,8/31/2025,18,6,2443.78,301.4,452.1,BBD
a76307f4-bf7a-4fba-b850-6b3fe22817aa,MP-006,M5005918-6,e449d556-3bba-4833-a44f-1c7b808652f5,The Condominiums at Palm Beach,"The Condominiums at Palm Beach, Palm Beach Corporate Centre, Lower Ground Floor",Hastings,Christ Church BB15156,BB,,Megapower,7a68e918-2948-4d98-8053-506a7ad36942,America/Barbados,"13.0758939907924,-59.6029012733064",8/1/2025,8/31/2025,3,1,573.24,70.7,106.05,BBD
7d336a40-8fd2-47d7-9688-eea144a71a13,MP-050,M5012546-7,e41091f6-9351-405f-9fb2-297976529042,Cotton Bay (Freights Bay),Freights Bay Surfers Access-00 Enterprise Coast Road,Enterprise,01,BB,BB17127,Megapower,7a68e918-2948-4d98-8053-506a7ad36942,America/Barbados,"13.05355,-59.53499",8/1/2025,8/31/2025,3,3,1003.9,123.9,185.85,BBD
adad2740-0e8b-4216-81cd-f68c7e759ca1,MP-003,M5004376-1,113e0ec0-46c5-440e-97a3-7fc9961afff4,Speightstown Esplanade,Speightstown Esplanade,Speightstown,St. Peter,BB,,Megapower,7a68e918-2948-4d98-8053-506a7ad36942,America/Barbados,"13.2508718611134,-59.6442456867991",8/1/2025,8/31/2025,3,2,741.08,91.4,111.83,BBD
ed7cde09-f76c-4a74-b8c9-35e9143736a0,MP-065,M5012546-6,57bdab15-b886-4ee5-ae47-f99fed67d66b,Cedar Court,Cedar Court Offices - CarPort-1 Wildey Business Park,Wildey,08,BB,BB11000,,,America/Barbados,"13.09375,-59.585849",8/1/2025,8/31/2025,0,0,0,0,0,
affdd94e-5df4-483f-8e67-004aa40a9730,MP-020,5.12101E+13,ee1be5a4-2046-4ae9-9e64-28066a8e1527,The Walk,"The Walk, Welches, St Thomas",Welches,St Thomas,BB,,,,America/Barbados,"13.155103143456,-59.6113313021413",8/1/2025,8/31/2025,0,0,0,0,0,
97c7f6a7-7006-47d9-b131-ab4bf4588444,MP-061,M5012054-6,da62d1c4-cbd6-4389-9c49-4a8db67041cd,Sheraton Center Barbados,Sheraton Center,Sargeant’s Village,Christ Church,BB,,Megapower,7a68e918-2948-4d98-8053-506a7ad36942,America/Barbados,"13.0828117900741,-59.5666073309772",8/1/2025,8/31/2025,95,32,5738,707.7,1011.59,BBD
484ace17-61a1-4166-b6ae-ed4206be189f,MP-004,M5004376-3,3a9ad049-2559-408f-84ae-c0b36ca60b8e,Millennium Heights,N/A-N/A Welches,St. Thomas,St. Thomas,BB,BB22026,Megapower,7a68e918-2948-4d98-8053-506a7ad36942,America/St_Thomas,"13.150460382201004,-59.61058751275202",8/1/2025,8/31/2025,4,2,831.08,102.5,153.75,BBD
909b0205-27ec-42ff-8db5-ca1c5c13f313,MP-1000,M5012856-2,66feb7b7-5b2a-4b3a-9834-1588c486e002,Melbourne Inn,"Apartment Block-4th Ave, Dover",Bridgetown,01,BB,BB15026,Megapower,7a68e918-2948-4d98-8053-506a7ad36942,America/Barbados,"13.0660298,-59.5649616",8/1/2025,8/31/2025,9,4,482.4,176.9,222.2,BBD
c550619e-b231-4fc8-a566-4ce8db512db8,MP-40,M5012054-3,c99c4c69-f2bf-41da-b54a-e2935d9febaf,Barbados Yacht Club,Next to Tennis Court-1 Bay Street,Bridgetown ,08,BB,BB11000,Megapower,7a68e918-2948-4d98-8053-506a7ad36942,America/Barbados,"13.083583,-59.608611",8/1/2025,8/31/2025,14,4,1321.62,163,244.5,BBD
8fe69ffc-3ca7-45c0-80c0-45e3d00bdea7,MP-075,M5012062-9,ec6203e5-a809-48f9-b71c-19f55305b7a2,Megapower Office ,Edghill Building-4 Wildey Business Park,Wildey,08,BB,BB11000,,,America/Barbados,"13.093006,-59.586553",8/1/2025,8/31/2025,0,0,0,0,0,
cdae14e3-bc41-4149-be58-2c590d7448db,MP-055,M5012857-1,ee1be5a4-2046-4ae9-9e64-28066a8e1527,The Walk,"The Walk, Welches, St Thomas",Welches,St Thomas,BB,,Megapower,7a68e918-2948-4d98-8053-506a7ad36942,America/Barbados,"13.155103143456,-59.6113313021413",8/1/2025,8/31/2025,38,17,4449.73,548.8,820.88,BBD
9a445e8d-c406-4697-8eb2-ff7bb31fdcc8,MP-015,M5006097-4,a87a171b-b7a5-4dcf-a5d6-49216d3a6285,Sky Mall,Sky Mall-0 Errol Barrow Highway,Haggatt Hall,08,BB,BB19025,Megapower,7a68e918-2948-4d98-8053-506a7ad36942,America/Barbados,"13.105389,-59.579667",8/1/2025,8/31/2025,82,21,8979.73,1107.5,1366.48,BBD
b553f5ad-d54d-445b-8620-faea6c8380c8,MP-021,,4cd66a5c-b7e0-4080-8b8e-5a23f8817deb,Limegrove,Limegrove Lifestyle Center Carpark,Holetown,St. James,BB,,Megapower,7a68e918-2948-4d98-8053-506a7ad36942,America/Barbados,"13.1865238988325,-59.6359529309767",8/1/2025,8/31/2025,1,1,0,0,0,BBD
6ef10fa0-880c-4209-a116-ca134d8d90b8,MP-080,M5012051-9,1f98780c-5bfe-444a-ab2d-dae32351ba57,The Mill Barbados (Millhouse),The Mill Complex-3 Canewood Industrial Park,Canewood,11,BB,BB11005,Megapower,7a68e918-2948-4d98-8053-506a7ad36942,America/Barbados,"13.147281,-59.593348",8/1/2025,8/31/2025,13,6,302.45,110.9,166.35,BBD
1be5fdf8-6f5d-485f-801f-a441c0cea6da,MP-082,M5012464-6,520e275f-4c35-4ffa-b7b5-9d6bf74c5672,One Welches Ltd,Carport-1 Welches,St.Thomas,11,BB,BB22025,Megapower,7a68e918-2948-4d98-8053-506a7ad36942,America/Barbados,"13.155162,-59.613737",8/1/2025,8/31/2025,11,7,697.36,255.7,383.55,BBD
0118cc50-cc26-4857-9824-25bfd6cd7635,MP-1001,M5012064-2,1010de57-3850-44bd-87e1-c8e5c734fd74,Megapower Lower Estate,Orange Building -1 Megapower Lower Estate,Lower Estate Road,08,BB,BB2100,Megapower,7a68e918-2948-4d98-8053-506a7ad36942,America/Barbados,"13.133618,-59.580635",8/1/2025,8/31/2025,24,5,4217.03,520.1,9.15,BBD
c4fdd3cf-8121-46c1-9a60-a29eb35890ee,MP-076,M5012857-2,3a9ad049-2559-408f-84ae-c0b36ca60b8e,Millennium Heights,N/A-N/A Welches,St. Thomas,St. Thomas,BB,BB22026,Megapower,7a68e918-2948-4d98-8053-506a7ad36942,America/St_Thomas,"13.150460382201004,-59.61058751275202",8/1/2025,8/31/2025,10,2,544.09,199.5,299.24,BBD
d2e3a8cc-fa40-4c16-b5d0-77f32cce9089,MP-Sunlink,M5012062-8,5a016d0f-809d-4491-ab86-994e6beddf51,SunLink,1-Thyme Bottom 1 Pimgrim Place,Bridgetown,01,BB,BB2100,,,America/Barbados,"13.074599,-59.512074",8/1/2025,8/31/2025,0,0,0,0,0,
cd6fbb27-25a6-4f04-ab90-eeaebbba5076,MP-005,M5004376-2,96069110-f22f-4d9b-a0c4-4345247e3a71,Coverley - Food Court,Coverley,,Christ Church,BB,,Megapower,7a68e918-2948-4d98-8053-506a7ad36942,America/Barbados,"13.0845981581339,-59.5015983027884",8/1/2025,8/31/2025,27,13,681.78,84.1,124.91,BBD
f9fd5693-311d-4129-9214-ffad34cfd53c,MP-073,M5010000-10,eafb79a1-0af7-4e3a-888e-7603bd359dc1,W Mall Welches St.Thomas ,Courts -1 W Mall,St.Thomas,11,BB,BB2100,Megapower,7a68e918-2948-4d98-8053-506a7ad36942,America/Barbados,"13.15586,-59.6141",8/1/2025,8/31/2025,13,11,473.73,173.7,260.54,BBD
e452d0fa-5104-4134-b5f7-ae4393adb0ad,MP-052,M5012464-10,0bef2736-d483-4d13-bc2b-1ee33e5d756d,The Crane Resort,The Crane Resort-0 Crane Road,Bridgetown,10,BB,BB18071,Megapower,7a68e918-2948-4d98-8053-506a7ad36942,America/Barbados,"13.10597,-59.44521",8/1/2025,8/31/2025,19,5,958.64,351.5,527.23,BBD
5d414d54-d677-479c-94f3-d903bae6e860,MP-081,M5012464-1,5b5caa1b-0c09-411f-a6b7-ca922aad1b22,Barbados Light & Power - Spring Garden Car PArk,Spring Garden-01 Substation Road,Bridgetown,08,BB,BB24003,,,America/Guayaquil,"13.125772222570074,-59.63226024746143",8/1/2025,8/31/2025,0,0,0,0,0,
3c4f5fac-e042-4ab8-a3ad-8652036d722c,MP-002,M5005103-5,4cd66a5c-b7e0-4080-8b8e-5a23f8817deb,Limegrove,Limegrove Lifestyle Center Carpark,Holetown,St. James,BB,,Megapower,7a68e918-2948-4d98-8053-506a7ad36942,America/Barbados,"13.1865238988325,-59.6359529309767",8/1/2025,8/31/2025,57,22,3431.18,1258.1,1865.78,BBD
0d1d126c-3565-4382-831b-a0dd412b60d2,MP-110,M5012550-10,cf87b876-e6d4-424b-8b12-2ba6976c502e,Government House,Government House-1 Government House,Bridgetown,08,BB,bb2100,,,America/Barbados,"13.1012,-59.5996",8/1/2025,8/31/2025,0,0,0,0,0,
8fcea55b-ec15-4447-804e-6204cf251bcc,MP-013,M5006100-5,ece572a2-9643-415e-9666-25d3a9b6b200,Six Roads -Emerald City,Emerald City Supermerket Carpark-0 Highway 65,Six Roads,10,BB,BB18054,Megapower,7a68e918-2948-4d98-8053-506a7ad36942,America/Barbados,"13.1165433,-59.4761632",8/1/2025,8/31/2025,25,6,2401.62,296.2,444.29,BBD
95de3100-eb4b-4456-a773-f33ef3cb4200,MP-022,5.12201E+13,4f871aee-9709-4397-82af-33e26d08d1ef,Megapower Workshop,0 Wilcox Ridge,Gibbons Boggs,01,BB,BB14016,,,America/Barbados,"13.0668347,-59.5270605",9/1/2025,9/30/2025,0,0,0,0,0,
2ea1f9f0-cc80-4aae-a7f3-db98c2e8ebaa,MP-007,M5005103-10,b8895613-3968-4ea0-bf24-c573d05e9b83,BLPC Garrison,"Barbados Light And Power, Garrison Hill",Garrison,St Thomas,BB,,Megapower,7a68e918-2948-4d98-8053-506a7ad36942,America/Barbados,"13.0813384907889,-59.6077824021418",9/1/2025,9/30/2025,8,4,391.64,143.6,215.38,BBD
5c2202cf-570a-4fa3-a18d-028cac995d63,MP-100,M5012550-2,1010de57-3850-44bd-87e1-c8e5c734fd74,Megapower Lower Estate,Orange Building -1 Megapower Lower Estate,Lower Estate Road,08,BB,BB2100,,,America/Barbados,"13.133618,-59.580635",9/1/2025,9/30/2025,0,0,0,0,0,
77f4259c-03b2-4a8e-b935-e4b6ce434faf,MP-023,5.12101E+13,eafb79a1-0af7-4e3a-888e-7603bd359dc1,W Mall Welches St.Thomas ,Courts -1 W Mall,St.Thomas,11,BB,BB2100,Megapower,7a68e918-2948-4d98-8053-506a7ad36942,America/Barbados,"13.15586,-59.6141",9/1/2025,9/30/2025,55,23,2116.02,881.8,1455.52,BBD
81c08165-7a24-4559-b0dc-f928c656f4cb,MP-059,M5012464-9,87d5bd9e-5f73-42df-ac36-34143e153ad3,Millenium Heights 2,Complex-0 Millenium Heights,Welches,11,BB,bb22130,Megapower,7a68e918-2948-4d98-8053-506a7ad36942,America/Barbados,"13.15199,-59.60893",9/1/2025,9/30/2025,19,3,2297.84,283.4,425.05,BBD
093f4449-4457-41c7-b586-3741d6b16a5b,MP-063,M5012054-4,47880a58-2c0c-48e8-9dd9-3fe2d3d1e4aa,Port St Charles (Pier One Restaurant),Port St Charles-0 Heywoods,Speightstown,09,BB,BB26013,Megapower,7a68e918-2948-4d98-8053-506a7ad36942,America/Barbados,"13.264145,-59.644266",9/1/2025,9/30/2025,24,5,2031.89,250.6,374.03,BBD
8a1bbc63-be29-4154-b3ca-0e7c3f0fe970,MP-058,M5012464-5,520e275f-4c35-4ffa-b7b5-9d6bf74c5672,One Welches Ltd,Carport-1 Welches,St.Thomas,11,BB,BB22025,Megapower,7a68e918-2948-4d98-8053-506a7ad36942,America/Barbados,"13.155162,-59.613737",9/1/2025,9/30/2025,30,8,2894.59,357,535.43,BBD
d9066744-6377-43ba-a203-2f1519a82893,MP-021,5.12101E+13,4cd66a5c-b7e0-4080-8b8e-5a23f8817deb,Limegrove,Limegrove Lifestyle Center Carpark,Holetown,St. James,BB,,Megapower,7a68e918-2948-4d98-8053-506a7ad36942,America/Barbados,"13.1865238988325,-59.6359529309767",9/1/2025,9/30/2025,3,3,0.87,1.5,2.53,BBD
9da3d0f0-63ba-4a70-aaf6-7f9eccdad96f,MP-051,M5007971-1,748caf8b-c112-48a3-95bd-4099149f8909,Barbados Golf Club,Barbados Golf Club -0 Durants,Durants,01,BB,17090,Megapower,7a68e918-2948-4d98-8053-506a7ad36942,America/Barbados,"13.0729306,-59.5267344",9/1/2025,9/30/2025,15,7,2719.46,335.4,503.04,BBD
b3efaa90-e68e-4dba-891d-54e6b167fe8f,MP-054,M5012857-4,eafb79a1-0af7-4e3a-888e-7603bd359dc1,W Mall Welches St.Thomas ,Courts -1 W Mall,St.Thomas,11,BB,BB2100,Megapower,7a68e918-2948-4d98-8053-506a7ad36942,America/Barbados,"13.15586,-59.6141",9/1/2025,9/30/2025,10,7,273,100.1,150.1,BBD
3caaf783-710a-465e-b5d6-4f94da061478,MP-074,M5005323-3,587470d7-5f5f-43f7-ad3f-5ff2d1780e43,One Barbados Warrens,One Barbados Place-1 Warrens Close,Warrens,08,BB,BB23024,Megapower,7a68e918-2948-4d98-8053-506a7ad36942,America/Barbados,"13.140969,-59.60947",9/1/2025,9/30/2025,60,12,2921.73,1071.3,993.05,BBD
ce749246-2532-4e97-b2dd-acf930077ed5,MP-014,M5003364-1,59d28f4c-5148-45cf-8f6a-f4537e1477c5,One Haggatt Hall,One Haggatt Hall Complex-0 Two Mile Hill,Haggatt Hall,08,BB,BB19025,Megapower,7a68e918-2948-4d98-8053-506a7ad36942,America/Barbados,"13.1053216,-59.5822663",9/1/2025,9/30/2025,10,2,2217.57,273.5,410.22,BBD
c1964a6f-b3fa-4ffd-800c-54e9150f7292,MP-024,5.12101E+13,ee1be5a4-2046-4ae9-9e64-28066a8e1527,The Walk,"The Walk, Welches, St Thomas",Welches,St Thomas,BB,,Megapower,7a68e918-2948-4d98-8053-506a7ad36942,America/Barbados,"13.155103143456,-59.6113313021413",9/1/2025,9/30/2025,162,49,10866.05,4655.7,8064.15,BBD
0c45935a-2de3-4926-bb19-37e6f7a65657,MP-010,M5004376-4,5be9dd25-d9f3-43d6-850e-f93e39227ff7,City Center Mall and Carpark,0 Chapel Street,Bridgetown,08,BB,BB14018,Megapower,7a68e918-2948-4d98-8053-506a7ad36942,America/Barbados,"13.098217704116,-59.6175783039002",9/1/2025,9/30/2025,21,7,2420.27,298.5,447.71,BBD
a76307f4-bf7a-4fba-b850-6b3fe22817aa,MP-006,M5005918-6,e449d556-3bba-4833-a44f-1c7b808652f5,The Condominiums at Palm Beach,"The Condominiums at Palm Beach, Palm Beach Corporate Centre, Lower Ground Floor",Hastings,Christ Church BB15156,BB,,Megapower,7a68e918-2948-4d98-8053-506a7ad36942,America/Barbados,"13.0758939907924,-59.6029012733064",9/1/2025,9/30/2025,5,1,1846.22,227.7,341.51,BBD
7d336a40-8fd2-47d7-9688-eea144a71a13,MP-050,M5012546-7,e41091f6-9351-405f-9fb2-297976529042,Cotton Bay (Freights Bay),Freights Bay Surfers Access-00 Enterprise Coast Road,Enterprise,01,BB,BB17127,Megapower,7a68e918-2948-4d98-8053-506a7ad36942,America/Barbados,"13.05355,-59.53499",9/1/2025,9/30/2025,3,1,210.81,26,39,BBD
adad2740-0e8b-4216-81cd-f68c7e759ca1,MP-003,M5004376-1,113e0ec0-46c5-440e-97a3-7fc9961afff4,Speightstown Esplanade,Speightstown Esplanade,Speightstown,St. Peter,BB,,Megapower,7a68e918-2948-4d98-8053-506a7ad36942,America/Barbados,"13.2508718611134,-59.6442456867991",9/1/2025,9/30/2025,12,3,1894.05,233.6,350.36,BBD
ed7cde09-f76c-4a74-b8c9-35e9143736a0,MP-065,M5012546-6,57bdab15-b886-4ee5-ae47-f99fed67d66b,Cedar Court,Cedar Court Offices - CarPort-1 Wildey Business Park,Wildey,08,BB,BB11000,,,America/Barbados,"13.09375,-59.585849",9/1/2025,9/30/2025,0,0,0,0,0,
affdd94e-5df4-483f-8e67-004aa40a9730,MP-020,5.12101E+13,ee1be5a4-2046-4ae9-9e64-28066a8e1527,The Walk,"The Walk, Welches, St Thomas",Welches,St Thomas,BB,,,,America/Barbados,"13.155103143456,-59.6113313021413",9/1/2025,9/30/2025,0,0,0,0,0,
97c7f6a7-7006-47d9-b131-ab4bf4588444,MP-061,M5012054-6,da62d1c4-cbd6-4389-9c49-4a8db67041cd,Sheraton Center Barbados,Sheraton Center,Sargeant’s Village,Christ Church,BB,,Megapower,7a68e918-2948-4d98-8053-506a7ad36942,America/Barbados,"13.0828117900741,-59.5666073309772",9/1/2025,9/30/2025,52,24,7548.65,931,1396.33,BBD
484ace17-61a1-4166-b6ae-ed4206be189f,MP-004,M5004376-3,3a9ad049-2559-408f-84ae-c0b36ca60b8e,Millennium Heights,N/A-N/A Welches,St. Thomas,St. Thomas,BB,BB22026,Megapower,7a68e918-2948-4d98-8053-506a7ad36942,America/St_Thomas,"13.150460382201004,-59.61058751275202",9/1/2025,9/30/2025,9,2,1638.65,202.1,303.14,BBD
909b0205-27ec-42ff-8db5-ca1c5c13f313,MP-1000,M5012856-2,66feb7b7-5b2a-4b3a-9834-1588c486e002,Melbourne Inn,"Apartment Block-4th Ave, Dover",Bridgetown,01,BB,BB15026,Megapower,7a68e918-2948-4d98-8053-506a7ad36942,America/Barbados,"13.0660298,-59.5649616",9/1/2025,9/30/2025,7,3,0,0,0,BBD
c550619e-b231-4fc8-a566-4ce8db512db8,MP-40,M5012054-3,c99c4c69-f2bf-41da-b54a-e2935d9febaf,Barbados Yacht Club,Next to Tennis Court-1 Bay Street,Bridgetown ,08,BB,BB11000,Megapower,7a68e918-2948-4d98-8053-506a7ad36942,America/Barbados,"13.083583,-59.608611",9/1/2025,9/30/2025,35,9,3121.62,385,572.47,BBD
8fe69ffc-3ca7-45c0-80c0-45e3d00bdea7,MP-075,M5012062-9,ec6203e5-a809-48f9-b71c-19f55305b7a2,Megapower Office ,Edghill Building-4 Wildey Business Park,Wildey,08,BB,BB11000,,,America/Barbados,"13.093006,-59.586553",9/1/2025,9/30/2025,0,0,0,0,0,
cdae14e3-bc41-4149-be58-2c590d7448db,MP-055,M5012857-1,ee1be5a4-2046-4ae9-9e64-28066a8e1527,The Walk,"The Walk, Welches, St Thomas",Welches,St Thomas,BB,,Megapower,7a68e918-2948-4d98-8053-506a7ad36942,America/Barbados,"13.155103143456,-59.6113313021413",9/1/2025,9/30/2025,42,18,3349.46,413.1,619.51,BBD
9a445e8d-c406-4697-8eb2-ff7bb31fdcc8,MP-015,M5006097-4,a87a171b-b7a5-4dcf-a5d6-49216d3a6285,Sky Mall,Sky Mall-0 Errol Barrow Highway,Haggatt Hall,08,BB,BB19025,Megapower,7a68e918-2948-4d98-8053-506a7ad36942,America/Barbados,"13.105389,-59.579667",9/1/2025,9/30/2025,70,21,6871.62,847.5,887.57,BBD
6ef10fa0-880c-4209-a116-ca134d8d90b8,MP-080,M5012051-9,1f98780c-5bfe-444a-ab2d-dae32351ba57,The Mill Barbados (Millhouse),The Mill Complex-3 Canewood Industrial Park,Canewood,11,BB,BB11005,Megapower,7a68e918-2948-4d98-8053-506a7ad36942,America/Barbados,"13.147281,-59.593348",9/1/2025,9/30/2025,9,5,134.18,49.2,58.03,BBD
1be5fdf8-6f5d-485f-801f-a441c0cea6da,MP-082,M5012464-6,520e275f-4c35-4ffa-b7b5-9d6bf74c5672,One Welches Ltd,Carport-1 Welches,St.Thomas,11,BB,BB22025,Megapower,7a68e918-2948-4d98-8053-506a7ad36942,America/Barbados,"13.155162,-59.613737",9/1/2025,9/30/2025,10,6,785.73,288.1,432.1,BBD
0118cc50-cc26-4857-9824-25bfd6cd7635,MP-1001,M5012064-2,1010de57-3850-44bd-87e1-c8e5c734fd74,Megapower Lower Estate,Orange Building -1 Megapower Lower Estate,Lower Estate Road,08,BB,BB2100,Megapower,7a68e918-2948-4d98-8053-506a7ad36942,America/Barbados,"13.133618,-59.580635",9/1/2025,9/30/2025,33,4,4727.84,583.1,16.79,BBD
c4fdd3cf-8121-46c1-9a60-a29eb35890ee,MP-076,M5012857-2,3a9ad049-2559-408f-84ae-c0b36ca60b8e,Millennium Heights,N/A-N/A Welches,St. Thomas,St. Thomas,BB,BB22026,Megapower,7a68e918-2948-4d98-8053-506a7ad36942,America/St_Thomas,"13.150460382201004,-59.61058751275202",9/1/2025,9/30/2025,28,4,1009.64,370.2,541.25,BBD
d2e3a8cc-fa40-4c16-b5d0-77f32cce9089,MP-Sunlink,M5012062-8,5a016d0f-809d-4491-ab86-994e6beddf51,SunLink,1-Thyme Bottom 1 Pimgrim Place,Bridgetown,01,BB,BB2100,,,America/Barbados,"13.074599,-59.512074",9/1/2025,9/30/2025,0,0,0,0,0,
cd6fbb27-25a6-4f04-ab90-eeaebbba5076,MP-005,M5004376-2,96069110-f22f-4d9b-a0c4-4345247e3a71,Coverley - Food Court,Coverley,,Christ Church,BB,,Megapower,7a68e918-2948-4d98-8053-506a7ad36942,America/Barbados,"13.0845981581339,-59.5015983027884",9/1/2025,9/30/2025,22,12,895.95,110.5,165.74,BBD
f9fd5693-311d-4129-9214-ffad34cfd53c,MP-073,M5010000-10,eafb79a1-0af7-4e3a-888e-7603bd359dc1,W Mall Welches St.Thomas ,Courts -1 W Mall,St.Thomas,11,BB,BB2100,Megapower,7a68e918-2948-4d98-8053-506a7ad36942,America/Barbados,"13.15586,-59.6141",9/1/2025,9/30/2025,13,7,593.73,217.7,326.54,BBD
e452d0fa-5104-4134-b5f7-ae4393adb0ad,MP-052,M5012464-10,0bef2736-d483-4d13-bc2b-1ee33e5d756d,The Crane Resort,The Crane Resort-0 Crane Road,Bridgetown,10,BB,BB18071,Megapower,7a68e918-2948-4d98-8053-506a7ad36942,America/Barbados,"13.10597,-59.44521",9/1/2025,9/30/2025,10,4,308.45,113.1,169.63,BBD
5d414d54-d677-479c-94f3-d903bae6e860,MP-081,M5012464-1,5b5caa1b-0c09-411f-a6b7-ca922aad1b22,Barbados Light & Power - Spring Garden Car PArk,Spring Garden-01 Substation Road,Bridgetown,08,BB,BB24003,Megapower,7a68e918-2948-4d98-8053-506a7ad36942,America/Guayaquil,"13.125772222570074,-59.63226024746143",9/1/2025,9/30/2025,4,3,211.36,77.5,103.18,BBD
3c4f5fac-e042-4ab8-a3ad-8652036d722c,MP-002,M5005103-5,4cd66a5c-b7e0-4080-8b8e-5a23f8817deb,Limegrove,Limegrove Lifestyle Center Carpark,Holetown,St. James,BB,,Megapower,7a68e918-2948-4d98-8053-506a7ad36942,America/Barbados,"13.1865238988325,-59.6359529309767",9/1/2025,9/30/2025,111,32,5792.45,2123.9,3141.97,BBD
0d1d126c-3565-4382-831b-a0dd412b60d2,MP-110,M5012550-10,cf87b876-e6d4-424b-8b12-2ba6976c502e,Government House,Government House-1 Government House,Bridgetown,08,BB,bb2100,,,America/Barbados,"13.1012,-59.5996",9/1/2025,9/30/2025,0,0,0,0,0,
8fcea55b-ec15-4447-804e-6204cf251bcc,MP-013,M5006100-5,ece572a2-9643-415e-9666-25d3a9b6b200,Six Roads -Emerald City,Emerald City Supermerket Carpark-0 Highway 65,Six Roads,10,BB,BB18054,Megapower,7a68e918-2948-4d98-8053-506a7ad36942,America/Barbados,"13.1165433,-59.4761632",9/1/2025,9/30/2025,11,6,1001.35,123.5,185.23,BBD
95de3100-eb4b-4456-a773-f33ef3cb4200,MP-022,5.12201E+13,4f871aee-9709-4397-82af-33e26d08d1ef,Megapower Workshop,0 Wilcox Ridge,Gibbons Boggs,01,BB,BB14016,,,America/Barbados,"13.0668347,-59.5270605",10/1/2025,10/31/2025,0,0,0,0,0,
2ea1f9f0-cc80-4aae-a7f3-db98c2e8ebaa,MP-007,M5005103-10,b8895613-3968-4ea0-bf24-c573d05e9b83,BLPC Garrison,"Barbados Light And Power, Garrison Hill",Garrison,St Thomas,BB,,Megapower,7a68e918-2948-4d98-8053-506a7ad36942,America/Barbados,"13.0813384907889,-59.6077824021418",10/1/2025,10/31/2025,12,7,535.09,196.2,294.28,BBD
77f4259c-03b2-4a8e-b935-e4b6ce434faf,MP-023,5.12101E+13,eafb79a1-0af7-4e3a-888e-7603bd359dc1,W Mall Welches St.Thomas ,Courts -1 W Mall,St.Thomas,11,BB,BB2100,Megapower,7a68e918-2948-4d98-8053-506a7ad36942,America/Barbados,"13.15586,-59.6141",10/1/2025,10/31/2025,61,26,2426.88,1011.2,1686.81,BBD
81c08165-7a24-4559-b0dc-f928c656f4cb,MP-059,M5012464-9,87d5bd9e-5f73-42df-ac36-34143e153ad3,Millenium Heights 2,Complex-0 Millenium Heights,Welches,11,BB,bb22130,Megapower,7a68e918-2948-4d98-8053-506a7ad36942,America/Barbados,"13.15199,-59.60893",10/1/2025,10/31/2025,15,2,1796.76,221.6,332.33,BBD
093f4449-4457-41c7-b586-3741d6b16a5b,MP-063,M5012054-4,47880a58-2c0c-48e8-9dd9-3fe2d3d1e4aa,Port St Charles (Pier One Restaurant),Port St Charles-0 Heywoods,Speightstown,09,BB,BB26013,Megapower,7a68e918-2948-4d98-8053-506a7ad36942,America/Barbados,"13.264145,-59.644266",10/1/2025,10/31/2025,36,9,6525.41,804.8,1095.91,BBD
8a1bbc63-be29-4154-b3ca-0e7c3f0fe970,MP-058,M5012464-5,520e275f-4c35-4ffa-b7b5-9d6bf74c5672,One Welches Ltd,Carport-1 Welches,St.Thomas,11,BB,BB22025,Megapower,7a68e918-2948-4d98-8053-506a7ad36942,America/Barbados,"13.155162,-59.613737",10/1/2025,10/31/2025,39,6,2453.51,302.6,453.81,BBD
d9066744-6377-43ba-a203-2f1519a82893,MP-021,5.12101E+13,4cd66a5c-b7e0-4080-8b8e-5a23f8817deb,Limegrove,Limegrove Lifestyle Center Carpark,Holetown,St. James,BB,,Megapower,7a68e918-2948-4d98-8053-506a7ad36942,America/Barbados,"13.1865238988325,-59.6359529309767",10/1/2025,10/31/2025,12,6,51.06,85.1,148.9,BBD
9da3d0f0-63ba-4a70-aaf6-7f9eccdad96f,MP-051,M5007971-1,748caf8b-c112-48a3-95bd-4099149f8909,Barbados Golf Club,Barbados Golf Club -0 Durants,Durants,01,BB,17090,Megapower,7a68e918-2948-4d98-8053-506a7ad36942,America/Barbados,"13.0729306,-59.5267344",10/1/2025,10/31/2025,17,9,4538.92,559.8,839.61,BBD
b3efaa90-e68e-4dba-891d-54e6b167fe8f,MP-054,M5012857-4,eafb79a1-0af7-4e3a-888e-7603bd359dc1,W Mall Welches St.Thomas ,Courts -1 W Mall,St.Thomas,11,BB,BB2100,Megapower,7a68e918-2948-4d98-8053-506a7ad36942,America/Barbados,"13.15586,-59.6141",10/1/2025,10/31/2025,13,9,468,171.6,236.81,BBD
3caaf783-710a-465e-b5d6-4f94da061478,MP-074,M5005323-3,587470d7-5f5f-43f7-ad3f-5ff2d1780e43,One Barbados Warrens,One Barbados Place-1 Warrens Close,Warrens,08,BB,BB23024,Megapower,7a68e918-2948-4d98-8053-506a7ad36942,America/Barbados,"13.140969,-59.60947",10/1/2025,10/31/2025,55,10,2630.18,964.4,969.05,BBD
ce749246-2532-4e97-b2dd-acf930077ed5,MP-014,M5003364-1,59d28f4c-5148-45cf-8f6a-f4537e1477c5,One Haggatt Hall,One Haggatt Hall Complex-0 Two Mile Hill,Haggatt Hall,08,BB,BB19025,Megapower,7a68e918-2948-4d98-8053-506a7ad36942,America/Barbados,"13.1053216,-59.5822663",10/1/2025,10/31/2025,4,1,820.54,101.2,151.79,BBD
c1964a6f-b3fa-4ffd-800c-54e9150f7292,MP-024,5.12101E+13,ee1be5a4-2046-4ae9-9e64-28066a8e1527,The Walk,"The Walk, Welches, St Thomas",Welches,St Thomas,BB,,Megapower,7a68e918-2948-4d98-8053-506a7ad36942,America/Barbados,"13.155103143456,-59.6113313021413",10/1/2025,10/31/2025,163,54,9639.02,4160,6899,BBD
0c45935a-2de3-4926-bb19-37e6f7a65657,MP-010,M5004376-4,5be9dd25-d9f3-43d6-850e-f93e39227ff7,City Center Mall and Carpark,0 Chapel Street,Bridgetown,08,BB,BB14018,Megapower,7a68e918-2948-4d98-8053-506a7ad36942,America/Barbados,"13.098217704116,-59.6175783039002",10/1/2025,10/31/2025,15,6,2349.73,289.8,434.66,BBD
7d336a40-8fd2-47d7-9688-eea144a71a13,MP-050,M5012546-7,e41091f6-9351-405f-9fb2-297976529042,Cotton Bay (Freights Bay),Freights Bay Surfers Access-00 Enterprise Coast Road,Enterprise,01,BB,BB17127,Megapower,7a68e918-2948-4d98-8053-506a7ad36942,America/Barbados,"13.05355,-59.53499",10/1/2025,10/31/2025,13,4,1297.3,160,239.99,BBD
a76307f4-bf7a-4fba-b850-6b3fe22817aa,MP-006,M5005918-6,e449d556-3bba-4833-a44f-1c7b808652f5,The Condominiums at Palm Beach,"The Condominiums at Palm Beach, Palm Beach Corporate Centre, Lower Ground Floor",Hastings,Christ Church BB15156,BB,,,,America/Barbados,"13.0758939907924,-59.6029012733064",10/1/2025,10/31/2025,0,0,0,0,0,
ed7cde09-f76c-4a74-b8c9-35e9143736a0,MP-065,M5012546-6,57bdab15-b886-4ee5-ae47-f99fed67d66b,Cedar Court,Cedar Court Offices - CarPort-1 Wildey Business Park,Wildey,08,BB,BB11000,,,America/Barbados,"13.09375,-59.585849",10/1/2025,10/31/2025,0,0,0,0,0,
adad2740-0e8b-4216-81cd-f68c7e759ca1,MP-003,M5004376-1,113e0ec0-46c5-440e-97a3-7fc9961afff4,Speightstown Esplanade,Speightstown Esplanade,Speightstown,St. Peter,BB,,,,America/Barbados,"13.2508718611134,-59.6442456867991",10/1/2025,10/31/2025,0,0,0,0,0,
affdd94e-5df4-483f-8e67-004aa40a9730,MP-020,5.12101E+13,ee1be5a4-2046-4ae9-9e64-28066a8e1527,The Walk,"The Walk, Welches, St Thomas",Welches,St Thomas,BB,,,,America/Barbados,"13.155103143456,-59.6113313021413",10/1/2025,10/31/2025,0,0,0,0,0,
97c7f6a7-7006-47d9-b131-ab4bf4588444,MP-061,M5012054-6,da62d1c4-cbd6-4389-9c49-4a8db67041cd,Sheraton Center Barbados,Sheraton Center,Sargeant’s Village,Christ Church,BB,,Megapower,7a68e918-2948-4d98-8053-506a7ad36942,America/Barbados,"13.0828117900741,-59.5666073309772",10/1/2025,10/31/2025,45,17,4700.27,579.7,869.43,BBD
484ace17-61a1-4166-b6ae-ed4206be189f,MP-004,M5004376-3,3a9ad049-2559-408f-84ae-c0b36ca60b8e,Millennium Heights,N/A-N/A Welches,St. Thomas,St. Thomas,BB,BB22026,Megapower,7a68e918-2948-4d98-8053-506a7ad36942,America/St_Thomas,"13.150460382201004,-59.61058751275202",10/1/2025,10/31/2025,20,4,1974.32,243.5,365.16,BBD
909b0205-27ec-42ff-8db5-ca1c5c13f313,MP-1000,M5012856-2,66feb7b7-5b2a-4b3a-9834-1588c486e002,Melbourne Inn,"Apartment Block-4th Ave, Dover",Bridgetown,01,BB,BB15026,Megapower,7a68e918-2948-4d98-8053-506a7ad36942,America/Barbados,"13.0660298,-59.5649616",10/1/2025,10/31/2025,6,2,80.73,29.6,44.39,BBD
c550619e-b231-4fc8-a566-4ce8db512db8,MP-40,M5012054-3,c99c4c69-f2bf-41da-b54a-e2935d9febaf,Barbados Yacht Club,Next to Tennis Court-1 Bay Street,Bridgetown ,08,BB,BB11000,Megapower,7a68e918-2948-4d98-8053-506a7ad36942,America/Barbados,"13.083583,-59.608611",10/1/2025,10/31/2025,24,6,1711.62,211.1,304.61,BBD
8fe69ffc-3ca7-45c0-80c0-45e3d00bdea7,MP-075,M5012062-9,ec6203e5-a809-48f9-b71c-19f55305b7a2,Megapower Office ,Edghill Building-4 Wildey Business Park,Wildey,08,BB,BB11000,,,America/Barbados,"13.093006,-59.586553",10/1/2025,10/31/2025,0,0,0,0,0,
9a445e8d-c406-4697-8eb2-ff7bb31fdcc8,MP-015,M5006097-4,a87a171b-b7a5-4dcf-a5d6-49216d3a6285,Sky Mall,Sky Mall-0 Errol Barrow Highway,Haggatt Hall,08,BB,BB19025,Megapower,7a68e918-2948-4d98-8053-506a7ad36942,America/Barbados,"13.105389,-59.579667",10/1/2025,10/31/2025,71,22,5643.66,696.1,746.09,BBD
cdae14e3-bc41-4149-be58-2c590d7448db,MP-055,M5012857-1,ee1be5a4-2046-4ae9-9e64-28066a8e1527,The Walk,"The Walk, Welches, St Thomas",Welches,St Thomas,BB,,Megapower,7a68e918-2948-4d98-8053-506a7ad36942,America/Barbados,"13.155103143456,-59.6113313021413",10/1/2025,10/31/2025,39,9,2898.65,357.5,342.83,BBD
6ef10fa0-880c-4209-a116-ca134d8d90b8,MP-080,M5012051-9,1f98780c-5bfe-444a-ab2d-dae32351ba57,The Mill Barbados (Millhouse),The Mill Complex-3 Canewood Industrial Park,Canewood,11,BB,BB11005,Megapower,7a68e918-2948-4d98-8053-506a7ad36942,America/Barbados,"13.147281,-59.593348",10/1/2025,10/31/2025,14,7,100.36,36.8,55.18,BBD
1be5fdf8-6f5d-485f-801f-a441c0cea6da,MP-082,M5012464-6,520e275f-4c35-4ffa-b7b5-9d6bf74c5672,One Welches Ltd,Carport-1 Welches,St.Thomas,11,BB,BB22025,Megapower,7a68e918-2948-4d98-8053-506a7ad36942,America/Barbados,"13.155162,-59.613737",10/1/2025,10/31/2025,14,5,897.82,329.2,493.76,BBD
0118cc50-cc26-4857-9824-25bfd6cd7635,MP-1001,M5012064-2,1010de57-3850-44bd-87e1-c8e5c734fd74,Megapower Lower Estate,Orange Building -1 Megapower Lower Estate,Lower Estate Road,08,BB,BB2100,Megapower,7a68e918-2948-4d98-8053-506a7ad36942,America/Barbados,"13.133618,-59.580635",10/1/2025,10/31/2025,41,5,5206.4,642.2,4.12,BBD
c4fdd3cf-8121-46c1-9a60-a29eb35890ee,MP-076,M5012857-2,3a9ad049-2559-408f-84ae-c0b36ca60b8e,Millennium Heights,N/A-N/A Welches,St. Thomas,St. Thomas,BB,BB22026,Megapower,7a68e918-2948-4d98-8053-506a7ad36942,America/St_Thomas,"13.150460382201004,-59.61058751275202",10/1/2025,10/31/2025,7,3,161.73,59.3,88.95,BBD
d2e3a8cc-fa40-4c16-b5d0-77f32cce9089,MP-Sunlink,M5012062-8,5a016d0f-809d-4491-ab86-994e6beddf51,SunLink,1-Thyme Bottom 1 Pimgrim Place,Bridgetown,01,BB,BB2100,,,America/Barbados,"13.074599,-59.512074",10/1/2025,10/31/2025,0,0,0,0,0,
cd6fbb27-25a6-4f04-ab90-eeaebbba5076,MP-005,M5004376-2,96069110-f22f-4d9b-a0c4-4345247e3a71,Coverley - Food Court,Coverley,,Christ Church,BB,,Megapower,7a68e918-2948-4d98-8053-506a7ad36942,America/Barbados,"13.0845981581339,-59.5015983027884",10/1/2025,10/31/2025,25,7,717.57,88.5,132.71,BBD
f9fd5693-311d-4129-9214-ffad34cfd53c,MP-073,M5010000-10,eafb79a1-0af7-4e3a-888e-7603bd359dc1,W Mall Welches St.Thomas ,Courts -1 W Mall,St.Thomas,11,BB,BB2100,Megapower,7a68e918-2948-4d98-8053-506a7ad36942,America/Barbados,"13.15586,-59.6141",10/1/2025,10/31/2025,27,14,1026,376.2,564.23,BBD
e452d0fa-5104-4134-b5f7-ae4393adb0ad,MP-052,M5012464-10,0bef2736-d483-4d13-bc2b-1ee33e5d756d,The Crane Resort,The Crane Resort-0 Crane Road,Bridgetown,10,BB,BB18071,Megapower,7a68e918-2948-4d98-8053-506a7ad36942,America/Barbados,"13.10597,-59.44521",10/1/2025,10/31/2025,15,4,667.64,244.8,367.18,BBD
5d414d54-d677-479c-94f3-d903bae6e860,MP-081,M5012464-1,5b5caa1b-0c09-411f-a6b7-ca922aad1b22,Barbados Light & Power - Spring Garden Car PArk,Spring Garden-01 Substation Road,Bridgetown,08,BB,BB24003,Megapower,7a68e918-2948-4d98-8053-506a7ad36942,America/Guayaquil,"13.125772222570074,-59.63226024746143",10/1/2025,10/31/2025,3,3,163.09,59.8,89.7,BBD
3c4f5fac-e042-4ab8-a3ad-8652036d722c,MP-002,M5005103-5,4cd66a5c-b7e0-4080-8b8e-5a23f8817deb,Limegrove,Limegrove Lifestyle Center Carpark,Holetown,St. James,BB,,Megapower,7a68e918-2948-4d98-8053-506a7ad36942,America/Barbados,"13.1865238988325,-59.6359529309767",10/1/2025,10/31/2025,102,37,6183.71,2267.4,3345.92,BBD
8fcea55b-ec15-4447-804e-6204cf251bcc,MP-013,M5006100-5,ece572a2-9643-415e-9666-25d3a9b6b200,Six Roads -Emerald City,Emerald City Supermerket Carpark-0 Highway 65,Six Roads,10,BB,BB18054,Megapower,7a68e918-2948-4d98-8053-506a7ad36942,America/Barbados,"13.1165433,-59.4761632",10/1/2025,10/31/2025,29,9,2220,273.8,410.58,BBD
95de3100-eb4b-4456-a773-f33ef3cb4200,MP-022,5.12201E+13,4f871aee-9709-4397-82af-33e26d08d1ef,Megapower Workshop,0 Wilcox Ridge,Gibbons Boggs,01,BB,BB14016,,,America/Barbados,"13.0668347,-59.5270605",11/1/2025,11/30/2025,0,0,0,0,0,
2ea1f9f0-cc80-4aae-a7f3-db98c2e8ebaa,MP-007,M5005103-10,b8895613-3968-4ea0-bf24-c573d05e9b83,BLPC Garrison,"Barbados Light And Power, Garrison Hill",Garrison,St Thomas,BB,,Megapower,7a68e918-2948-4d98-8053-506a7ad36942,America/Barbados,"13.0813384907889,-59.6077824021418",11/1/2025,11/30/2025,6,4,246.82,90.5,135.73,BBD
77f4259c-03b2-4a8e-b935-e4b6ce434faf,MP-023,5.12101E+13,eafb79a1-0af7-4e3a-888e-7603bd359dc1,W Mall Welches St.Thomas ,Courts -1 W Mall,St.Thomas,11,BB,BB2100,Megapower,7a68e918-2948-4d98-8053-506a7ad36942,America/Barbados,"13.15586,-59.6141",11/1/2025,11/30/2025,39,24,1517.52,632.3,1042.89,BBD
81c08165-7a24-4559-b0dc-f928c656f4cb,MP-059,M5012464-9,87d5bd9e-5f73-42df-ac36-34143e153ad3,Millenium Heights 2,Complex-0 Millenium Heights,Welches,11,BB,bb22130,Megapower,7a68e918-2948-4d98-8053-506a7ad36942,America/Barbados,"13.15199,-59.60893",11/1/2025,11/30/2025,18,3,2449.46,302.1,453.09,BBD
093f4449-4457-41c7-b586-3741d6b16a5b,MP-063,M5012054-4,47880a58-2c0c-48e8-9dd9-3fe2d3d1e4aa,Port St Charles (Pier One Restaurant),Port St Charles-0 Heywoods,Speightstown,09,BB,BB26013,Megapower,7a68e918-2948-4d98-8053-506a7ad36942,America/Barbados,"13.264145,-59.644266",11/1/2025,11/30/2025,27,9,4054.86,500.1,750.05,BBD
8a1bbc63-be29-4154-b3ca-0e7c3f0fe970,MP-058,M5012464-5,520e275f-4c35-4ffa-b7b5-9d6bf74c5672,One Welches Ltd,Carport-1 Welches,St.Thomas,11,BB,BB22025,Megapower,7a68e918-2948-4d98-8053-506a7ad36942,America/Barbados,"13.155162,-59.613737",11/1/2025,11/30/2025,35,5,2751.08,339.3,508.81,BBD
d9066744-6377-43ba-a203-2f1519a82893,MP-021,5.12101E+13,4cd66a5c-b7e0-4080-8b8e-5a23f8817deb,Limegrove,Limegrove Lifestyle Center Carpark,Holetown,St. James,BB,,Megapower,7a68e918-2948-4d98-8053-506a7ad36942,America/Barbados,"13.1865238988325,-59.6359529309767",11/1/2025,11/30/2025,19,7,3.43,5.7,10.01,BBD
9da3d0f0-63ba-4a70-aaf6-7f9eccdad96f,MP-051,M5007971-1,748caf8b-c112-48a3-95bd-4099149f8909,Barbados Golf Club,Barbados Golf Club -0 Durants,Durants,01,BB,17090,Megapower,7a68e918-2948-4d98-8053-506a7ad36942,America/Barbados,"13.0729306,-59.5267344",11/1/2025,11/30/2025,7,6,934.86,115.3,172.94,BBD
b3efaa90-e68e-4dba-891d-54e6b167fe8f,MP-054,M5012857-4,eafb79a1-0af7-4e3a-888e-7603bd359dc1,W Mall Welches St.Thomas ,Courts -1 W Mall,St.Thomas,11,BB,BB2100,Megapower,7a68e918-2948-4d98-8053-506a7ad36942,America/Barbados,"13.15586,-59.6141",11/1/2025,11/30/2025,7,5,192.27,70.5,105.73,BBD
3caaf783-710a-465e-b5d6-4f94da061478,MP-074,M5005323-3,587470d7-5f5f-43f7-ad3f-5ff2d1780e43,One Barbados Warrens,One Barbados Place-1 Warrens Close,Warrens,08,BB,BB23024,Megapower,7a68e918-2948-4d98-8053-506a7ad36942,America/Barbados,"13.140969,-59.60947",11/1/2025,11/30/2025,53,9,2601,953.7,996.33,BBD
ce749246-2532-4e97-b2dd-acf930077ed5,MP-014,M5003364-1,59d28f4c-5148-45cf-8f6a-f4537e1477c5,One Haggatt Hall,One Haggatt Hall Complex-0 Two Mile Hill,Haggatt Hall,08,BB,BB19025,Megapower,7a68e918-2948-4d98-8053-506a7ad36942,America/Barbados,"13.1053216,-59.5822663",11/1/2025,11/30/2025,3,2,197.03,24.3,36.44,BBD
c1964a6f-b3fa-4ffd-800c-54e9150f7292,MP-024,5.12101E+13,ee1be5a4-2046-4ae9-9e64-28066a8e1527,The Walk,"The Walk, Welches, St Thomas",Welches,St Thomas,BB,,Megapower,7a68e918-2948-4d98-8053-506a7ad36942,America/Barbados,"13.155103143456,-59.6113313021413",11/1/2025,11/30/2025,131,44,6869.8,2952.1,5082.82,BBD
0c45935a-2de3-4926-bb19-37e6f7a65657,MP-010,M5004376-4,5be9dd25-d9f3-43d6-850e-f93e39227ff7,City Center Mall and Carpark,0 Chapel Street,Bridgetown,08,BB,BB14018,Megapower,7a68e918-2948-4d98-8053-506a7ad36942,America/Barbados,"13.098217704116,-59.6175783039002",11/1/2025,11/30/2025,17,9,2024.59,249.7,374.53,BBD
7d336a40-8fd2-47d7-9688-eea144a71a13,MP-050,M5012546-7,e41091f6-9351-405f-9fb2-297976529042,Cotton Bay (Freights Bay),Freights Bay Surfers Access-00 Enterprise Coast Road,Enterprise,01,BB,BB17127,Megapower,7a68e918-2948-4d98-8053-506a7ad36942,America/Barbados,"13.05355,-59.53499",11/1/2025,11/30/2025,12,6,1692.97,208.8,313.18,BBD
a76307f4-bf7a-4fba-b850-6b3fe22817aa,MP-006,M5005918-6,e449d556-3bba-4833-a44f-1c7b808652f5,The Condominiums at Palm Beach,"The Condominiums at Palm Beach, Palm Beach Corporate Centre, Lower Ground Floor",Hastings,Christ Church BB15156,BB,,Megapower,7a68e918-2948-4d98-8053-506a7ad36942,America/Barbados,"13.0758939907924,-59.6029012733064",11/1/2025,11/30/2025,2,1,240,29.6,44.4,BBD
adad2740-0e8b-4216-81cd-f68c7e759ca1,MP-003,M5004376-1,113e0ec0-46c5-440e-97a3-7fc9961afff4,Speightstown Esplanade,Speightstown Esplanade,Speightstown,St. Peter,BB,,Megapower,7a68e918-2948-4d98-8053-506a7ad36942,America/Barbados,"13.2508718611134,-59.6442456867991",11/1/2025,11/30/2025,4,4,417.57,51.5,77.23,BBD
ed7cde09-f76c-4a74-b8c9-35e9143736a0,MP-065,M5012546-6,57bdab15-b886-4ee5-ae47-f99fed67d66b,Cedar Court,Cedar Court Offices - CarPort-1 Wildey Business Park,Wildey,08,BB,BB11000,,,America/Barbados,"13.09375,-59.585849",11/1/2025,11/30/2025,0,0,0,0,0,
affdd94e-5df4-483f-8e67-004aa40a9730,MP-020,5.12101E+13,ee1be5a4-2046-4ae9-9e64-28066a8e1527,The Walk,"The Walk, Welches, St Thomas",Welches,St Thomas,BB,,,,America/Barbados,"13.155103143456,-59.6113313021413",11/1/2025,11/30/2025,0,0,0,0,0,
97c7f6a7-7006-47d9-b131-ab4bf4588444,MP-061,M5012054-6,da62d1c4-cbd6-4389-9c49-4a8db67041cd,Sheraton Center Barbados,Sheraton Center,Sargeant’s Village,Christ Church,BB,,Megapower,7a68e918-2948-4d98-8053-506a7ad36942,America/Barbados,"13.0828117900741,-59.5666073309772",11/1/2025,11/30/2025,60,17,5844.32,720.8,1080.98,BBD
484ace17-61a1-4166-b6ae-ed4206be189f,MP-004,M5004376-3,3a9ad049-2559-408f-84ae-c0b36ca60b8e,Millennium Heights,N/A-N/A Welches,St. Thomas,St. Thomas,BB,BB22026,Megapower,7a68e918-2948-4d98-8053-506a7ad36942,America/St_Thomas,"13.150460382201004,-59.61058751275202",11/1/2025,11/30/2025,4,2,221.35,27.3,39.45,BBD
909b0205-27ec-42ff-8db5-ca1c5c13f313,MP-1000,M5012856-2,66feb7b7-5b2a-4b3a-9834-1588c486e002,Melbourne Inn,"Apartment Block-4th Ave, Dover",Bridgetown,01,BB,BB15026,Megapower,7a68e918-2948-4d98-8053-506a7ad36942,America/Barbados,"13.0660298,-59.5649616",11/1/2025,11/30/2025,3,3,99.27,36.4,52.79,BBD
c550619e-b231-4fc8-a566-4ce8db512db8,MP-40,M5012054-3,c99c4c69-f2bf-41da-b54a-e2935d9febaf,Barbados Yacht Club,Next to Tennis Court-1 Bay Street,Bridgetown ,08,BB,BB11000,Megapower,7a68e918-2948-4d98-8053-506a7ad36942,America/Barbados,"13.083583,-59.608611",11/1/2025,11/30/2025,41,6,2797.56,345.1,464.52,BBD
8fe69ffc-3ca7-45c0-80c0-45e3d00bdea7,MP-075,M5012062-9,ec6203e5-a809-48f9-b71c-19f55305b7a2,Megapower Office ,Edghill Building-4 Wildey Business Park,Wildey,08,BB,BB11000,,,America/Barbados,"13.093006,-59.586553",11/1/2025,11/30/2025,0,0,0,0,0,
cdae14e3-bc41-4149-be58-2c590d7448db,MP-055,M5012857-1,ee1be5a4-2046-4ae9-9e64-28066a8e1527,The Walk,"The Walk, Welches, St Thomas",Welches,St Thomas,BB,,Megapower,7a68e918-2948-4d98-8053-506a7ad36942,America/Barbados,"13.155103143456,-59.6113313021413",11/1/2025,11/30/2025,23,16,1669.46,205.9,308.81,BBD
9a445e8d-c406-4697-8eb2-ff7bb31fdcc8,MP-015,M5006097-4,a87a171b-b7a5-4dcf-a5d6-49216d3a6285,Sky Mall,Sky Mall-0 Errol Barrow Highway,Haggatt Hall,08,BB,BB19025,Megapower,7a68e918-2948-4d98-8053-506a7ad36942,America/Barbados,"13.105389,-59.579667",11/1/2025,11/30/2025,37,16,3758.11,463.5,430.42,BBD
6ef10fa0-880c-4209-a116-ca134d8d90b8,MP-080,M5012051-9,1f98780c-5bfe-444a-ab2d-dae32351ba57,The Mill Barbados (Millhouse),The Mill Complex-3 Canewood Industrial Park,Canewood,11,BB,BB11005,Megapower,7a68e918-2948-4d98-8053-506a7ad36942,America/Barbados,"13.147281,-59.593348",11/1/2025,11/30/2025,18,8,489.55,179.5,269.18,BBD
1be5fdf8-6f5d-485f-801f-a441c0cea6da,MP-082,M5012464-6,520e275f-4c35-4ffa-b7b5-9d6bf74c5672,One Welches Ltd,Carport-1 Welches,St.Thomas,11,BB,BB22025,Megapower,7a68e918-2948-4d98-8053-506a7ad36942,America/Barbados,"13.155162,-59.613737",11/1/2025,11/30/2025,10,4,628.36,230.4,345.56,BBD
0118cc50-cc26-4857-9824-25bfd6cd7635,MP-1001,M5012064-2,1010de57-3850-44bd-87e1-c8e5c734fd74,Megapower Lower Estate,Orange Building -1 Megapower Lower Estate,Lower Estate Road,08,BB,BB2100,Megapower,7a68e918-2948-4d98-8053-506a7ad36942,America/Barbados,"13.133618,-59.580635",11/1/2025,11/30/2025,19,3,3332.11,411,0,BBD
c4fdd3cf-8121-46c1-9a60-a29eb35890ee,MP-076,M5012857-2,3a9ad049-2559-408f-84ae-c0b36ca60b8e,Millennium Heights,N/A-N/A Welches,St. Thomas,St. Thomas,BB,BB22026,Megapower,7a68e918-2948-4d98-8053-506a7ad36942,America/St_Thomas,"13.150460382201004,-59.61058751275202",11/1/2025,11/30/2025,11,2,602.45,220.9,331.3,BBD
d2e3a8cc-fa40-4c16-b5d0-77f32cce9089,MP-Sunlink,M5012062-8,5a016d0f-809d-4491-ab86-994e6beddf51,SunLink,1-Thyme Bottom 1 Pimgrim Place,Bridgetown,01,BB,BB2100,,,America/Barbados,"13.074599,-59.512074",11/1/2025,11/30/2025,0,0,0,0,0,
cd6fbb27-25a6-4f04-ab90-eeaebbba5076,MP-005,M5004376-2,96069110-f22f-4d9b-a0c4-4345247e3a71,Coverley - Food Court,Coverley,,Christ Church,BB,,Megapower,7a68e918-2948-4d98-8053-506a7ad36942,America/Barbados,"13.0845981581339,-59.5015983027884",11/1/2025,11/30/2025,34,10,3621.08,446.6,662.62,BBD
f9fd5693-311d-4129-9214-ffad34cfd53c,MP-073,M5010000-10,eafb79a1-0af7-4e3a-888e-7603bd359dc1,W Mall Welches St.Thomas ,Courts -1 W Mall,St.Thomas,11,BB,BB2100,Megapower,7a68e918-2948-4d98-8053-506a7ad36942,America/Barbados,"13.15586,-59.6141",11/1/2025,11/30/2025,10,7,309.27,113.4,170.08,BBD
e452d0fa-5104-4134-b5f7-ae4393adb0ad,MP-052,M5012464-10,0bef2736-d483-4d13-bc2b-1ee33e5d756d,The Crane Resort,The Crane Resort-0 Crane Road,Bridgetown,10,BB,BB18071,Megapower,7a68e918-2948-4d98-8053-506a7ad36942,America/Barbados,"13.10597,-59.44521",11/1/2025,11/30/2025,14,6,804.27,294.9,442.31,BBD
5d414d54-d677-479c-94f3-d903bae6e860,MP-081,M5012464-1,5b5caa1b-0c09-411f-a6b7-ca922aad1b22,Barbados Light & Power - Spring Garden Car PArk,Spring Garden-01 Substation Road,Bridgetown,08,BB,BB24003,Megapower,7a68e918-2948-4d98-8053-506a7ad36942,America/Guayaquil,"13.125772222570074,-59.63226024746143",11/1/2025,11/30/2025,10,2,751.36,275.5,413.22,BBD
3c4f5fac-e042-4ab8-a3ad-8652036d722c,MP-002,M5005103-5,4cd66a5c-b7e0-4080-8b8e-5a23f8817deb,Limegrove,Limegrove Lifestyle Center Carpark,Holetown,St. James,BB,,Megapower,7a68e918-2948-4d98-8053-506a7ad36942,America/Barbados,"13.1865238988325,-59.6359529309767",11/1/2025,11/30/2025,116,43,5970.27,2189.1,3233.3,BBD
8fcea55b-ec15-4447-804e-6204cf251bcc,MP-013,M5006100-5,ece572a2-9643-415e-9666-25d3a9b6b200,Six Roads -Emerald City,Emerald City Supermerket Carpark-0 Highway 65,Six Roads,10,BB,BB18054,Megapower,7a68e918-2948-4d98-8053-506a7ad36942,America/Barbados,"13.1165433,-59.4761632",11/1/2025,11/30/2025,35,10,3475.95,428.7,642.92,BBD
95de3100-eb4b-4456-a773-f33ef3cb4200,MP-022,5.12201E+13,4f871aee-9709-4397-82af-33e26d08d1ef,Megapower Workshop,0 Wilcox Ridge,Gibbons Boggs,01,BB,BB14016,,,America/Barbados,"13.0668347,-59.5270605",12/1/2025,12/31/2025,0,0,0,0,0,
2ea1f9f0-cc80-4aae-a7f3-db98c2e8ebaa,MP-007,M5005103-10,b8895613-3968-4ea0-bf24-c573d05e9b83,BLPC Garrison,"Barbados Light And Power, Garrison Hill",Garrison,St Thomas,BB,,Megapower,7a68e918-2948-4d98-8053-506a7ad36942,America/Barbados,"13.0813384907889,-59.6077824021418",12/1/2025,12/31/2025,8,4,156.82,57.5,86.24,BBD
77f4259c-03b2-4a8e-b935-e4b6ce434faf,MP-023,5.12101E+13,eafb79a1-0af7-4e3a-888e-7603bd359dc1,W Mall Welches St.Thomas ,Courts -1 W Mall,St.Thomas,11,BB,BB2100,Megapower,7a68e918-2948-4d98-8053-506a7ad36942,America/Barbados,"13.15586,-59.6141",12/1/2025,12/31/2025,45,25,2306.16,960.9,1571.2,BBD
81c08165-7a24-4559-b0dc-f928c656f4cb,MP-059,M5012464-9,87d5bd9e-5f73-42df-ac36-34143e153ad3,Millenium Heights 2,Complex-0 Millenium Heights,Welches,11,BB,bb22130,Megapower,7a68e918-2948-4d98-8053-506a7ad36942,America/Barbados,"13.15199,-59.60893",12/1/2025,12/31/2025,17,4,2704.05,333.5,500.19,BBD
093f4449-4457-41c7-b586-3741d6b16a5b,MP-063,M5012054-4,47880a58-2c0c-48e8-9dd9-3fe2d3d1e4aa,Port St Charles (Pier One Restaurant),Port St Charles-0 Heywoods,Speightstown,09,BB,BB26013,Megapower,7a68e918-2948-4d98-8053-506a7ad36942,America/Barbados,"13.264145,-59.644266",12/1/2025,12/31/2025,44,10,8351.35,1030,1544.83,BBD
8a1bbc63-be29-4154-b3ca-0e7c3f0fe970,MP-058,M5012464-5,520e275f-4c35-4ffa-b7b5-9d6bf74c5672,One Welches Ltd,Carport-1 Welches,St.Thomas,11,BB,BB22025,Megapower,7a68e918-2948-4d98-8053-506a7ad36942,America/Barbados,"13.155162,-59.613737",12/1/2025,12/31/2025,25,6,2297.84,283.4,425,BBD
d9066744-6377-43ba-a203-2f1519a82893,MP-021,5.12101E+13,4cd66a5c-b7e0-4080-8b8e-5a23f8817deb,Limegrove,Limegrove Lifestyle Center Carpark,Holetown,St. James,BB,,,,America/Barbados,"13.1865238988325,-59.6359529309767",12/1/2025,12/31/2025,0,0,0,0,0,
9da3d0f0-63ba-4a70-aaf6-7f9eccdad96f,MP-051,M5007971-1,748caf8b-c112-48a3-95bd-4099149f8909,Barbados Golf Club,Barbados Golf Club -0 Durants,Durants,01,BB,17090,Megapower,7a68e918-2948-4d98-8053-506a7ad36942,America/Barbados,"13.0729306,-59.5267344",12/1/2025,12/31/2025,13,4,1686.49,208,311.97,BBD
b3efaa90-e68e-4dba-891d-54e6b167fe8f,MP-054,M5012857-4,eafb79a1-0af7-4e3a-888e-7603bd359dc1,W Mall Welches St.Thomas ,Courts -1 W Mall,St.Thomas,11,BB,BB2100,Megapower,7a68e918-2948-4d98-8053-506a7ad36942,America/Barbados,"13.15586,-59.6141",12/1/2025,12/31/2025,17,10,496.36,182,205.18,BBD
3caaf783-710a-465e-b5d6-4f94da061478,MP-074,M5005323-3,587470d7-5f5f-43f7-ad3f-5ff2d1780e43,One Barbados Warrens,One Barbados Place-1 Warrens Close,Warrens,08,BB,BB23024,Megapower,7a68e918-2948-4d98-8053-506a7ad36942,America/Barbados,"13.140969,-59.60947",12/1/2025,12/31/2025,42,13,2029.64,744.2,812.03,BBD
ce749246-2532-4e97-b2dd-acf930077ed5,MP-014,M5003364-1,59d28f4c-5148-45cf-8f6a-f4537e1477c5,One Haggatt Hall,One Haggatt Hall Complex-0 Two Mile Hill,Haggatt Hall,08,BB,BB19025,Megapower,7a68e918-2948-4d98-8053-506a7ad36942,America/Barbados,"13.1053216,-59.5822663",12/1/2025,12/31/2025,9,2,1557.57,192.1,288.08,BBD
c1964a6f-b3fa-4ffd-800c-54e9150f7292,MP-024,5.12101E+13,ee1be5a4-2046-4ae9-9e64-28066a8e1527,The Walk,"The Walk, Welches, St Thomas",Welches,St Thomas,BB,,Megapower,7a68e918-2948-4d98-8053-506a7ad36942,America/Barbados,"13.155103143456,-59.6113313021413",12/1/2025,12/31/2025,140,53,8573.56,3684,6151.91,BBD
0c45935a-2de3-4926-bb19-37e6f7a65657,MP-010,M5004376-4,5be9dd25-d9f3-43d6-850e-f93e39227ff7,City Center Mall and Carpark,0 Chapel Street,Bridgetown,08,BB,BB14018,Megapower,7a68e918-2948-4d98-8053-506a7ad36942,America/Barbados,"13.098217704116,-59.6175783039002",12/1/2025,12/31/2025,24,11,2777.03,342.5,513.73,BBD
a76307f4-bf7a-4fba-b850-6b3fe22817aa,MP-006,M5005918-6,e449d556-3bba-4833-a44f-1c7b808652f5,The Condominiums at Palm Beach,"The Condominiums at Palm Beach, Palm Beach Corporate Centre, Lower Ground Floor",Hastings,Christ Church BB15156,BB,,Megapower,7a68e918-2948-4d98-8053-506a7ad36942,America/Barbados,"13.0758939907924,-59.6029012733064",12/1/2025,12/31/2025,12,3,1932.16,238.3,357.39,BBD
7d336a40-8fd2-47d7-9688-eea144a71a13,MP-050,M5012546-7,e41091f6-9351-405f-9fb2-297976529042,Cotton Bay (Freights Bay),Freights Bay Surfers Access-00 Enterprise Coast Road,Enterprise,01,BB,BB17127,Megapower,7a68e918-2948-4d98-8053-506a7ad36942,America/Barbados,"13.05355,-59.53499",12/1/2025,12/31/2025,14,7,2803.78,345.8,518.66,BBD
adad2740-0e8b-4216-81cd-f68c7e759ca1,MP-003,M5004376-1,113e0ec0-46c5-440e-97a3-7fc9961afff4,Speightstown Esplanade,Speightstown Esplanade,Speightstown,St. Peter,BB,,Megapower,7a68e918-2948-4d98-8053-506a7ad36942,America/Barbados,"13.2508718611134,-59.6442456867991",12/1/2025,12/31/2025,6,1,1546.22,190.7,286.02,BBD
ed7cde09-f76c-4a74-b8c9-35e9143736a0,MP-065,M5012546-6,6e58c556-a2de-4f28-8050-c7803d97ca20,Santosha East Coat,"Ermy Bourne Highway, Belleplaine-southroad Windey Hill",St Andrew,02,BB,bb2100,Megapower,7a68e918-2948-4d98-8053-506a7ad36942,America/Barbados,"13.246398,-59.551534",12/1/2025,12/31/2025,8,2,250.54,30.9,25.55,BBD
affdd94e-5df4-483f-8e67-004aa40a9730,MP-020,5.12101E+13,ee1be5a4-2046-4ae9-9e64-28066a8e1527,The Walk,"The Walk, Welches, St Thomas",Welches,St Thomas,BB,,,,America/Barbados,"13.155103143456,-59.6113313021413",12/1/2025,12/31/2025,0,0,0,0,0,
97c7f6a7-7006-47d9-b131-ab4bf4588444,MP-061,M5012054-6,da62d1c4-cbd6-4389-9c49-4a8db67041cd,Sheraton Center Barbados,Sheraton Center,Sargeant’s Village,Christ Church,BB,,Megapower,7a68e918-2948-4d98-8053-506a7ad36942,America/Barbados,"13.0828117900741,-59.5666073309772",12/1/2025,12/31/2025,72,29,10463.51,1290.5,1862.3,BBD
484ace17-61a1-4166-b6ae-ed4206be189f,MP-004,M5004376-3,3a9ad049-2559-408f-84ae-c0b36ca60b8e,Millennium Heights,N/A-N/A Welches,St. Thomas,St. Thomas,BB,BB22026,,,America/St_Thomas,"13.150460382201004,-59.61058751275202",12/1/2025,12/31/2025,0,0,0,0,0,
909b0205-27ec-42ff-8db5-ca1c5c13f313,MP-1000,M5012856-2,66feb7b7-5b2a-4b3a-9834-1588c486e002,Melbourne Inn,"Apartment Block-4th Ave, Dover",Bridgetown,01,BB,BB15026,Megapower,7a68e918-2948-4d98-8053-506a7ad36942,America/Barbados,"13.0660298,-59.5649616",12/1/2025,12/31/2025,12,7,1413,518.1,777.12,BBD
c550619e-b231-4fc8-a566-4ce8db512db8,MP-40,M5012054-3,c99c4c69-f2bf-41da-b54a-e2935d9febaf,Barbados Yacht Club,Next to Tennis Court-1 Bay Street,Bridgetown ,08,BB,BB11000,Megapower,7a68e918-2948-4d98-8053-506a7ad36942,America/Barbados,"13.083583,-59.608611",12/1/2025,12/31/2025,31,10,4549.46,561.1,841.59,BBD
8fe69ffc-3ca7-45c0-80c0-45e3d00bdea7,MP-075,M5012062-9,ec6203e5-a809-48f9-b71c-19f55305b7a2,Megapower Office ,Edghill Building-4 Wildey Business Park,Wildey,08,BB,BB11000,,,America/Barbados,"13.093006,-59.586553",12/1/2025,12/31/2025,0,0,0,0,0,
9a445e8d-c406-4697-8eb2-ff7bb31fdcc8,MP-015,M5006097-4,a87a171b-b7a5-4dcf-a5d6-49216d3a6285,Sky Mall,Sky Mall-0 Errol Barrow Highway,Haggatt Hall,08,BB,BB19025,Megapower,7a68e918-2948-4d98-8053-506a7ad36942,America/Barbados,"13.105389,-59.579667",12/1/2025,12/31/2025,44,15,4075.14,502.6,502.5,BBD
cdae14e3-bc41-4149-be58-2c590d7448db,MP-055,M5012857-1,ee1be5a4-2046-4ae9-9e64-28066a8e1527,The Walk,"The Walk, Welches, St Thomas",Welches,St Thomas,BB,,Megapower,7a68e918-2948-4d98-8053-506a7ad36942,America/Barbados,"13.155103143456,-59.6113313021413",12/1/2025,12/31/2025,40,17,3517.3,433.8,650.61,BBD
6ef10fa0-880c-4209-a116-ca134d8d90b8,MP-080,M5012051-9,1f98780c-5bfe-444a-ab2d-dae32351ba57,The Mill Barbados (Millhouse),The Mill Complex-3 Canewood Industrial Park,Canewood,11,BB,BB11005,Megapower,7a68e918-2948-4d98-8053-506a7ad36942,America/Barbados,"13.147281,-59.593348",12/1/2025,12/31/2025,14,5,216.55,79.4,96.43,BBD
1be5fdf8-6f5d-485f-801f-a441c0cea6da,MP-082,M5012464-6,520e275f-4c35-4ffa-b7b5-9d6bf74c5672,One Welches Ltd,Carport-1 Welches,St.Thomas,11,BB,BB22025,Megapower,7a68e918-2948-4d98-8053-506a7ad36942,America/Barbados,"13.155162,-59.613737",12/1/2025,12/31/2025,12,5,675.27,247.6,371.37,BBD
0118cc50-cc26-4857-9824-25bfd6cd7635,MP-1001,M5012064-2,1010de57-3850-44bd-87e1-c8e5c734fd74,Megapower Lower Estate,Orange Building -1 Megapower Lower Estate,Lower Estate Road,08,BB,BB2100,Megapower,7a68e918-2948-4d98-8053-506a7ad36942,America/Barbados,"13.133618,-59.580635",12/1/2025,12/31/2025,21,5,1979.69,244.3,0.75,BBD
c4fdd3cf-8121-46c1-9a60-a29eb35890ee,MP-076,M5012857-2,3a9ad049-2559-408f-84ae-c0b36ca60b8e,Millennium Heights,N/A-N/A Welches,St. Thomas,St. Thomas,BB,BB22026,Megapower,7a68e918-2948-4d98-8053-506a7ad36942,America/St_Thomas,"13.150460382201004,-59.61058751275202",12/1/2025,12/31/2025,8,3,542.45,198.9,298.28,BBD
d2e3a8cc-fa40-4c16-b5d0-77f32cce9089,MP-Sunlink,M5012062-8,5a016d0f-809d-4491-ab86-994e6beddf51,SunLink,1-Thyme Bottom 1 Pimgrim Place,Bridgetown,01,BB,BB2100,,,America/Barbados,"13.074599,-59.512074",12/1/2025,12/31/2025,0,0,0,0,0,
cd6fbb27-25a6-4f04-ab90-eeaebbba5076,MP-005,M5004376-2,96069110-f22f-4d9b-a0c4-4345247e3a71,Coverley - Food Court,Coverley,,Christ Church,BB,,Megapower,7a68e918-2948-4d98-8053-506a7ad36942,America/Barbados,"13.0845981581339,-59.5015983027884",12/1/2025,12/31/2025,58,14,4398.65,542.5,813.67,BBD
f9fd5693-311d-4129-9214-ffad34cfd53c,MP-073,M5010000-10,eafb79a1-0af7-4e3a-888e-7603bd359dc1,W Mall Welches St.Thomas ,Courts -1 W Mall,St.Thomas,11,BB,BB2100,Megapower,7a68e918-2948-4d98-8053-506a7ad36942,America/Barbados,"13.15586,-59.6141",12/1/2025,12/31/2025,21,8,476.45,174.7,262.02,BBD
5d414d54-d677-479c-94f3-d903bae6e860,MP-081,M5012464-1,5b5caa1b-0c09-411f-a6b7-ca922aad1b22,Barbados Light & Power - Spring Garden Car PArk,Spring Garden-01 Substation Road,Bridgetown,08,BB,BB24003,Megapower,7a68e918-2948-4d98-8053-506a7ad36942,America/Guayaquil,"13.125772222570074,-59.63226024746143",12/1/2025,12/31/2025,6,3,546,200.2,300.27,BBD
e452d0fa-5104-4134-b5f7-ae4393adb0ad,MP-052,M5012464-10,0bef2736-d483-4d13-bc2b-1ee33e5d756d,The Crane Resort,The Crane Resort-0 Crane Road,Bridgetown,10,BB,BB18071,Megapower,7a68e918-2948-4d98-8053-506a7ad36942,America/Barbados,"13.10597,-59.44521",12/1/2025,12/31/2025,16,3,957.27,351,526.42,BBD
3c4f5fac-e042-4ab8-a3ad-8652036d722c,MP-002,M5005103-5,4cd66a5c-b7e0-4080-8b8e-5a23f8817deb,Limegrove,Limegrove Lifestyle Center Carpark,Holetown,St. James,BB,,Megapower,7a68e918-2948-4d98-8053-506a7ad36942,America/Barbados,"13.1865238988325,-59.6359529309767",12/1/2025,12/31/2025,126,37,5821.09,2134.4,3147.73,BBD
8fcea55b-ec15-4447-804e-6204cf251bcc,MP-013,M5006100-5,ece572a2-9643-415e-9666-25d3a9b6b200,Six Roads -Emerald City,Emerald City Supermerket Carpark-0 Highway 65,Six Roads,10,BB,BB18054,Megapower,7a68e918-2948-4d98-8053-506a7ad36942,America/Barbados,"13.1165433,-59.4761632",12/1/2025,12/31/2025,27,10,2799.73,345.3,517.86,BBD
