Session ID,Session start date/time (YYYY-MM-DD hh:mm:ss) (UTC),Session end date/time (YYYY-MM-DD hh:mm:ss) (UTC),Session start date/time (YYYY-MM-DD hh:mm:ss) (local),Session end date/time (YYYY-MM-DD hh:mm:ss) (local),Local time zone,Session duration (min),Idle duration (min),Energy provided (kWh),Session peak power (kW),Session average power (kW),Charger device ID,Charger display ID,Charger serial number,Connector ID,Connector type,Charger maximum power (kW),Location ID,Location name,Location street address,Location city,Location state/province,Location country,Location zip/postal code,Company,Company ID,Driver ID,Vehicle name,Vehicle VIN,Vehicle make,Vehicle model,RFID number,Authentication type,Payment collected ($),Currency used
b5b54721-5476-d257-5259-8cfb1894a93c,2024-12-31 23:26:45,2025-01-01 00:25:46,2024-12-31 19:26:45,2024-12-31 20:25:46,America/Barbados,59.02,2.48,24.9,33.8,25.4,03c821d6-6274-427c-937a-ad91c6bc020d,MP-025,51210097772981,03c821d6-6274-427c-937a-ad91c6bc020d.1,CCS_2,25.0,79b72a61-f5ca-433f-b824-0c7df1204859,Massy Warrens,Massy Warrens - Massy Stores Supercenter,Warrens,St. Michael,BB,,Massy,578dca79-afd1-4b04-816a-322a7067114b,40a16d94208fdc757cd189b90808792e,,,,,,SYSTEM,43.58,BBD
9d5e46f6-9a15-9280-4521-f10035e20f54,2025-01-01 12:53:38,2025-01-01 13:27:22,2025-01-01 08:53:38,2025-01-01 09:27:22,America/Barbados,33.74,0.80,5.9,28.1,25.0,03c821d6-6274-427c-937a-ad91c6bc020d,MP-025,51210097772981,03c821d6-6274-427c-937a-ad91c6bc020d.1,CCS_2,25.0,79b72a61-f5ca-433f-b824-0c7df1204859,Massy Warrens,Massy Warrens - Massy Stores Supercenter,Warrens,St. Michael,BB,,Massy,578dca79-afd1-4b04-816a-322a7067114b,e5a299d4408d1b7dd2c425572816f417,,,,,,SYSTEM,10.33,BBD
7d48ca7d-d761-c418-5cad-ef925a4d2eea,2025-01-02 10:17:40,2025-01-02 10:52:03,2025-01-02 06:17:40,2025-01-02 06:52:03,America/Barbados,34.38,0.80,14.5,28.1,25.3,03c821d6-6274-427c-937a-ad91c6bc020d,MP-025,51210097772981,03c821d6-6274-427c-937a-ad91c6bc020d.1,CCS_2,25.0,79b72a61-f5ca-433f-b824-0c7df1204859,Massy Warrens,Massy Warrens - Massy Stores Supercenter,Warrens,St. Michael,BB,,Massy,578dca79-afd1-4b04-816a-322a7067114b,d453d2a25df7ffae24023c2de6e302c4,,,,,,SYSTEM,12.69,BBD
5e996bcf-5fbb-d7ae-3b47-73b8a06e0872,2025-01-02 12:58:48,2025-01-02 13:06:45,2025-01-02 08:58:48,2025-01-02 09:06:45,America/Barbados,7.95,1.03,2.8,24.0,21.4,03c821d6-6274-427c-937a-ad91c6bc020d,MP-025,51210097772981,03c821d6-6274-427c-937a-ad91c6bc020d.2,CHADEMO,25.0,79b72a61-f5ca-433f-b824-0c7df1204859,Massy Warrens,Massy Warrens - Massy Stores Supercenter,Warrens,St. Michael,BB,,Massy,578dca79-afd1-4b04-816a-322a7067114b,85238d638918d8b6ce011cd702d78404,,,,,,SYSTEM,4.90,BBD
c7f41c70-ef86-fbfb-d5ad-51a2892c3960,2025-01-02 13:53:10,2025-01-02 15:12:14,2025-01-02 09:53:10,2025-01-02 11:12:14,America/Barbados,79.07,1.60,34.8,33.8,26.4,03c821d6-6274-427c-937a-ad91c6bc020d,MP-025,51210097772981,03c821d6-6274-427c-937a-ad91c6bc020d.1,CCS_2,25.0,79b72a61-f5ca-433f-b824-0c7df1204859,Massy Warrens,Massy Warrens - Massy Stores Supercenter,Warrens,St. Michael,BB,,Massy,578dca79-afd1-4b04-816a-322a7067114b,30d90374a4d8dc427facc4c75b4b1965,,,,,,SYSTEM,60.90,BBD
9eaccb7d-f0a0-0f1a-6f20-1674535f20db,2025-01-02 17:45:33,2025-01-02 18:41:03,2025-01-02 13:45:33,2025-01-02 14:41:03,America/Barbados,55.50,0.30,24.7,33.8,27.5,03c821d6-6274-427c-937a-ad91c6bc020d,MP-025,51210097772981,03c821d6-6274-427c-937a-ad91c6bc020d.1,CCS_2,25.0,79b72a61-f5ca-433f-b824-0c7df1204859,Massy Warrens,Massy Warrens - Massy Stores Supercenter,Warrens,St. Michael,BB,,Massy,578dca79-afd1-4b04-816a-322a7067114b,421083aedee5935a85da1cc27176e211,,,,,c35cb5fc-3929-40a1-9624-3317e59fc64d,RFID,43.23,BBD
e420086d-7dff-b29a-d1c5-5fe5c34d4c26,2025-01-02 19:37:51,2025-01-02 20:12:59,2025-01-02 15:37:51,2025-01-02 16:12:59,America/Barbados,35.13,0.00,15.9,33.8,27.2,03c821d6-6274-427c-937a-ad91c6bc020d,MP-025,51210097772981,03c821d6-6274-427c-937a-ad91c6bc020d.1,CCS_2,25.0,79b72a61-f5ca-433f-b824-0c7df1204859,Massy Warrens,Massy Warrens - Massy Stores Supercenter,Warrens,St. Michael,BB,,Massy,578dca79-afd1-4b04-816a-322a7067114b,de496c2b0c06805735691033fa5f0366,,,,,,SYSTEM,27.83,BBD
c860dc48-6bf8-8336-b3cb-6d3c9d71b343,2025-01-02 20:39:10,2025-01-02 21:51:04,2025-01-02 16:39:10,2025-01-02 17:51:04,America/Barbados,71.90,1.33,31.5,145.2,27.9,03c821d6-6274-427c-937a-ad91c6bc020d,MP-025,51210097772981,03c821d6-6274-427c-937a-ad91c6bc020d.1,CCS_2,25.0,79b72a61-f5ca-433f-b824-0c7df1204859,Massy Warrens,Massy Warrens - Massy Stores Supercenter,Warrens,St. Michael,BB,,Massy,578dca79-afd1-4b04-816a-322a7067114b,2e641b48e7709239d7b903ec9cee7077,,,,,462dc142-1b18-45a5-a4cb-55ede0158e92,RFID,55.13,BBD
1b303439-8328-f95f-f841-c5a148a460ed,2025-01-03 11:20:13,2025-01-03 12:33:35,2025-01-03 07:20:13,2025-01-03 08:33:35,America/Barbados,73.37,0.53,34.0,33.8,28.9,03c821d6-6274-427c-937a-ad91c6bc020d,MP-025,51210097772981,03c821d6-6274-427c-937a-ad91c6bc020d.1,CCS_2,25.0,79b72a61-f5ca-433f-b824-0c7df1204859,Massy Warrens,Massy Warrens - Massy Stores Supercenter,Warrens,St. Michael,BB,,Massy,578dca79-afd1-4b04-816a-322a7067114b,d01f8298c4aa0be4b825cec87e3512c6,,,,,7c802f13-3acc-4c06-8717-a63c9d015e7e,RFID,59.50,BBD
0a234b40-6ef4-c7ee-dda5-2fbb75cf295f,2025-01-03 14:11:49,2025-01-03 15:06:49,2025-01-03 10:11:49,2025-01-03 11:06:49,America/Barbados,55.00,1.87,23.1,28.1,25.2,03c821d6-6274-427c-937a-ad91c6bc020d,MP-025,51210097772981,03c821d6-6274-427c-937a-ad91c6bc020d.1,CCS_2,25.0,79b72a61-f5ca-433f-b824-0c7df1204859,Massy Warrens,Massy Warrens - Massy Stores Supercenter,Warrens,St. Michael,BB,,Massy,578dca79-afd1-4b04-816a-322a7067114b,30d90374a4d8dc427facc4c75b4b1965,,,,,,SYSTEM,40.43,BBD
b4bbb018-35b0-1bb4-8bbc-a5da60b753be,2025-01-03 16:09:43,2025-01-03 17:21:57,2025-01-03 12:09:43,2025-01-03 13:21:57,America/Barbados,72.23,1.82,33.8,158.4,30.7,03c821d6-6274-427c-937a-ad91c6bc020d,MP-025,51210097772981,03c821d6-6274-427c-937a-ad91c6bc020d.1,CCS_2,25.0,79b72a61-f5ca-433f-b824-0c7df1204859,Massy Warrens,Massy Warrens - Massy Stores Supercenter,Warrens,St. Michael,BB,,Massy,578dca79-afd1-4b04-816a-322a7067114b,35b6f6f99ae2087ef24aff4869dea359,,,,,9210ee0a-d99f-4855-9c03-cdf9ee6fab7d,RFID,59.15,BBD
0a303edc-ceff-638f-a036-0f2bc74ff18a,2025-01-03 18:45:30,2025-01-03 19:55:02,2025-01-03 14:45:30,2025-01-03 15:55:02,America/Barbados,69.53,1.00,29.4,28.1,25.5,03c821d6-6274-427c-937a-ad91c6bc020d,MP-025,51210097772981,03c821d6-6274-427c-937a-ad91c6bc020d.1,CCS_2,25.0,79b72a61-f5ca-433f-b824-0c7df1204859,Massy Warrens,Massy Warrens - Massy Stores Supercenter,Warrens,St. Michael,BB,,Massy,578dca79-afd1-4b04-816a-322a7067114b,40a16d94208fdc757cd189b90808792e,,,,,,SYSTEM,51.45,BBD
53f0aba2-1612-30af-879a-b52c8b61baaf,2025-01-04 01:35:29,2025-01-04 03:05:57,2025-01-03 21:35:29,2025-01-03 23:05:57,America/Barbados,90.47,1.13,42.2,33.8,28.0,03c821d6-6274-427c-937a-ad91c6bc020d,MP-025,51210097772981,03c821d6-6274-427c-937a-ad91c6bc020d.1,CCS_2,25.0,79b72a61-f5ca-433f-b824-0c7df1204859,Massy Warrens,Massy Warrens - Massy Stores Supercenter,Warrens,St. Michael,BB,,Massy,578dca79-afd1-4b04-816a-322a7067114b,de496c2b0c06805735691033fa5f0366,,,,,,SYSTEM,73.85,BBD
4dac1962-ade5-8ee5-2ff6-e606cb6edcf0,2025-01-04 03:12:29,2025-01-04 04:15:42,2025-01-03 23:12:29,2025-01-04 00:15:42,America/Barbados,63.22,1.62,26.8,28.1,25.4,03c821d6-6274-427c-937a-ad91c6bc020d,MP-025,51210097772981,03c821d6-6274-427c-937a-ad91c6bc020d.1,CCS_2,25.0,79b72a61-f5ca-433f-b824-0c7df1204859,Massy Warrens,Massy Warrens - Massy Stores Supercenter,Warrens,St. Michael,BB,,Massy,578dca79-afd1-4b04-816a-322a7067114b,abb6ac85e363630e25f8a5ec61014fe0,,,,,,SYSTEM,46.90,BBD
5fe87e1a-3767-7ac3-c9ba-2ba6eaeacf60,2025-01-04 13:36:31,2025-01-04 13:48:33,2025-01-04 09:36:31,2025-01-04 09:48:33,America/Barbados,12.03,0.02,1.2,6.0,6.0,8d27dae5-8d1f-48d0-bfe1-8875d5d568a5,MP-0079,M5012464-2,8d27dae5-8d1f-48d0-bfe1-8875d5d568a5.2,TYPE_2,22.0,1977c2c7-cd44-4e6f-a827-370cd9aad5bd,Massy Sunset Crest,"Massy Stores Supercenter, Sunset Crest",Holetown,St James,BB,,Massy,578dca79-afd1-4b04-816a-322a7067114b,8fdb56523cfeafcc12db216b024d9298,,,,,,SYSTEM,1.80,BBD
b2c41395-8fce-8d3f-9554-359e08b4020a,2025-01-04 14:42:45,2025-01-04 16:46:05,2025-01-04 10:42:45,2025-01-04 12:46:05,America/Barbados,123.33,2.40,53.8,28.1,26.2,03c821d6-6274-427c-937a-ad91c6bc020d,MP-025,51210097772981,03c821d6-6274-427c-937a-ad91c6bc020d.1,CCS_2,25.0,79b72a61-f5ca-433f-b824-0c7df1204859,Massy Warrens,Massy Warrens - Massy Stores Supercenter,Warrens,St. Michael,BB,,Massy,578dca79-afd1-4b04-816a-322a7067114b,0c142dd78238afcc2d090981e495ff39,,,,,,SYSTEM,94.15,BBD
48102e6d-dc6c-a004-91ff-73bf7c2e7cb6,2025-01-04 16:56:02,2025-01-04 19:00:03,2025-01-04 12:56:02,2025-01-04 15:00:03,America/Barbados,124.02,6.15,48.5,37.5,18.9,03c821d6-6274-427c-937a-ad91c6bc020d,MP-025,51210097772981,03c821d6-6274-427c-937a-ad91c6bc020d.2,CHADEMO,25.0,79b72a61-f5ca-433f-b824-0c7df1204859,Massy Warrens,Massy Warrens - Massy Stores Supercenter,Warrens,St. Michael,BB,,Massy,578dca79-afd1-4b04-816a-322a7067114b,8f8a1bc53cfa9904f8ceebad0a28992a,,,,,2b43a680-6c0f-4d9c-937d-40d2fa634566,RFID,84.88,BBD
5313e304-11b0-ce84-960e-a27fdb1723b3,2025-01-04 19:18:20,2025-01-04 20:02:54,2025-01-04 15:18:20,2025-01-04 16:02:54,America/Barbados,44.57,3.23,16.3,28.1,22.0,03c821d6-6274-427c-937a-ad91c6bc020d,MP-025,51210097772981,03c821d6-6274-427c-937a-ad91c6bc020d.2,CHADEMO,25.0,79b72a61-f5ca-433f-b824-0c7df1204859,Massy Warrens,Massy Warrens - Massy Stores Supercenter,Warrens,St. Michael,BB,,Massy,578dca79-afd1-4b04-816a-322a7067114b,cbee28689d6b98064b2c713795f66055,,,,,,SYSTEM,28.53,BBD
32b7d6d6-d3c8-349e-f1bb-b47ad7342bfd,2025-01-04 22:33:44,2025-01-04 22:32:09,2025-01-04 18:33:44,2025-01-04 18:32:09,America/Barbados,0.00,0.00,0.0,0.0,0.0,03c821d6-6274-427c-937a-ad91c6bc020d,MP-025,51210097772981,03c821d6-6274-427c-937a-ad91c6bc020d.2,CHADEMO,25.0,79b72a61-f5ca-433f-b824-0c7df1204859,Massy Warrens,Massy Warrens - Massy Stores Supercenter,Warrens,St. Michael,BB,,Massy,578dca79-afd1-4b04-816a-322a7067114b,9e577fcbbbfd01659c4f6b70909b0b26,,,,,ef039067-bf49-476f-a8d6-3539cf54688c,RFID,0.00,BBD
92934522-51ab-45ca-b13c-c480b487b456,2025-01-05 00:18:52,2025-01-05 01:09:25,2025-01-04 20:18:52,2025-01-04 21:09:25,America/Barbados,50.55,0.80,21.2,177.0,29.4,03c821d6-6274-427c-937a-ad91c6bc020d,MP-025,51210097772981,03c821d6-6274-427c-937a-ad91c6bc020d.1,CCS_2,25.0,79b72a61-f5ca-433f-b824-0c7df1204859,Massy Warrens,Massy Warrens - Massy Stores Supercenter,Warrens,St. Michael,BB,,Massy,578dca79-afd1-4b04-816a-322a7067114b,c9f39b141441317dae066dcffaff1e69,,,,,9bff59bf-2b40-4081-9b07-1f27cc10d92b,RFID,37.10,BBD
71acdc4e-e7b5-d82a-ac53-1997aa2340f7,2025-01-05 12:42:00,2025-01-05 14:36:48,2025-01-05 08:42:00,2025-01-05 10:36:48,America/Barbados,114.80,4.45,48.9,28.1,25.6,03c821d6-6274-427c-937a-ad91c6bc020d,MP-025,51210097772981,03c821d6-6274-427c-937a-ad91c6bc020d.1,CCS_2,25.0,79b72a61-f5ca-433f-b824-0c7df1204859,Massy Warrens,Massy Warrens - Massy Stores Supercenter,Warrens,St. Michael,BB,,Massy,578dca79-afd1-4b04-816a-322a7067114b,a37650d10cfbec0b3a09686403b781b0,,,,,cd1a6858-23e4-44b4-86ef-6893b5e2c87d,RFID,85.58,BBD
4cf9a5de-a9dd-13a4-e567-c33e16b3678a,2025-01-05 15:41:03,2025-01-05 16:11:39,2025-01-05 11:41:03,2025-01-05 12:11:39,America/Barbados,30.60,10.35,6.3,17.1,8.8,03c821d6-6274-427c-937a-ad91c6bc020d,MP-025,51210097772981,03c821d6-6274-427c-937a-ad91c6bc020d.2,CHADEMO,25.0,79b72a61-f5ca-433f-b824-0c7df1204859,Massy Warrens,Massy Warrens - Massy Stores Supercenter,Warrens,St. Michael,BB,,Massy,578dca79-afd1-4b04-816a-322a7067114b,9e577fcbbbfd01659c4f6b70909b0b26,,,,,ef039067-bf49-476f-a8d6-3539cf54688c,RFID,11.03,BBD
e39f8441-f2d7-8362-57c9-2f17aeccc710,2025-01-05 17:15:59,2025-01-05 18:31:17,2025-01-05 13:15:59,2025-01-05 14:31:17,America/Barbados,75.30,0.00,32.2,0.0,0.0,03c821d6-6274-427c-937a-ad91c6bc020d,MP-025,51210097772981,03c821d6-6274-427c-937a-ad91c6bc020d.1,CCS_2,25.0,79b72a61-f5ca-433f-b824-0c7df1204859,Massy Warrens,Massy Warrens - Massy Stores Supercenter,Warrens,St. Michael,BB,,Massy,578dca79-afd1-4b04-816a-322a7067114b,d9ac14dcfeeb81692e375c0a863a5adc,,,,,966a5929-4bde-45f1-917b-159abcfa7ae8,RFID,56.35,BBD
ff335944-8205-375d-9ff9-c61978e41ef0,2025-01-06 00:45:39,2025-01-06 00:55:41,2025-01-05 20:45:39,2025-01-05 20:55:41,America/Barbados,10.03,3.47,2.4,19.0,14.5,03c821d6-6274-427c-937a-ad91c6bc020d,MP-025,51210097772981,03c821d6-6274-427c-937a-ad91c6bc020d.2,CHADEMO,25.0,79b72a61-f5ca-433f-b824-0c7df1204859,Massy Warrens,Massy Warrens - Massy Stores Supercenter,Warrens,St. Michael,BB,,Massy,578dca79-afd1-4b04-816a-322a7067114b,564363f1092f00b6d8b93b0dffe923e8,,,,,ff8272b9-b9c0-4e2c-a725-65cbd037a327,RFID,4.20,BBD
78e7890d-6417-346b-82a6-ac3a3aa11d58,2025-01-06 10:04:33,2025-01-06 10:38:54,2025-01-06 06:04:33,2025-01-06 06:38:54,America/Barbados,34.35,0.53,14.5,28.1,25.4,03c821d6-6274-427c-937a-ad91c6bc020d,MP-025,51210097772981,03c821d6-6274-427c-937a-ad91c6bc020d.1,CCS_2,25.0,79b72a61-f5ca-433f-b824-0c7df1204859,Massy Warrens,Massy Warrens - Massy Stores Supercenter,Warrens,St. Michael,BB,,Massy,578dca79-afd1-4b04-816a-322a7067114b,d453d2a25df7ffae24023c2de6e302c4,,,,,,SYSTEM,12.69,BBD
e3008474-ae87-15e0-5049-2330200ad416,2025-01-06 19:10:19,2025-01-06 20:11:52,2025-01-06 15:10:19,2025-01-06 16:11:52,America/Barbados,61.55,1.57,26.1,28.1,25.5,03c821d6-6274-427c-937a-ad91c6bc020d,MP-025,51210097772981,03c821d6-6274-427c-937a-ad91c6bc020d.1,CCS_2,25.0,79b72a61-f5ca-433f-b824-0c7df1204859,Massy Warrens,Massy Warrens - Massy Stores Supercenter,Warrens,St. Michael,BB,,Massy,578dca79-afd1-4b04-816a-322a7067114b,abb6ac85e363630e25f8a5ec61014fe0,,,,,,SYSTEM,45.68,BBD
993f62ec-a778-a007-bb76-bd2c70bd13cd,2025-01-06 20:13:30,2025-01-06 21:19:50,2025-01-06 16:13:30,2025-01-06 17:19:50,America/Barbados,66.33,2.13,28.3,33.8,25.6,03c821d6-6274-427c-937a-ad91c6bc020d,MP-025,51210097772981,03c821d6-6274-427c-937a-ad91c6bc020d.1,CCS_2,25.0,79b72a61-f5ca-433f-b824-0c7df1204859,Massy Warrens,Massy Warrens - Massy Stores Supercenter,Warrens,St. Michael,BB,,Massy,578dca79-afd1-4b04-816a-322a7067114b,e74d2ff814ba3f55ddbe58946f62c27e,,,,,64e535f3-f5df-4cdd-a4ec-1c5b355660ee,RFID,49.53,BBD
53e2c759-26c1-9abd-bdfd-c6828e58b557,2025-01-06 22:52:17,2025-01-06 23:24:15,2025-01-06 18:52:17,2025-01-06 19:24:15,America/Barbados,31.97,20.52,4.2,19.0,9.5,03c821d6-6274-427c-937a-ad91c6bc020d,MP-025,51210097772981,03c821d6-6274-427c-937a-ad91c6bc020d.2,CHADEMO,25.0,79b72a61-f5ca-433f-b824-0c7df1204859,Massy Warrens,Massy Warrens - Massy Stores Supercenter,Warrens,St. Michael,BB,,Massy,578dca79-afd1-4b04-816a-322a7067114b,564363f1092f00b6d8b93b0dffe923e8,,,,,ff8272b9-b9c0-4e2c-a725-65cbd037a327,RFID,7.35,BBD
a23e87fa-19a4-e42f-80c4-22136e63e750,2025-01-06 23:26:09,2025-01-07 00:58:13,2025-01-06 19:26:09,2025-01-06 20:58:13,America/Barbados,92.07,1.07,41.6,67.5,27.5,03c821d6-6274-427c-937a-ad91c6bc020d,MP-025,51210097772981,03c821d6-6274-427c-937a-ad91c6bc020d.1,CCS_2,25.0,79b72a61-f5ca-433f-b824-0c7df1204859,Massy Warrens,Massy Warrens - Massy Stores Supercenter,Warrens,St. Michael,BB,,Massy,578dca79-afd1-4b04-816a-322a7067114b,de496c2b0c06805735691033fa5f0366,,,,,,SYSTEM,72.80,BBD
1e58b495-d1ef-c0d2-abaf-8e5ad6907603,2025-01-07 01:17:16,2025-01-07 03:02:28,2025-01-06 21:17:16,2025-01-06 23:02:28,America/Barbados,105.20,2.00,44.5,350.4,29.5,03c821d6-6274-427c-937a-ad91c6bc020d,MP-025,51210097772981,03c821d6-6274-427c-937a-ad91c6bc020d.1,CCS_2,25.0,79b72a61-f5ca-433f-b824-0c7df1204859,Massy Warrens,Massy Warrens - Massy Stores Supercenter,Warrens,St. Michael,BB,,Massy,578dca79-afd1-4b04-816a-322a7067114b,9a0aa3c4b0310980ab78bd4ad3e6744a,,,,,8c7a084b-ebbc-4912-b13b-4783148e94ff,RFID,77.88,BBD
f97d48d3-8774-96be-d2ed-91aefe9c4ccc,2025-01-07 13:57:15,2025-01-07 14:52:15,2025-01-07 09:57:15,2025-01-07 10:52:15,America/Barbados,55.00,0.00,5.9,0.0,0.0,03c821d6-6274-427c-937a-ad91c6bc020d,MP-025,51210097772981,03c821d6-6274-427c-937a-ad91c6bc020d.2,CHADEMO,25.0,79b72a61-f5ca-433f-b824-0c7df1204859,Massy Warrens,Massy Warrens - Massy Stores Supercenter,Warrens,St. Michael,BB,,Massy,578dca79-afd1-4b04-816a-322a7067114b,564363f1092f00b6d8b93b0dffe923e8,,,,,ff8272b9-b9c0-4e2c-a725-65cbd037a327,RFID,10.33,BBD
b51cbc71-84b3-14c8-3604-cb752ca09976,2025-01-07 15:21:22,2025-01-07 16:03:30,2025-01-07 11:21:22,2025-01-07 12:03:30,America/Barbados,42.13,0.80,17.8,210.0,31.7,03c821d6-6274-427c-937a-ad91c6bc020d,MP-025,51210097772981,03c821d6-6274-427c-937a-ad91c6bc020d.1,CCS_2,25.0,79b72a61-f5ca-433f-b824-0c7df1204859,Massy Warrens,Massy Warrens - Massy Stores Supercenter,Warrens,St. Michael,BB,,Massy,578dca79-afd1-4b04-816a-322a7067114b,d094140c914a0230b6a3c3c35ba1c158,,,,,18d39925-7b1f-4232-b364-e41448dcf7bd,RFID,31.15,BBD
4bb7d201-203f-f23c-3436-5dfe0abb36ce,2025-01-07 16:11:37,2025-01-07 17:14:32,2025-01-07 12:11:37,2025-01-07 13:14:32,America/Barbados,62.92,1.33,26.8,33.8,25.7,03c821d6-6274-427c-937a-ad91c6bc020d,MP-025,51210097772981,03c821d6-6274-427c-937a-ad91c6bc020d.1,CCS_2,25.0,79b72a61-f5ca-433f-b824-0c7df1204859,Massy Warrens,Massy Warrens - Massy Stores Supercenter,Warrens,St. Michael,BB,,Massy,578dca79-afd1-4b04-816a-322a7067114b,5911ffba106a13f8c146db3cc5fdaaf2,,,,,f4154aa6-6205-47f5-bff4-856043d935c8,RFID,46.90,BBD
20623763-0c2b-de57-97c8-4b3af0791504,2025-01-07 17:17:07,2025-01-07 17:42:04,2025-01-07 13:17:07,2025-01-07 13:42:04,America/Barbados,24.95,0.97,10.6,28.1,25.7,03c821d6-6274-427c-937a-ad91c6bc020d,MP-025,51210097772981,03c821d6-6274-427c-937a-ad91c6bc020d.1,CCS_2,25.0,79b72a61-f5ca-433f-b824-0c7df1204859,Massy Warrens,Massy Warrens - Massy Stores Supercenter,Warrens,St. Michael,BB,,Massy,578dca79-afd1-4b04-816a-322a7067114b,11710b1b8b25e79ab1506278bec9e537,,,,,,SYSTEM,18.55,BBD
392107ab-7bf8-2ce7-c8a3-27b6cf391e1e,2025-01-07 21:39:47,2025-01-07 21:37:55,2025-01-07 17:39:47,2025-01-07 17:37:55,America/Barbados,0.00,0.00,0.0,0.0,0.0,03c821d6-6274-427c-937a-ad91c6bc020d,MP-025,51210097772981,03c821d6-6274-427c-937a-ad91c6bc020d.2,CHADEMO,25.0,79b72a61-f5ca-433f-b824-0c7df1204859,Massy Warrens,Massy Warrens - Massy Stores Supercenter,Warrens,St. Michael,BB,,Massy,578dca79-afd1-4b04-816a-322a7067114b,9e577fcbbbfd01659c4f6b70909b0b26,,,,,ef039067-bf49-476f-a8d6-3539cf54688c,RFID,0.00,BBD
3d09f4eb-2050-d615-deba-54ee318a9fbc,2025-01-07 20:42:59,2025-01-07 20:42:59,2025-01-07 16:42:59,2025-01-07 16:42:59,America/Barbados,0.00,0.00,0.0,0.0,0.0,03c821d6-6274-427c-937a-ad91c6bc020d,MP-025,51210097772981,03c821d6-6274-427c-937a-ad91c6bc020d.1,CCS_2,25.0,79b72a61-f5ca-433f-b824-0c7df1204859,Massy Warrens,Massy Warrens - Massy Stores Supercenter,Warrens,St. Michael,BB,,Massy,578dca79-afd1-4b04-816a-322a7067114b,53c3e7f13adc18ac7473c99ec64d56c5,,,,,5b11676b-0383-4ad8-a16f-6da4cd89f3e3,RFID,0.00,BBD
7e6842c5-0520-47dc-fd35-e7b1a4bb8254,2025-01-07 23:15:50,2025-01-07 23:36:52,2025-01-07 19:15:50,2025-01-07 19:36:52,America/Barbados,21.03,6.67,5.4,22.5,15.4,03c821d6-6274-427c-937a-ad91c6bc020d,MP-025,51210097772981,03c821d6-6274-427c-937a-ad91c6bc020d.2,CHADEMO,25.0,79b72a61-f5ca-433f-b824-0c7df1204859,Massy Warrens,Massy Warrens - Massy Stores Supercenter,Warrens,St. Michael,BB,,Massy,578dca79-afd1-4b04-816a-322a7067114b,564363f1092f00b6d8b93b0dffe923e8,,,,,ff8272b9-b9c0-4e2c-a725-65cbd037a327,RFID,9.45,BBD
bd450ac2-b865-40c1-ddff-bcfa5f91668a,2025-01-08 02:33:15,2025-01-08 04:08:49,2025-01-07 22:33:15,2025-01-08 00:08:49,America/Barbados,95.57,13.98,34.2,28.1,17.2,03c821d6-6274-427c-937a-ad91c6bc020d,MP-025,51210097772981,03c821d6-6274-427c-937a-ad91c6bc020d.1,CCS_2,25.0,79b72a61-f5ca-433f-b824-0c7df1204859,Massy Warrens,Massy Warrens - Massy Stores Supercenter,Warrens,St. Michael,BB,,Massy,578dca79-afd1-4b04-816a-322a7067114b,dd4c88acde25753674e21b473fe166ef,,,,,033b321f-9ea1-4604-93a9-0160f0c2ca9c,RFID,59.85,BBD
2f565b5b-f0df-fde6-e173-5ee3fceb0069,2025-01-08 10:25:58,2025-01-08 10:51:29,2025-01-08 06:25:58,2025-01-08 06:51:29,America/Barbados,25.52,0.27,10.8,30.0,25.5,03c821d6-6274-427c-937a-ad91c6bc020d,MP-025,51210097772981,03c821d6-6274-427c-937a-ad91c6bc020d.1,CCS_2,25.0,79b72a61-f5ca-433f-b824-0c7df1204859,Massy Warrens,Massy Warrens - Massy Stores Supercenter,Warrens,St. Michael,BB,,Massy,578dca79-afd1-4b04-816a-322a7067114b,d453d2a25df7ffae24023c2de6e302c4,,,,,,SYSTEM,9.45,BBD
51db40a6-38b8-22bc-3c03-73eee7de2d22,2025-01-08 13:27:05,2025-01-08 14:13:45,2025-01-08 09:27:05,2025-01-08 10:13:45,America/Barbados,46.67,2.15,20.3,33.8,26.1,03c821d6-6274-427c-937a-ad91c6bc020d,MP-025,51210097772981,03c821d6-6274-427c-937a-ad91c6bc020d.1,CCS_2,25.0,79b72a61-f5ca-433f-b824-0c7df1204859,Massy Warrens,Massy Warrens - Massy Stores Supercenter,Warrens,St. Michael,BB,,Massy,578dca79-afd1-4b04-816a-322a7067114b,eed9d915b485c674b9ba3ac4a20ae0f1,,,,,,SYSTEM,35.53,BBD
76915609-946f-6b5e-2f17-129d7e0a072a,2025-01-08 14:59:35,2025-01-08 16:07:22,2025-01-08 10:59:35,2025-01-08 12:07:22,America/Barbados,67.78,1.13,28.0,182.6,27.9,03c821d6-6274-427c-937a-ad91c6bc020d,MP-025,51210097772981,03c821d6-6274-427c-937a-ad91c6bc020d.1,CCS_2,25.0,79b72a61-f5ca-433f-b824-0c7df1204859,Massy Warrens,Massy Warrens - Massy Stores Supercenter,Warrens,St. Michael,BB,,Massy,578dca79-afd1-4b04-816a-322a7067114b,e74d2ff814ba3f55ddbe58946f62c27e,,,,,64e535f3-f5df-4cdd-a4ec-1c5b355660ee,RFID,49.00,BBD
219e0556-2c25-3970-4cf5-ba5c9096ad28,2025-01-08 19:08:27,2025-01-08 19:34:00,2025-01-08 15:08:27,2025-01-08 15:34:00,America/Barbados,25.55,0.00,2.8,8.0,6.4,8d27dae5-8d1f-48d0-bfe1-8875d5d568a5,MP-0079,M5012464-2,8d27dae5-8d1f-48d0-bfe1-8875d5d568a5.2,TYPE_2,22.0,1977c2c7-cd44-4e6f-a827-370cd9aad5bd,Massy Sunset Crest,"Massy Stores Supercenter, Sunset Crest",Holetown,St James,BB,,Massy,578dca79-afd1-4b04-816a-322a7067114b,845b7ff3fc690c5a91dd5127c7871361,,,,,d36868af-0cec-4fa0-ba56-d6ad37c158c6,RFID,4.20,BBD
b9099a62-1556-ad13-6592-cd6ebd5090a3,2025-01-08 21:20:13,2025-01-08 21:20:13,2025-01-08 17:20:13,2025-01-08 17:20:13,America/Barbados,0.00,0.00,0.0,0.0,0.0,03c821d6-6274-427c-937a-ad91c6bc020d,MP-025,51210097772981,03c821d6-6274-427c-937a-ad91c6bc020d.1,CCS_2,25.0,79b72a61-f5ca-433f-b824-0c7df1204859,Massy Warrens,Massy Warrens - Massy Stores Supercenter,Warrens,St. Michael,BB,,Massy,578dca79-afd1-4b04-816a-322a7067114b,c32b0b2258c3cf9314674753d010fe30,,,,,3ff28825-51b7-4430-a0ea-35ee33fd4a2c,RFID,0.00,BBD
689076f8-08b5-7ac8-2cc7-58329e3dc7e5,2025-01-08 19:44:40,2025-01-08 23:59:03,2025-01-08 15:44:40,2025-01-08 19:59:03,America/Barbados,254.38,27.92,57.1,0.0,0.0,03c821d6-6274-427c-937a-ad91c6bc020d,MP-025,51210097772981,03c821d6-6274-427c-937a-ad91c6bc020d.2,CHADEMO,25.0,79b72a61-f5ca-433f-b824-0c7df1204859,Massy Warrens,Massy Warrens - Massy Stores Supercenter,Warrens,St. Michael,BB,,Massy,578dca79-afd1-4b04-816a-322a7067114b,564363f1092f00b6d8b93b0dffe923e8,,,,,ff8272b9-b9c0-4e2c-a725-65cbd037a327,RFID,99.93,BBD
a8a6400f-36d3-4f0e-2093-cbe929ec01bb,2025-01-09 00:01:22,2025-01-09 00:41:30,2025-01-08 20:01:22,2025-01-08 20:41:30,America/Barbados,40.13,22.03,6.9,28.1,10.9,03c821d6-6274-427c-937a-ad91c6bc020d,MP-025,51210097772981,03c821d6-6274-427c-937a-ad91c6bc020d.2,CHADEMO,25.0,79b72a61-f5ca-433f-b824-0c7df1204859,Massy Warrens,Massy Warrens - Massy Stores Supercenter,Warrens,St. Michael,BB,,Massy,578dca79-afd1-4b04-816a-322a7067114b,9e577fcbbbfd01659c4f6b70909b0b26,,,,,ef039067-bf49-476f-a8d6-3539cf54688c,RFID,12.08,BBD
b855cd55-8396-6321-c096-8e4e154b022c,2025-01-09 10:23:16,2025-01-09 10:42:18,2025-01-09 06:23:16,2025-01-09 06:42:18,America/Barbados,19.03,0.63,7.9,33.8,25.0,03c821d6-6274-427c-937a-ad91c6bc020d,MP-025,51210097772981,03c821d6-6274-427c-937a-ad91c6bc020d.1,CCS_2,25.0,79b72a61-f5ca-433f-b824-0c7df1204859,Massy Warrens,Massy Warrens - Massy Stores Supercenter,Warrens,St. Michael,BB,,Massy,578dca79-afd1-4b04-816a-322a7067114b,d453d2a25df7ffae24023c2de6e302c4,,,,,,SYSTEM,6.91,BBD
efaa58eb-29f9-3b39-2e6d-ff569be80ca3,2025-01-09 12:35:06,2025-01-09 13:46:29,2025-01-09 08:35:06,2025-01-09 09:46:29,America/Barbados,71.38,1.33,31.1,33.8,26.2,03c821d6-6274-427c-937a-ad91c6bc020d,MP-025,51210097772981,03c821d6-6274-427c-937a-ad91c6bc020d.1,CCS_2,25.0,79b72a61-f5ca-433f-b824-0c7df1204859,Massy Warrens,Massy Warrens - Massy Stores Supercenter,Warrens,St. Michael,BB,,Massy,578dca79-afd1-4b04-816a-322a7067114b,eed9d915b485c674b9ba3ac4a20ae0f1,,,,,,SYSTEM,54.43,BBD
8f13084d-7145-73c8-c2bd-32efa68864e6,2025-01-09 17:01:56,2025-01-09 17:46:26,2025-01-09 13:01:56,2025-01-09 13:46:26,America/Barbados,44.50,0.82,15.2,28.1,25.7,03c821d6-6274-427c-937a-ad91c6bc020d,MP-025,51210097772981,03c821d6-6274-427c-937a-ad91c6bc020d.1,CCS_2,25.0,79b72a61-f5ca-433f-b824-0c7df1204859,Massy Warrens,Massy Warrens - Massy Stores Supercenter,Warrens,St. Michael,BB,,Massy,578dca79-afd1-4b04-816a-322a7067114b,9524292787ec90c1c0d210497cc1166e,,,,,81c772bc-95b4-494a-b120-9b72e065fadc,RFID,26.60,BBD
6a68d61e-ba07-50ca-c60e-6eb3adfc0974,2025-01-09 17:39:18,2025-01-09 18:54:04,2025-01-09 13:39:18,2025-01-09 14:54:04,America/Barbados,74.77,33.73,8.1,12.0,6.6,024e77fc-3da1-4e73-930e-b76e45511419,MP-001,M5005918-7,024e77fc-3da1-4e73-930e-b76e45511419.1,TYPE_2,7.4,1977c2c7-cd44-4e6f-a827-370cd9aad5bd,Massy Sunset Crest,"Massy Stores Supercenter, Sunset Crest",Holetown,St James,BB,,Massy,578dca79-afd1-4b04-816a-322a7067114b,845b7ff3fc690c5a91dd5127c7871361,,,,,d36868af-0cec-4fa0-ba56-d6ad37c158c6,RFID,12.15,BBD
a7e67182-21db-4ee4-4b56-c0cd8072032e,2025-01-09 20:48:33,2025-01-09 21:22:04,2025-01-09 16:48:33,2025-01-09 17:22:04,America/Barbados,33.52,14.52,6.4,1549.3,78.2,03c821d6-6274-427c-937a-ad91c6bc020d,MP-025,51210097772981,03c821d6-6274-427c-937a-ad91c6bc020d.2,CHADEMO,25.0,79b72a61-f5ca-433f-b824-0c7df1204859,Massy Warrens,Massy Warrens - Massy Stores Supercenter,Warrens,St. Michael,BB,,Massy,578dca79-afd1-4b04-816a-322a7067114b,9e577fcbbbfd01659c4f6b70909b0b26,,,,,ef039067-bf49-476f-a8d6-3539cf54688c,RFID,11.20,BBD
b5d95d29-c97f-14b4-721e-99db59fc6100,2025-01-09 21:28:24,2025-01-09 21:28:24,2025-01-09 17:28:24,2025-01-09 17:28:24,America/Barbados,0.00,0.00,0.0,0.0,0.0,03c821d6-6274-427c-937a-ad91c6bc020d,MP-025,51210097772981,03c821d6-6274-427c-937a-ad91c6bc020d.1,CCS_2,25.0,79b72a61-f5ca-433f-b824-0c7df1204859,Massy Warrens,Massy Warrens - Massy Stores Supercenter,Warrens,St. Michael,BB,,Massy,578dca79-afd1-4b04-816a-322a7067114b,53c3e7f13adc18ac7473c99ec64d56c5,,,,,5b11676b-0383-4ad8-a16f-6da4cd89f3e3,RFID,0.00,BBD
9b699df3-6be8-5e4c-aa8c-c90e24741203,2025-01-09 22:34:10,2025-01-09 22:34:10,2025-01-09 18:34:10,2025-01-09 18:34:10,America/Barbados,0.00,0.00,0.0,0.0,0.0,03c821d6-6274-427c-937a-ad91c6bc020d,MP-025,51210097772981,03c821d6-6274-427c-937a-ad91c6bc020d.2,CHADEMO,25.0,79b72a61-f5ca-433f-b824-0c7df1204859,Massy Warrens,Massy Warrens - Massy Stores Supercenter,Warrens,St. Michael,BB,,Massy,578dca79-afd1-4b04-816a-322a7067114b,8f8a1bc53cfa9904f8ceebad0a28992a,,,,,2b43a680-6c0f-4d9c-937d-40d2fa634566,RFID,0.00,BBD
12f978f4-51e7-5794-885b-08921f5e9737,2025-01-10 02:08:48,2025-01-10 02:54:46,2025-01-09 22:08:48,2025-01-09 22:54:46,America/Barbados,45.97,1.43,19.4,28.1,25.4,03c821d6-6274-427c-937a-ad91c6bc020d,MP-025,51210097772981,03c821d6-6274-427c-937a-ad91c6bc020d.1,CCS_2,25.0,79b72a61-f5ca-433f-b824-0c7df1204859,Massy Warrens,Massy Warrens - Massy Stores Supercenter,Warrens,St. Michael,BB,,Massy,578dca79-afd1-4b04-816a-322a7067114b,813b3cc7d52c23c7e694e5a6380efa00,,,,,,SYSTEM,33.95,BBD
09bc20d7-a909-1337-599d-c9d1dfc354f1,2025-01-10 10:11:41,2025-01-10 10:32:38,2025-01-10 06:11:41,2025-01-10 06:32:38,America/Barbados,20.95,0.00,8.8,28.1,25.3,03c821d6-6274-427c-937a-ad91c6bc020d,MP-025,51210097772981,03c821d6-6274-427c-937a-ad91c6bc020d.1,CCS_2,25.0,79b72a61-f5ca-433f-b824-0c7df1204859,Massy Warrens,Massy Warrens - Massy Stores Supercenter,Warrens,St. Michael,BB,,Massy,578dca79-afd1-4b04-816a-322a7067114b,d453d2a25df7ffae24023c2de6e302c4,,,,,,SYSTEM,7.70,BBD
6fb4bd76-c432-a16f-86a1-929310654e26,2025-01-10 10:55:44,2025-01-10 12:45:23,2025-01-10 06:55:44,2025-01-10 08:45:23,America/Barbados,109.65,3.47,46.5,28.1,25.4,03c821d6-6274-427c-937a-ad91c6bc020d,MP-025,51210097772981,03c821d6-6274-427c-937a-ad91c6bc020d.1,CCS_2,25.0,79b72a61-f5ca-433f-b824-0c7df1204859,Massy Warrens,Massy Warrens - Massy Stores Supercenter,Warrens,St. Michael,BB,,Massy,578dca79-afd1-4b04-816a-322a7067114b,a37650d10cfbec0b3a09686403b781b0,,,,,cd1a6858-23e4-44b4-86ef-6893b5e2c87d,RFID,81.38,BBD
ebf26e97-15c5-0bb5-6786-eabf8fc968f3,2025-01-10 13:14:10,2025-01-10 13:22:08,2025-01-10 09:14:10,2025-01-10 09:22:08,America/Barbados,7.97,0.80,1.8,91.4,51.4,03c821d6-6274-427c-937a-ad91c6bc020d,MP-025,51210097772981,03c821d6-6274-427c-937a-ad91c6bc020d.2,CHADEMO,25.0,79b72a61-f5ca-433f-b824-0c7df1204859,Massy Warrens,Massy Warrens - Massy Stores Supercenter,Warrens,St. Michael,BB,,Massy,578dca79-afd1-4b04-816a-322a7067114b,564363f1092f00b6d8b93b0dffe923e8,,,,,ff8272b9-b9c0-4e2c-a725-65cbd037a327,RFID,3.15,BBD
d54dc2ea-1e21-d74c-fa95-5a48901b9537,2025-01-10 14:16:17,2025-01-10 14:16:17,2025-01-10 10:16:17,2025-01-10 10:16:17,America/Barbados,0.00,0.00,0.0,0.0,0.0,03c821d6-6274-427c-937a-ad91c6bc020d,MP-025,51210097772981,03c821d6-6274-427c-937a-ad91c6bc020d.1,CCS_2,25.0,79b72a61-f5ca-433f-b824-0c7df1204859,Massy Warrens,Massy Warrens - Massy Stores Supercenter,Warrens,St. Michael,BB,,Massy,578dca79-afd1-4b04-816a-322a7067114b,e74d2ff814ba3f55ddbe58946f62c27e,,,,,64e535f3-f5df-4cdd-a4ec-1c5b355660ee,RFID,0.00,BBD
efcb46aa-4e7a-d156-4cfc-0064b4e5ba2a,2025-01-10 14:53:53,2025-01-10 20:50:05,2025-01-10 10:53:53,2025-01-10 16:50:05,America/Barbados,356.20,0.00,41.8,8.6,7.1,8d27dae5-8d1f-48d0-bfe1-8875d5d568a5,MP-0079,M5012464-2,8d27dae5-8d1f-48d0-bfe1-8875d5d568a5.2,TYPE_2,22.0,1977c2c7-cd44-4e6f-a827-370cd9aad5bd,Massy Sunset Crest,"Massy Stores Supercenter, Sunset Crest",Holetown,St James,BB,,Massy,578dca79-afd1-4b04-816a-322a7067114b,2d586ebdcb943f6f0ba9416af61eb87f,,,,,,SYSTEM,62.70,BBD
8ac04282-4af5-cc60-c493-4e7f9d82fb60,2025-01-10 20:47:54,2025-01-10 21:19:16,2025-01-10 16:47:54,2025-01-10 17:19:16,America/Barbados,31.37,0.00,7.3,0.0,0.0,03c821d6-6274-427c-937a-ad91c6bc020d,MP-025,51210097772981,03c821d6-6274-427c-937a-ad91c6bc020d.2,CHADEMO,25.0,79b72a61-f5ca-433f-b824-0c7df1204859,Massy Warrens,Massy Warrens - Massy Stores Supercenter,Warrens,St. Michael,BB,,Massy,578dca79-afd1-4b04-816a-322a7067114b,9e577fcbbbfd01659c4f6b70909b0b26,,,,,ef039067-bf49-476f-a8d6-3539cf54688c,RFID,12.78,BBD
e63607da-23f7-3537-ae2e-9a48e78c708e,2025-01-10 21:25:02,2025-01-10 21:37:20,2025-01-10 17:25:02,2025-01-10 17:37:20,America/Barbados,12.30,0.58,5.0,30.9,24.8,03c821d6-6274-427c-937a-ad91c6bc020d,MP-025,51210097772981,03c821d6-6274-427c-937a-ad91c6bc020d.1,CCS_2,25.0,79b72a61-f5ca-433f-b824-0c7df1204859,Massy Warrens,Massy Warrens - Massy Stores Supercenter,Warrens,St. Michael,BB,,Massy,578dca79-afd1-4b04-816a-322a7067114b,ec996d92891b1482b0d64080e851031f,,,,,,SYSTEM,8.75,BBD
1693f6d0-cc87-252d-bc86-0af5cedd3db0,2025-01-11 04:14:52,2025-01-11 06:16:00,2025-01-11 00:14:52,2025-01-11 02:16:00,America/Barbados,121.13,3.28,52.7,33.8,26.1,03c821d6-6274-427c-937a-ad91c6bc020d,MP-025,51210097772981,03c821d6-6274-427c-937a-ad91c6bc020d.1,CCS_2,25.0,79b72a61-f5ca-433f-b824-0c7df1204859,Massy Warrens,Massy Warrens - Massy Stores Supercenter,Warrens,St. Michael,BB,,Massy,578dca79-afd1-4b04-816a-322a7067114b,ec996d92891b1482b0d64080e851031f,,,,,,SYSTEM,92.23,BBD
70f91e66-9cab-968c-a653-172420acf981,2025-01-11 10:25:48,2025-01-11 12:29:25,2025-01-11 06:25:48,2025-01-11 08:29:25,America/Barbados,123.62,0.97,56.5,33.8,28.4,03c821d6-6274-427c-937a-ad91c6bc020d,MP-025,51210097772981,03c821d6-6274-427c-937a-ad91c6bc020d.1,CCS_2,25.0,79b72a61-f5ca-433f-b824-0c7df1204859,Massy Warrens,Massy Warrens - Massy Stores Supercenter,Warrens,St. Michael,BB,,Massy,578dca79-afd1-4b04-816a-322a7067114b,35b6f6f99ae2087ef24aff4869dea359,,,,,9210ee0a-d99f-4855-9c03-cdf9ee6fab7d,RFID,98.88,BBD
7f122bb8-e626-f8cc-7b15-4ec7af76614c,2025-01-11 20:48:26,2025-01-11 21:24:13,2025-01-11 16:48:26,2025-01-11 17:24:13,America/Barbados,35.78,1.13,15.5,33.8,26.0,03c821d6-6274-427c-937a-ad91c6bc020d,MP-025,51210097772981,03c821d6-6274-427c-937a-ad91c6bc020d.1,CCS_2,25.0,79b72a61-f5ca-433f-b824-0c7df1204859,Massy Warrens,Massy Warrens - Massy Stores Supercenter,Warrens,St. Michael,BB,,Massy,578dca79-afd1-4b04-816a-322a7067114b,eed9d915b485c674b9ba3ac4a20ae0f1,,,,,,SYSTEM,27.13,BBD
8e02f118-46fd-e768-43ac-e568e37de609,2025-01-11 22:57:50,2025-01-12 00:20:34,2025-01-11 18:57:50,2025-01-11 20:20:34,America/Barbados,82.73,11.82,29.5,145.2,23.1,03c821d6-6274-427c-937a-ad91c6bc020d,MP-025,51210097772981,03c821d6-6274-427c-937a-ad91c6bc020d.1,CCS_2,25.0,79b72a61-f5ca-433f-b824-0c7df1204859,Massy Warrens,Massy Warrens - Massy Stores Supercenter,Warrens,St. Michael,BB,,Massy,578dca79-afd1-4b04-816a-322a7067114b,dd4c88acde25753674e21b473fe166ef,,,,,033b321f-9ea1-4604-93a9-0160f0c2ca9c,RFID,51.63,BBD
ae959c54-476a-fada-897a-5bb014238abc,2025-01-12 00:23:30,2025-01-12 02:13:45,2025-01-11 20:23:30,2025-01-11 22:13:45,America/Barbados,110.25,1.07,50.8,175.0,29.6,03c821d6-6274-427c-937a-ad91c6bc020d,MP-025,51210097772981,03c821d6-6274-427c-937a-ad91c6bc020d.1,CCS_2,25.0,79b72a61-f5ca-433f-b824-0c7df1204859,Massy Warrens,Massy Warrens - Massy Stores Supercenter,Warrens,St. Michael,BB,,Massy,578dca79-afd1-4b04-816a-322a7067114b,de496c2b0c06805735691033fa5f0366,,,,,e715b9b6-3de2-40c3-a7c0-640d32220c5d,RFID,88.90,BBD
4ad1eccd-ac6f-6b2c-a26b-1fe74c1ee343,2025-01-12 04:30:33,2025-01-12 06:19:40,2025-01-12 00:30:33,2025-01-12 02:19:40,America/Barbados,109.12,1.38,46.3,175.0,27.2,03c821d6-6274-427c-937a-ad91c6bc020d,MP-025,51210097772981,03c821d6-6274-427c-937a-ad91c6bc020d.1,CCS_2,25.0,79b72a61-f5ca-433f-b824-0c7df1204859,Massy Warrens,Massy Warrens - Massy Stores Supercenter,Warrens,St. Michael,BB,,Massy,578dca79-afd1-4b04-816a-322a7067114b,9a0aa3c4b0310980ab78bd4ad3e6744a,,,,,8c7a084b-ebbc-4912-b13b-4783148e94ff,RFID,81.03,BBD
3ef081a1-85e6-7950-4b6d-e78f162d51b7,2025-01-12 13:26:52,2025-01-12 14:18:54,2025-01-12 09:26:52,2025-01-12 10:18:54,America/Barbados,52.03,0.00,22.1,0.0,0.0,03c821d6-6274-427c-937a-ad91c6bc020d,MP-025,51210097772981,03c821d6-6274-427c-937a-ad91c6bc020d.1,CCS_2,25.0,79b72a61-f5ca-433f-b824-0c7df1204859,Massy Warrens,Massy Warrens - Massy Stores Supercenter,Warrens,St. Michael,BB,,Massy,578dca79-afd1-4b04-816a-322a7067114b,e74d2ff814ba3f55ddbe58946f62c27e,,,,,64e535f3-f5df-4cdd-a4ec-1c5b355660ee,RFID,38.68,BBD
db131c17-15f9-53e8-f485-8b41f764e9df,2025-01-12 16:50:22,2025-01-12 17:42:22,2025-01-12 12:50:22,2025-01-12 13:42:22,America/Barbados,52.00,0.55,22.2,29.4,25.7,03c821d6-6274-427c-937a-ad91c6bc020d,MP-025,51210097772981,03c821d6-6274-427c-937a-ad91c6bc020d.1,CCS_2,25.0,79b72a61-f5ca-433f-b824-0c7df1204859,Massy Warrens,Massy Warrens - Massy Stores Supercenter,Warrens,St. Michael,BB,,Massy,578dca79-afd1-4b04-816a-322a7067114b,813b3cc7d52c23c7e694e5a6380efa00,,,,,,SYSTEM,38.85,BBD
4a6d91f5-e0a5-f910-e0c3-3695563c9518,2025-01-12 17:48:14,2025-01-12 18:07:25,2025-01-12 13:48:14,2025-01-12 14:07:25,America/Barbados,19.18,11.20,2.8,16.9,9.3,03c821d6-6274-427c-937a-ad91c6bc020d,MP-025,51210097772981,03c821d6-6274-427c-937a-ad91c6bc020d.2,CHADEMO,25.0,79b72a61-f5ca-433f-b824-0c7df1204859,Massy Warrens,Massy Warrens - Massy Stores Supercenter,Warrens,St. Michael,BB,,Massy,578dca79-afd1-4b04-816a-322a7067114b,564363f1092f00b6d8b93b0dffe923e8,,,,,ff8272b9-b9c0-4e2c-a725-65cbd037a327,RFID,4.90,BBD
722ef040-b5f2-bb12-47fb-a9ba77b0db16,2025-01-12 18:11:10,2025-01-12 19:00:50,2025-01-12 14:11:10,2025-01-12 15:00:50,America/Barbados,49.67,1.07,21.1,29.2,25.6,03c821d6-6274-427c-937a-ad91c6bc020d,MP-025,51210097772981,03c821d6-6274-427c-937a-ad91c6bc020d.1,CCS_2,25.0,79b72a61-f5ca-433f-b824-0c7df1204859,Massy Warrens,Massy Warrens - Massy Stores Supercenter,Warrens,St. Michael,BB,,Massy,578dca79-afd1-4b04-816a-322a7067114b,5911ffba106a13f8c146db3cc5fdaaf2,,,,,f4154aa6-6205-47f5-bff4-856043d935c8,RFID,36.93,BBD
ff2869a1-e3fe-65f7-820f-31b1c8fd89ce,2025-01-12 19:30:23,2025-01-12 19:55:41,2025-01-12 15:30:23,2025-01-12 15:55:41,America/Barbados,25.30,0.00,10.5,0.0,0.0,03c821d6-6274-427c-937a-ad91c6bc020d,MP-025,51210097772981,03c821d6-6274-427c-937a-ad91c6bc020d.1,CCS_2,25.0,79b72a61-f5ca-433f-b824-0c7df1204859,Massy Warrens,Massy Warrens - Massy Stores Supercenter,Warrens,St. Michael,BB,,Massy,578dca79-afd1-4b04-816a-322a7067114b,6be63789cf5b91884a371cf338afa67e,,,,,0981d8af-d967-4317-931a-2e4de62f2195,RFID,18.38,BBD
7f8b3e69-134d-b882-613f-a3ec64752c6a,2025-01-13 10:12:56,2025-01-13 10:36:13,2025-01-13 06:12:56,2025-01-13 06:36:13,America/Barbados,23.28,0.37,9.7,28.1,25.0,03c821d6-6274-427c-937a-ad91c6bc020d,MP-025,51210097772981,03c821d6-6274-427c-937a-ad91c6bc020d.1,CCS_2,25.0,79b72a61-f5ca-433f-b824-0c7df1204859,Massy Warrens,Massy Warrens - Massy Stores Supercenter,Warrens,St. Michael,BB,,Massy,578dca79-afd1-4b04-816a-322a7067114b,d453d2a25df7ffae24023c2de6e302c4,,,,,,SYSTEM,8.49,BBD,
2e3ffc48-95c0-c8b5-c788-eba2afe74548,2025-01-13 10:42:23,2025-01-13 12:45:01,2025-01-13 06:42:23,2025-01-13 08:45:01,America/Barbados,122.63,13.10,46.7,33.8,22.8,03c821d6-6274-427c-937a-ad91c6bc020d,MP-025,51210097772981,03c821d6-6274-427c-937a-ad91c6bc020d.1,CCS_2,25.0,79b72a61-f5ca-433f-b824-0c7df1204859,Massy Warrens,Massy Warrens - Massy Stores Supercenter,Warrens,St. Michael,BB,,Massy,578dca79-afd1-4b04-816a-322a7067114b,f7ac65e5da7507b05bead63326b9ce5c,,,,,,SYSTEM,81.73,BBD,
b47f5961-874b-13ce-07d0-4378a1684fb3,2025-01-13 16:10:50,2025-01-13 17:02:06,2025-01-13 12:10:50,2025-01-13 13:02:06,America/Barbados,51.27,1.15,21.5,28.1,25.2,03c821d6-6274-427c-937a-ad91c6bc020d,MP-025,51210097772981,03c821d6-6274-427c-937a-ad91c6bc020d.1,CCS_2,25.0,79b72a61-f5ca-433f-b824-0c7df1204859,Massy Warrens,Massy Warrens - Massy Stores Supercenter,Warrens,St. Michael,BB,,Massy,578dca79-afd1-4b04-816a-322a7067114b,e74d2ff814ba3f55ddbe58946f62c27e,,,,,64e535f3-f5df-4cdd-a4ec-1c5b355660ee,RFID,37.63,BBD,
0a7425f7-5ba3-d8da-869a-b4cb023b1b13,2025-01-13 20:24:32,2025-01-13 21:59:45,2025-01-13 16:24:32,2025-01-13 17:59:45,America/Barbados,95.22,2.43,41.6,90.0,26.9,03c821d6-6274-427c-937a-ad91c6bc020d,MP-025,51210097772981,03c821d6-6274-427c-937a-ad91c6bc020d.1,CCS_2,25.0,79b72a61-f5ca-433f-b824-0c7df1204859,Massy Warrens,Massy Warrens - Massy Stores Supercenter,Warrens,St. Michael,BB,,Massy,578dca79-afd1-4b04-816a-322a7067114b,2e641b48e7709239d7b903ec9cee7077,,,,,462dc142-1b18-45a5-a4cb-55ede0158e92,RFID,72.80,BBD,
cc8a7ab7-ac53-aca7-f82c-641fd4aa2761,2025-01-14 01:34:58,2025-01-14 02:41:27,2025-01-13 21:34:58,2025-01-13 22:41:27,America/Barbados,66.48,0.80,30.7,49.1,28.0,03c821d6-6274-427c-937a-ad91c6bc020d,MP-025,51210097772981,03c821d6-6274-427c-937a-ad91c6bc020d.1,CCS_2,25.0,79b72a61-f5ca-433f-b824-0c7df1204859,Massy Warrens,Massy Warrens - Massy Stores Supercenter,Warrens,St. Michael,BB,,Massy,578dca79-afd1-4b04-816a-322a7067114b,03d1ce26fa49936b6e72eb9eafef6e3f,,,,,,SYSTEM,53.73,BBD,
bee44729-92c9-3679-a5e7-9eb002f37cf7,2025-01-14 09:18:04,2025-01-14 09:18:04,2025-01-14 05:18:04,2025-01-14 05:18:04,America/Barbados,0.00,0.00,0.0,0.0,0.0,03c821d6-6274-427c-937a-ad91c6bc020d,MP-025,51210097772981,03c821d6-6274-427c-937a-ad91c6bc020d.1,CCS_2,25.0,79b72a61-f5ca-433f-b824-0c7df1204859,Massy Warrens,Massy Warrens - Massy Stores Supercenter,Warrens,St. Michael,BB,,Massy,578dca79-afd1-4b04-816a-322a7067114b,35b6f6f99ae2087ef24aff4869dea359,,,,,9210ee0a-d99f-4855-9c03-cdf9ee6fab7d,RFID,0.00,BBD,
00da699b-59a1-b921-d041-1c3cf63758f6,2025-01-14 13:27:51,2025-01-14 14:00:11,2025-01-14 09:27:51,2025-01-14 10:00:11,America/Barbados,32.33,0.62,13.7,34.3,25.7,03c821d6-6274-427c-937a-ad91c6bc020d,MP-025,51210097772981,03c821d6-6274-427c-937a-ad91c6bc020d.1,CCS_2,25.0,79b72a61-f5ca-433f-b824-0c7df1204859,Massy Warrens,Massy Warrens - Massy Stores Supercenter,Warrens,St. Michael,BB,,Massy,578dca79-afd1-4b04-816a-322a7067114b,abb6ac85e363630e25f8a5ec61014fe0,,,,,,SYSTEM,23.98,BBD,
4923aec1-647c-05ee-ed90-9133712bd492,2025-01-14 14:41:06,2025-01-14 15:26:59,2025-01-14 10:41:06,2025-01-14 11:26:59,America/Barbados,45.88,1.88,19.0,28.1,24.9,03c821d6-6274-427c-937a-ad91c6bc020d,MP-025,51210097772981,03c821d6-6274-427c-937a-ad91c6bc020d.1,CCS_2,25.0,79b72a61-f5ca-433f-b824-0c7df1204859,Massy Warrens,Massy Warrens - Massy Stores Supercenter,Warrens,St. Michael,BB,,Massy,578dca79-afd1-4b04-816a-322a7067114b,d453d2a25df7ffae24023c2de6e302c4,,,,,,SYSTEM,16.63,BBD,
d0d788ff-72bd-bb90-8613-0b0e4171f392,2025-01-14 21:34:50,2025-01-14 16:56:07,2025-01-14 17:34:50,2025-01-14 12:56:07,America/Barbados,63.40,1.33,27.5,33.8,25.9,03c821d6-6274-427c-937a-ad91c6bc020d,MP-025,51210097772981,03c821d6-6274-427c-937a-ad91c6bc020d.1,CCS_2,25.0,79b72a61-f5ca-433f-b824-0c7df1204859,Massy Warrens,Massy Warrens - Massy Stores Supercenter,Warrens,St. Michael,BB,,Massy,578dca79-afd1-4b04-816a-322a7067114b,ec996d92891b1482b0d64080e851031f,,,,,,SYSTEM,0.00,BBD,
89446931-1812-1e8f-a7e7-60285d357bc8,2025-01-14 23:24:53,2025-01-14 23:34:34,2025-01-14 19:24:53,2025-01-14 19:34:34,America/Barbados,9.68,2.23,2.2,56.6,21.5,03c821d6-6274-427c-937a-ad91c6bc020d,MP-025,51210097772981,03c821d6-6274-427c-937a-ad91c6bc020d.2,CHADEMO,25.0,79b72a61-f5ca-433f-b824-0c7df1204859,Massy Warrens,Massy Warrens - Massy Stores Supercenter,Warrens,St. Michael,BB,,Massy,578dca79-afd1-4b04-816a-322a7067114b,564363f1092f00b6d8b93b0dffe923e8,,,,,ff8272b9-b9c0-4e2c-a725-65cbd037a327,RFID,3.85,BBD,
17b701df-32eb-c860-91d0-c89bf63c6764,2025-01-15 10:29:06,2025-01-15 11:10:10,2025-01-15 06:29:06,2025-01-15 07:10:10,America/Barbados,41.07,0.00,18.0,28.1,26.9,03c821d6-6274-427c-937a-ad91c6bc020d,MP-025,51210097772981,03c821d6-6274-427c-937a-ad91c6bc020d.1,CCS_2,25.0,79b72a61-f5ca-433f-b824-0c7df1204859,Massy Warrens,Massy Warrens - Massy Stores Supercenter,Warrens,St. Michael,BB,,Massy,578dca79-afd1-4b04-816a-322a7067114b,03d1ce26fa49936b6e72eb9eafef6e3f,,,,,97fceca9-6706-421a-89f2-0f307f042c89,RFID,31.50,BBD,
e8b5c066-413a-137c-348f-824219b21ec0,2025-01-15 14:13:13,2025-01-15 14:58:39,2025-01-15 10:13:13,2025-01-15 10:58:39,America/Barbados,45.43,0.38,19.2,28.1,25.4,03c821d6-6274-427c-937a-ad91c6bc020d,MP-025,51210097772981,03c821d6-6274-427c-937a-ad91c6bc020d.1,CCS_2,25.0,79b72a61-f5ca-433f-b824-0c7df1204859,Massy Warrens,Massy Warrens - Massy Stores Supercenter,Warrens,St. Michael,BB,,Massy,578dca79-afd1-4b04-816a-322a7067114b,0e411a7aae18e5bf462136072fec76ab,,,,,,SYSTEM,33.60,BBD,
654e902c-fe6d-97df-7beb-f11856723030,2025-01-15 12:59:08,2025-01-15 12:59:08,2025-01-15 08:59:08,2025-01-15 08:59:08,America/Barbados,0.00,0.00,0.0,0.0,0.0,03c821d6-6274-427c-937a-ad91c6bc020d,MP-025,51210097772981,03c821d6-6274-427c-937a-ad91c6bc020d.2,CHADEMO,25.0,79b72a61-f5ca-433f-b824-0c7df1204859,Massy Warrens,Massy Warrens - Massy Stores Supercenter,Warrens,St. Michael,BB,,Massy,578dca79-afd1-4b04-816a-322a7067114b,564363f1092f00b6d8b93b0dffe923e8,,,,,ff8272b9-b9c0-4e2c-a725-65cbd037a327,RFID,0.00,BBD,
1c2d211a-410e-50bb-442d-ba0a30501ad2,2025-01-15 17:14:43,2025-01-15 19:12:10,2025-01-15 13:14:43,2025-01-15 15:12:10,America/Barbados,117.45,0.00,14.1,15.0,7.4,8d27dae5-8d1f-48d0-bfe1-8875d5d568a5,MP-0079,M5012464-2,8d27dae5-8d1f-48d0-bfe1-8875d5d568a5.2,TYPE_2,22.0,1977c2c7-cd44-4e6f-a827-370cd9aad5bd,Massy Sunset Crest,"Massy Stores Supercenter, Sunset Crest",Holetown,St James,BB,,Massy,578dca79-afd1-4b04-816a-322a7067114b,07a077acd1df0fe6d535fa7725a622fe,,,,,,SYSTEM,21.15,BBD,
ba4ecd2c-89b5-0196-f774-a1680781a523,2025-01-15 19:43:33,2025-01-15 21:01:29,2025-01-15 15:43:33,2025-01-15 17:01:29,America/Barbados,77.93,0.00,8.6,8.0,6.6,8d27dae5-8d1f-48d0-bfe1-8875d5d568a5,MP-0079,M5012464-2,8d27dae5-8d1f-48d0-bfe1-8875d5d568a5.2,TYPE_2,22.0,1977c2c7-cd44-4e6f-a827-370cd9aad5bd,Massy Sunset Crest,"Massy Stores Supercenter, Sunset Crest",Holetown,St James,BB,,Massy,578dca79-afd1-4b04-816a-322a7067114b,4b4ae49178c4065ca1ee670426589a37,,,,,,SYSTEM,0.00,BBD,
6d776d95-84b9-755e-d7e6-fdbd3c0a6252,2025-01-15 21:41:50,2025-01-15 21:43:49,2025-01-15 17:41:50,2025-01-15 17:43:49,America/Barbados,1.98,0.50,0.0,0.0,0.0,024e77fc-3da1-4e73-930e-b76e45511419,MP-001,M5005918-7,024e77fc-3da1-4e73-930e-b76e45511419.2,TYPE_2,7.4,1977c2c7-cd44-4e6f-a827-370cd9aad5bd,Massy Sunset Crest,"Massy Stores Supercenter, Sunset Crest",Holetown,St James,BB,,Massy,578dca79-afd1-4b04-816a-322a7067114b,5e3ecf2b0cd1f115dbca46306a1f02e4,,,,,1ed21fb5-1efa-41c7-b279-cbb495a8a442,RFID,0.00,BBD,
8367354a-a8ec-3a91-c4f0-f1286a3c1ba9,2025-01-15 21:44:01,2025-01-15 21:46:32,2025-01-15 17:44:01,2025-01-15 17:46:32,America/Barbados,2.52,1.48,0.0,0.0,0.0,024e77fc-3da1-4e73-930e-b76e45511419,MP-001,M5005918-7,024e77fc-3da1-4e73-930e-b76e45511419.2,TYPE_2,7.4,1977c2c7-cd44-4e6f-a827-370cd9aad5bd,Massy Sunset Crest,"Massy Stores Supercenter, Sunset Crest",Holetown,St James,BB,,Massy,578dca79-afd1-4b04-816a-322a7067114b,5e3ecf2b0cd1f115dbca46306a1f02e4,,,,,1ed21fb5-1efa-41c7-b279-cbb495a8a442,RFID,0.00,BBD,
0fcd69fe-d48b-871a-bb03-4ba5a877d697,2025-01-15 21:46:47,2025-01-15 21:47:59,2025-01-15 17:46:47,2025-01-15 17:47:59,America/Barbados,1.20,0.20,0.0,0.0,0.0,024e77fc-3da1-4e73-930e-b76e45511419,MP-001,M5005918-7,024e77fc-3da1-4e73-930e-b76e45511419.1,TYPE_2,7.4,1977c2c7-cd44-4e6f-a827-370cd9aad5bd,Massy Sunset Crest,"Massy Stores Supercenter, Sunset Crest",Holetown,St James,BB,,Massy,578dca79-afd1-4b04-816a-322a7067114b,5e3ecf2b0cd1f115dbca46306a1f02e4,,,,,1ed21fb5-1efa-41c7-b279-cbb495a8a442,RFID,0.00,BBD,
237ec037-f2a2-e494-b16c-5d8b4221c48b,2025-01-15 21:50:48,2025-01-15 21:52:19,2025-01-15 17:50:48,2025-01-15 17:52:19,America/Barbados,1.52,0.00,0.0,0.0,0.0,8d27dae5-8d1f-48d0-bfe1-8875d5d568a5,MP-0079,M5012464-2,8d27dae5-8d1f-48d0-bfe1-8875d5d568a5.2,TYPE_2,22.0,1977c2c7-cd44-4e6f-a827-370cd9aad5bd,Massy Sunset Crest,"Massy Stores Supercenter, Sunset Crest",Holetown,St James,BB,,Massy,578dca79-afd1-4b04-816a-322a7067114b,5e3ecf2b0cd1f115dbca46306a1f02e4,,,,,1ed21fb5-1efa-41c7-b279-cbb495a8a442,RFID,0.00,BBD,
cd0304e5-7faf-d364-5fbe-83ffd3d62a98,2025-01-15 21:52:33,2025-01-15 22:25:21,2025-01-15 17:52:33,2025-01-15 18:25:21,America/Barbados,32.80,0.00,3.5,8.0,6.7,8d27dae5-8d1f-48d0-bfe1-8875d5d568a5,MP-0079,M5012464-2,8d27dae5-8d1f-48d0-bfe1-8875d5d568a5.2,TYPE_2,22.0,1977c2c7-cd44-4e6f-a827-370cd9aad5bd,Massy Sunset Crest,"Massy Stores Supercenter, Sunset Crest",Holetown,St James,BB,,Massy,578dca79-afd1-4b04-816a-322a7067114b,5e3ecf2b0cd1f115dbca46306a1f02e4,,,,,1ed21fb5-1efa-41c7-b279-cbb495a8a442,RFID,5.25,BBD,
f297ee9a-f2f8-39de-4398-d8c0676970e7,2025-01-16 10:15:39,2025-01-16 10:34:16,2025-01-16 06:15:39,2025-01-16 06:34:16,America/Barbados,18.62,1.02,7.3,28.1,23.3,03c821d6-6274-427c-937a-ad91c6bc020d,MP-025,51210097772981,03c821d6-6274-427c-937a-ad91c6bc020d.1,CCS_2,25.0,79b72a61-f5ca-433f-b824-0c7df1204859,Massy Warrens,Massy Warrens - Massy Stores Supercenter,Warrens,St. Michael,BB,,Massy,578dca79-afd1-4b04-816a-322a7067114b,d453d2a25df7ffae24023c2de6e302c4,,,,,,SYSTEM,6.39,BBD,
c453ad75-5285-0453-8d6c-71f7f00013db,2025-01-16 10:37:03,2025-01-16 11:26:08,2025-01-16 06:37:03,2025-01-16 07:26:08,America/Barbados,49.08,0.55,20.8,220.6,31.0,03c821d6-6274-427c-937a-ad91c6bc020d,MP-025,51210097772981,03c821d6-6274-427c-937a-ad91c6bc020d.1,CCS_2,25.0,79b72a61-f5ca-433f-b824-0c7df1204859,Massy Warrens,Massy Warrens - Massy Stores Supercenter,Warrens,St. Michael,BB,,Massy,578dca79-afd1-4b04-816a-322a7067114b,a37650d10cfbec0b3a09686403b781b0,,,,,cd1a6858-23e4-44b4-86ef-6893b5e2c87d,RFID,36.40,BBD,
736cd3bd-1034-bec3-e5c9-94435b04641c,2025-01-16 12:51:18,2025-01-16 13:08:15,2025-01-16 08:51:18,2025-01-16 09:08:15,America/Barbados,16.95,0.00,2.0,9.2,7.2,8d27dae5-8d1f-48d0-bfe1-8875d5d568a5,MP-0079,M5012464-2,8d27dae5-8d1f-48d0-bfe1-8875d5d568a5.2,TYPE_2,22.0,1977c2c7-cd44-4e6f-a827-370cd9aad5bd,Massy Sunset Crest,"Massy Stores Supercenter, Sunset Crest",Holetown,St James,BB,,Massy,578dca79-afd1-4b04-816a-322a7067114b,14bed3a4905e5eb5b454837dc4e55898,,,,,24a163e2-58a1-4aa9-909a-205aa33fc20c,RFID,3.00,BBD,
3317d070-f05b-ff44-4b86-cbd1fa4d2609,2025-01-16 12:59:54,2025-01-16 13:22:48,2025-01-16 08:59:54,2025-01-16 09:22:48,America/Barbados,22.90,0.53,9.7,28.1,25.5,03c821d6-6274-427c-937a-ad91c6bc020d,MP-025,51210097772981,03c821d6-6274-427c-937a-ad91c6bc020d.1,CCS_2,25.0,79b72a61-f5ca-433f-b824-0c7df1204859,Massy Warrens,Massy Warrens - Massy Stores Supercenter,Warrens,St. Michael,BB,,Massy,578dca79-afd1-4b04-816a-322a7067114b,dd4c88acde25753674e21b473fe166ef,,,,,,SYSTEM,16.98,BBD,
0f57f05c-42da-096c-4cc4-4cfa81ef9bb6,2025-01-16 17:17:44,2025-01-16 17:18:22,2025-01-16 13:17:44,2025-01-16 13:18:22,America/Barbados,0.63,0.00,0.1,9.5,9.5,8d27dae5-8d1f-48d0-bfe1-8875d5d568a5,MP-0079,M5012464-2,8d27dae5-8d1f-48d0-bfe1-8875d5d568a5.2,TYPE_2,22.0,1977c2c7-cd44-4e6f-a827-370cd9aad5bd,Massy Sunset Crest,"Massy Stores Supercenter, Sunset Crest",Holetown,St James,BB,,Massy,578dca79-afd1-4b04-816a-322a7067114b,14bed3a4905e5eb5b454837dc4e55898,,,,,24a163e2-58a1-4aa9-909a-205aa33fc20c,RFID,0.15,BBD,
c3b290bf-4a9f-cfcf-bbef-eb6c0aa87ca4,2025-01-16 18:56:30,2025-01-16 20:07:46,2025-01-16 14:56:30,2025-01-16 16:07:46,America/Barbados,71.27,0.00,4.3,5.3,3.6,8d27dae5-8d1f-48d0-bfe1-8875d5d568a5,MP-0079,M5012464-2,8d27dae5-8d1f-48d0-bfe1-8875d5d568a5.2,TYPE_2,22.0,1977c2c7-cd44-4e6f-a827-370cd9aad5bd,Massy Sunset Crest,"Massy Stores Supercenter, Sunset Crest",Holetown,St James,BB,,Massy,578dca79-afd1-4b04-816a-322a7067114b,39bdd057540638ed40fc8ba9f292ca73,,,,,,SYSTEM,6.45,BBD,
46d7b30f-f12f-2738-bddb-3bbe10986618,2025-01-16 22:11:24,2025-01-16 23:14:10,2025-01-16 18:11:24,2025-01-16 19:14:10,America/Barbados,62.77,1.18,26.6,28.1,25.6,03c821d6-6274-427c-937a-ad91c6bc020d,MP-025,51210097772981,03c821d6-6274-427c-937a-ad91c6bc020d.1,CCS_2,25.0,79b72a61-f5ca-433f-b824-0c7df1204859,Massy Warrens,Massy Warrens - Massy Stores Supercenter,Warrens,St. Michael,BB,,Massy,578dca79-afd1-4b04-816a-322a7067114b,53c3e7f13adc18ac7473c99ec64d56c5,,,,,5b11676b-0383-4ad8-a16f-6da4cd89f3e3,RFID,46.55,BBD,
a54b5918-ca1b-23dd-cf20-030ec88a0e95,2025-01-16 23:15:23,2025-01-17 00:52:23,2025-01-16 19:15:23,2025-01-16 20:52:23,America/Barbados,97.00,13.00,35.9,28.1,22.2,03c821d6-6274-427c-937a-ad91c6bc020d,MP-025,51210097772981,03c821d6-6274-427c-937a-ad91c6bc020d.1,CCS_2,25.0,79b72a61-f5ca-433f-b824-0c7df1204859,Massy Warrens,Massy Warrens - Massy Stores Supercenter,Warrens,St. Michael,BB,,Massy,578dca79-afd1-4b04-816a-322a7067114b,dd4c88acde25753674e21b473fe166ef,,,,,,SYSTEM,62.83,BBD,
0d6054b7-26c9-8f9e-c005-e78ad2935da0,2025-01-17 01:51:55,2025-01-17 02:11:13,2025-01-16 21:51:55,2025-01-16 22:11:13,America/Barbados,19.30,0.53,7.4,28.1,25.0,03c821d6-6274-427c-937a-ad91c6bc020d,MP-025,51210097772981,03c821d6-6274-427c-937a-ad91c6bc020d.1,CCS_2,25.0,79b72a61-f5ca-433f-b824-0c7df1204859,Massy Warrens,Massy Warrens - Massy Stores Supercenter,Warrens,St. Michael,BB,,Massy,578dca79-afd1-4b04-816a-322a7067114b,abb6ac85e363630e25f8a5ec61014fe0,,,,,,SYSTEM,12.95,BBD,
8266f02d-9546-4497-25f2-7473923dee0a,2025-01-17 03:41:24,2025-01-17 05:06:24,2025-01-16 23:41:24,2025-01-17 01:06:24,America/Barbados,85.00,1.07,37.0,28.1,26.1,03c821d6-6274-427c-937a-ad91c6bc020d,MP-025,51210097772981,03c821d6-6274-427c-937a-ad91c6bc020d.1,CCS_2,25.0,79b72a61-f5ca-433f-b824-0c7df1204859,Massy Warrens,Massy Warrens - Massy Stores Supercenter,Warrens,St. Michael,BB,,Massy,578dca79-afd1-4b04-816a-322a7067114b,ec996d92891b1482b0d64080e851031f,,,,,,SYSTEM,64.75,BBD,
7301437a-e478-8a03-bb03-1aab167d5a39,2025-01-17 09:12:28,2025-01-17 11:59:30,2025-01-17 05:12:28,2025-01-17 07:59:30,America/Barbados,167.03,7.85,74.2,33.8,26.8,03c821d6-6274-427c-937a-ad91c6bc020d,MP-025,51210097772981,03c821d6-6274-427c-937a-ad91c6bc020d.1,CCS_2,25.0,79b72a61-f5ca-433f-b824-0c7df1204859,Massy Warrens,Massy Warrens - Massy Stores Supercenter,Warrens,St. Michael,BB,,Massy,578dca79-afd1-4b04-816a-322a7067114b,03d1ce26fa49936b6e72eb9eafef6e3f,,,,,97fceca9-6706-421a-89f2-0f307f042c89,RFID,129.85,BBD,
01bce1bd-5199-fbc6-7cf1-f51fa367ba63,2025-01-17 12:13:06,2025-01-17 14:06:22,2025-01-17 08:13:06,2025-01-17 10:06:22,America/Barbados,113.27,7.68,50.1,191.3,28.3,03c821d6-6274-427c-937a-ad91c6bc020d,MP-025,51210097772981,03c821d6-6274-427c-937a-ad91c6bc020d.1,CCS_2,25.0,79b72a61-f5ca-433f-b824-0c7df1204859,Massy Warrens,Massy Warrens - Massy Stores Supercenter,Warrens,St. Michael,BB,,Massy,578dca79-afd1-4b04-816a-322a7067114b,d01f8298c4aa0be4b825cec87e3512c6,,,,,7c802f13-3acc-4c06-8717-a63c9d015e7e,RFID,87.68,BBD,
14c82026-8e62-1450-63fa-5f73594770f6,2025-01-17 14:34:48,2025-01-17 15:56:56,2025-01-17 10:34:48,2025-01-17 11:56:56,America/Barbados,82.13,1.88,34.6,102.9,26.2,03c821d6-6274-427c-937a-ad91c6bc020d,MP-025,51210097772981,03c821d6-6274-427c-937a-ad91c6bc020d.1,CCS_2,25.0,79b72a61-f5ca-433f-b824-0c7df1204859,Massy Warrens,Massy Warrens - Massy Stores Supercenter,Warrens,St. Michael,BB,,Massy,578dca79-afd1-4b04-816a-322a7067114b,5911ffba106a13f8c146db3cc5fdaaf2,,,,,f4154aa6-6205-47f5-bff4-856043d935c8,RFID,60.55,BBD,
2f48d71e-204b-990c-ade9-036a2519c2d4,2025-01-17 19:58:26,2025-01-17 20:19:40,2025-01-17 15:58:26,2025-01-17 16:19:40,America/Barbados,21.23,0.27,8.5,38.2,24.3,03c821d6-6274-427c-937a-ad91c6bc020d,MP-025,51210097772981,03c821d6-6274-427c-937a-ad91c6bc020d.1,CCS_2,25.0,79b72a61-f5ca-433f-b824-0c7df1204859,Massy Warrens,Massy Warrens - Massy Stores Supercenter,Warrens,St. Michael,BB,,Massy,578dca79-afd1-4b04-816a-322a7067114b,36103e32ca748011fafd0684597de9b8,,,,,10849adb-5035-4026-8d64-ddd8ccbe33b1,RFID,14.88,BBD,
1cfaf010-e52f-4e8d-f1d4-ceb68342fe1b,2025-01-17 20:21:01,2025-01-17 21:59:50,2025-01-17 16:21:01,2025-01-17 17:59:50,America/Barbados,98.82,0.53,43.2,294.1,29.3,03c821d6-6274-427c-937a-ad91c6bc020d,MP-025,51210097772981,03c821d6-6274-427c-937a-ad91c6bc020d.1,CCS_2,25.0,79b72a61-f5ca-433f-b824-0c7df1204859,Massy Warrens,Massy Warrens - Massy Stores Supercenter,Warrens,St. Michael,BB,,Massy,578dca79-afd1-4b04-816a-322a7067114b,36103e32ca748011fafd0684597de9b8,,,,,10849adb-5035-4026-8d64-ddd8ccbe33b1,RFID,75.60,BBD,
bda49b1d-c32e-687e-0a0e-1b024385174f,2025-01-18 01:08:26,2025-01-18 01:06:28,2025-01-17 21:08:26,2025-01-17 21:06:28,America/Barbados,26.93,0.27,11.7,28.1,26.0,03c821d6-6274-427c-937a-ad91c6bc020d,MP-025,51210097772981,03c821d6-6274-427c-937a-ad91c6bc020d.1,CCS_2,25.0,79b72a61-f5ca-433f-b824-0c7df1204859,Massy Warrens,Massy Warrens - Massy Stores Supercenter,Warrens,St. Michael,BB,,Massy,578dca79-afd1-4b04-816a-322a7067114b,de496c2b0c06805735691033fa5f0366,,,,,,SYSTEM,0.00,BBD,
18f0032b-316b-1932-3c00-b27405acd345,2025-01-18 12:38:17,2025-01-18 13:26:28,2025-01-18 08:38:17,2025-01-18 09:26:28,America/Barbados,48.18,15.92,12.7,28.1,15.9,03c821d6-6274-427c-937a-ad91c6bc020d,MP-025,51210097772981,03c821d6-6274-427c-937a-ad91c6bc020d.1,CCS_2,25.0,79b72a61-f5ca-433f-b824-0c7df1204859,Massy Warrens,Massy Warrens - Massy Stores Supercenter,Warrens,St. Michael,BB,,Massy,578dca79-afd1-4b04-816a-322a7067114b,40a16d94208fdc757cd189b90808792e,,,,,,SYSTEM,22.23,BBD,
3931c7ea-1448-eeb3-5fab-af6bd64e1839,2025-01-18 15:37:44,2025-01-18 16:49:26,2025-01-18 11:37:44,2025-01-18 12:49:26,America/Barbados,71.70,2.13,30.3,28.1,25.4,03c821d6-6274-427c-937a-ad91c6bc020d,MP-025,51210097772981,03c821d6-6274-427c-937a-ad91c6bc020d.1,CCS_2,25.0,79b72a61-f5ca-433f-b824-0c7df1204859,Massy Warrens,Massy Warrens - Massy Stores Supercenter,Warrens,St. Michael,BB,,Massy,578dca79-afd1-4b04-816a-322a7067114b,e74d2ff814ba3f55ddbe58946f62c27e,,,,,64e535f3-f5df-4cdd-a4ec-1c5b355660ee,RFID,53.03,BBD,
f37f5158-01f4-00d0-1261-5fe3379a837f,2025-01-18 18:32:07,2025-01-18 18:32:57,2025-01-18 14:32:07,2025-01-18 14:32:57,America/Barbados,0.83,0.00,0.3,26.0,26.0,03c821d6-6274-427c-937a-ad91c6bc020d,MP-025,51210097772981,03c821d6-6274-427c-937a-ad91c6bc020d.1,CCS_2,25.0,79b72a61-f5ca-433f-b824-0c7df1204859,Massy Warrens,Massy Warrens - Massy Stores Supercenter,Warrens,St. Michael,BB,,Massy,578dca79-afd1-4b04-816a-322a7067114b,2e641b48e7709239d7b903ec9cee7077,,,,,462dc142-1b18-45a5-a4cb-55ede0158e92,RFID,0.53,BBD,
895c8a10-4f9c-8b01-f977-2f5f97e983f4,2025-01-18 18:45:46,2025-01-18 18:46:54,2025-01-18 14:45:46,2025-01-18 14:46:54,America/Barbados,1.13,0.00,0.3,0.0,0.0,03c821d6-6274-427c-937a-ad91c6bc020d,MP-025,51210097772981,03c821d6-6274-427c-937a-ad91c6bc020d.1,CCS_2,25.0,79b72a61-f5ca-433f-b824-0c7df1204859,Massy Warrens,Massy Warrens - Massy Stores Supercenter,Warrens,St. Michael,BB,,Massy,578dca79-afd1-4b04-816a-322a7067114b,2e641b48e7709239d7b903ec9cee7077,,,,,462dc142-1b18-45a5-a4cb-55ede0158e92,RFID,0.53,BBD,
cb7bba15-0bc8-a14c-9cf7-a470c1137ba8,2025-01-19 01:23:21,2025-01-19 02:28:40,2025-01-18 21:23:21,2025-01-18 22:28:40,America/Barbados,65.32,1.07,34.6,376.9,33.3,03c821d6-6274-427c-937a-ad91c6bc020d,MP-025,51210097772981,03c821d6-6274-427c-937a-ad91c6bc020d.1,CCS_2,25.0,79b72a61-f5ca-433f-b824-0c7df1204859,Massy Warrens,Massy Warrens - Massy Stores Supercenter,Warrens,St. Michael,BB,,Massy,578dca79-afd1-4b04-816a-322a7067114b,2e641b48e7709239d7b903ec9cee7077,,,,,462dc142-1b18-45a5-a4cb-55ede0158e92,RFID,60.55,BBD,
72d7cb6d-b6c0-3d22-a5ae-98d5a05f84de,2025-01-19 04:06:28,2025-01-19 05:01:49,2025-01-19 00:06:28,2025-01-19 01:01:49,America/Barbados,55.35,1.23,23.9,28.1,25.9,03c821d6-6274-427c-937a-ad91c6bc020d,MP-025,51210097772981,03c821d6-6274-427c-937a-ad91c6bc020d.1,CCS_2,25.0,79b72a61-f5ca-433f-b824-0c7df1204859,Massy Warrens,Massy Warrens - Massy Stores Supercenter,Warrens,St. Michael,BB,,Massy,578dca79-afd1-4b04-816a-322a7067114b,ec996d92891b1482b0d64080e851031f,,,,,,SYSTEM,41.83,BBD,
32390d4f-c5f3-906d-7772-addb7f03189d,2025-01-19 05:03:34,2025-01-19 07:53:52,2025-01-19 01:03:34,2025-01-19 03:53:52,America/Barbados,170.30,3.20,76.5,41.9,27.0,03c821d6-6274-427c-937a-ad91c6bc020d,MP-025,51210097772981,03c821d6-6274-427c-937a-ad91c6bc020d.1,CCS_2,25.0,79b72a61-f5ca-433f-b824-0c7df1204859,Massy Warrens,Massy Warrens - Massy Stores Supercenter,Warrens,St. Michael,BB,,Massy,578dca79-afd1-4b04-816a-322a7067114b,03d1ce26fa49936b6e72eb9eafef6e3f,,,,,,SYSTEM,133.88,BBD,
8a15262e-ae51-be18-18dc-e8ca8b09c0e1,2025-01-19 09:08:35,2025-01-19 09:50:29,2025-01-19 05:08:35,2025-01-19 05:50:29,America/Barbados,41.90,8.57,13.5,28.1,19.4,03c821d6-6274-427c-937a-ad91c6bc020d,MP-025,51210097772981,03c821d6-6274-427c-937a-ad91c6bc020d.1,CCS_2,25.0,79b72a61-f5ca-433f-b824-0c7df1204859,Massy Warrens,Massy Warrens - Massy Stores Supercenter,Warrens,St. Michael,BB,,Massy,578dca79-afd1-4b04-816a-322a7067114b,dd4c88acde25753674e21b473fe166ef,,,,,,SYSTEM,23.63,BBD,
be9759ee-59c7-ed98-bfd5-39c739dab7f3,2025-01-19 09:52:32,2025-01-19 09:52:50,2025-01-19 05:52:32,2025-01-19 05:52:50,America/Barbados,0.30,0.00,0.0,0.0,0.0,03c821d6-6274-427c-937a-ad91c6bc020d,MP-025,51210097772981,03c821d6-6274-427c-937a-ad91c6bc020d.1,CCS_2,25.0,79b72a61-f5ca-433f-b824-0c7df1204859,Massy Warrens,Massy Warrens - Massy Stores Supercenter,Warrens,St. Michael,BB,,Massy,578dca79-afd1-4b04-816a-322a7067114b,dd4c88acde25753674e21b473fe166ef,,,,,,SYSTEM,0.00,BBD,
f080fcfd-f341-6e1b-528a-a51da56d8f09,2025-01-19 13:30:24,2025-01-19 13:28:59,2025-01-19 09:30:24,2025-01-19 09:28:59,America/Barbados,0.00,0.00,0.0,0.0,0.0,03c821d6-6274-427c-937a-ad91c6bc020d,MP-025,51210097772981,03c821d6-6274-427c-937a-ad91c6bc020d.1,CCS_2,25.0,79b72a61-f5ca-433f-b824-0c7df1204859,Massy Warrens,Massy Warrens - Massy Stores Supercenter,Warrens,St. Michael,BB,,Massy,578dca79-afd1-4b04-816a-322a7067114b,94341940e1fa01df47e40ec893cbaf5d,,,,,d7aff9e5-6a68-460e-9892-2c18732d5b53,RFID,0.00,BBD,
35d3e4b7-2e19-998d-7e18-997f1a43c754,2025-01-19 13:25:28,2025-01-19 13:33:33,2025-01-19 09:25:28,2025-01-19 09:33:33,America/Barbados,8.08,0.00,0.0,0.0,0.0,03c821d6-6274-427c-937a-ad91c6bc020d,MP-025,51210097772981,03c821d6-6274-427c-937a-ad91c6bc020d.1,CCS_2,25.0,79b72a61-f5ca-433f-b824-0c7df1204859,Massy Warrens,Massy Warrens - Massy Stores Supercenter,Warrens,St. Michael,BB,,Massy,578dca79-afd1-4b04-816a-322a7067114b,94341940e1fa01df47e40ec893cbaf5d,,,,,d7aff9e5-6a68-460e-9892-2c18732d5b53,RFID,0.00,BBD,
91482ec9-d535-11c4-b9e5-322cdd4adf40,2025-01-19 14:26:06,2025-01-19 15:03:02,2025-01-19 10:26:06,2025-01-19 11:03:02,America/Barbados,36.93,1.75,16.1,28.1,26.2,03c821d6-6274-427c-937a-ad91c6bc020d,MP-025,51210097772981,03c821d6-6274-427c-937a-ad91c6bc020d.1,CCS_2,25.0,79b72a61-f5ca-433f-b824-0c7df1204859,Massy Warrens,Massy Warrens - Massy Stores Supercenter,Warrens,St. Michael,BB,,Massy,578dca79-afd1-4b04-816a-322a7067114b,eed9d915b485c674b9ba3ac4a20ae0f1,,,,,,SYSTEM,28.18,BBD,
a192f2dd-ddc7-9fe4-3ab2-9cab94d9f320,2025-01-19 17:07:02,2025-01-19 17:44:03,2025-01-19 13:07:02,2025-01-19 13:44:03,America/Barbados,37.02,0.80,15.5,92.9,26.7,03c821d6-6274-427c-937a-ad91c6bc020d,MP-025,51210097772981,03c821d6-6274-427c-937a-ad91c6bc020d.1,CCS_2,25.0,79b72a61-f5ca-433f-b824-0c7df1204859,Massy Warrens,Massy Warrens - Massy Stores Supercenter,Warrens,St. Michael,BB,,Massy,578dca79-afd1-4b04-816a-322a7067114b,6be63789cf5b91884a371cf338afa67e,,,,,0981d8af-d967-4317-931a-2e4de62f2195,RFID,27.13,BBD,
f53482e9-ec2c-24ba-af2b-8f40061f58af,2025-01-19 19:59:20,2025-01-19 20:21:25,2025-01-19 15:59:20,2025-01-19 16:21:25,America/Barbados,22.08,13.33,2.5,13.1,7.1,03c821d6-6274-427c-937a-ad91c6bc020d,MP-025,51210097772981,03c821d6-6274-427c-937a-ad91c6bc020d.2,CHADEMO,25.0,79b72a61-f5ca-433f-b824-0c7df1204859,Massy Warrens,Massy Warrens - Massy Stores Supercenter,Warrens,St. Michael,BB,,Massy,578dca79-afd1-4b04-816a-322a7067114b,564363f1092f00b6d8b93b0dffe923e8,,,,,ff8272b9-b9c0-4e2c-a725-65cbd037a327,RFID,4.38,BBD,
87ae1de8-97c4-f7c6-ac65-e520829fce16,2025-01-19 22:12:38,2025-01-20 00:04:37,2025-01-19 18:12:38,2025-01-19 20:04:37,America/Barbados,111.98,2.93,46.9,38.9,25.3,03c821d6-6274-427c-937a-ad91c6bc020d,MP-025,51210097772981,03c821d6-6274-427c-937a-ad91c6bc020d.1,CCS_2,25.0,79b72a61-f5ca-433f-b824-0c7df1204859,Massy Warrens,Massy Warrens - Massy Stores Supercenter,Warrens,St. Michael,BB,,Massy,578dca79-afd1-4b04-816a-322a7067114b,9a0aa3c4b0310980ab78bd4ad3e6744a,,,,,8c7a084b-ebbc-4912-b13b-4783148e94ff,RFID,82.08,BBD,
65dde0a8-f89e-07ec-2e01-ef310e3e3690,2025-01-20 02:48:08,2025-01-20 03:14:47,2025-01-19 22:48:08,2025-01-19 23:14:47,America/Barbados,26.65,0.27,11.4,33.8,25.8,03c821d6-6274-427c-937a-ad91c6bc020d,MP-025,51210097772981,03c821d6-6274-427c-937a-ad91c6bc020d.1,CCS_2,25.0,79b72a61-f5ca-433f-b824-0c7df1204859,Massy Warrens,Massy Warrens - Massy Stores Supercenter,Warrens,St. Michael,BB,,Massy,578dca79-afd1-4b04-816a-322a7067114b,03d1ce26fa49936b6e72eb9eafef6e3f,,,,,,SYSTEM,19.95,BBD,
4a9e2f68-01f5-4e53-5340-9d71477e4441,2025-01-20 13:41:22,2025-01-20 14:29:58,2025-01-20 09:41:22,2025-01-20 10:29:58,America/Barbados,48.60,1.95,20.6,28.1,25.4,03c821d6-6274-427c-937a-ad91c6bc020d,MP-025,51210097772981,03c821d6-6274-427c-937a-ad91c6bc020d.1,CCS_2,25.0,79b72a61-f5ca-433f-b824-0c7df1204859,Massy Warrens,Massy Warrens - Massy Stores Supercenter,Warrens,St. Michael,BB,,Massy,578dca79-afd1-4b04-816a-322a7067114b,d453d2a25df7ffae24023c2de6e302c4,,,,,,SYSTEM,18.03,BBD,
4dbf8faa-a178-39b2-45ad-dc9af12b0463,2025-01-20 14:31:07,2025-01-20 15:26:18,2025-01-20 10:31:07,2025-01-20 11:26:18,America/Barbados,55.18,34.38,7.6,16.9,10.2,03c821d6-6274-427c-937a-ad91c6bc020d,MP-025,51210097772981,03c821d6-6274-427c-937a-ad91c6bc020d.2,CHADEMO,25.0,79b72a61-f5ca-433f-b824-0c7df1204859,Massy Warrens,Massy Warrens - Massy Stores Supercenter,Warrens,St. Michael,BB,,Massy,578dca79-afd1-4b04-816a-322a7067114b,564363f1092f00b6d8b93b0dffe923e8,,,,,ff8272b9-b9c0-4e2c-a725-65cbd037a327,RFID,13.30,BBD,
7ed40993-80dd-d3f9-aff3-f0fdcb25c654,2025-01-20 16:23:44,2025-01-20 17:57:34,2025-01-20 12:23:44,2025-01-20 13:57:34,America/Barbados,93.83,10.92,35.0,28.1,22.4,03c821d6-6274-427c-937a-ad91c6bc020d,MP-025,51210097772981,03c821d6-6274-427c-937a-ad91c6bc020d.1,CCS_2,25.0,79b72a61-f5ca-433f-b824-0c7df1204859,Massy Warrens,Massy Warrens - Massy Stores Supercenter,Warrens,St. Michael,BB,,Massy,578dca79-afd1-4b04-816a-322a7067114b,f7ac65e5da7507b05bead63326b9ce5c,,,,,,SYSTEM,61.25,BBD,
1843e0bd-7427-92e7-bae1-e2c0c669c79f,2025-01-20 18:07:04,2025-01-20 18:38:05,2025-01-20 14:07:04,2025-01-20 14:38:05,America/Barbados,31.02,1.07,13.6,60.0,27.4,03c821d6-6274-427c-937a-ad91c6bc020d,MP-025,51210097772981,03c821d6-6274-427c-937a-ad91c6bc020d.1,CCS_2,25.0,79b72a61-f5ca-433f-b824-0c7df1204859,Massy Warrens,Massy Warrens - Massy Stores Supercenter,Warrens,St. Michael,BB,,Massy,578dca79-afd1-4b04-816a-322a7067114b,eed9d915b485c674b9ba3ac4a20ae0f1,,,,,,SYSTEM,23.80,BBD,
40b88c66-23c5-65ad-9677-91c3868913d8,2025-01-20 18:45:31,2025-01-20 19:51:41,2025-01-20 14:45:31,2025-01-20 15:51:41,America/Barbados,66.17,1.62,28.0,28.1,24.9,03c821d6-6274-427c-937a-ad91c6bc020d,MP-025,51210097772981,03c821d6-6274-427c-937a-ad91c6bc020d.1,CCS_2,25.0,79b72a61-f5ca-433f-b824-0c7df1204859,Massy Warrens,Massy Warrens - Massy Stores Supercenter,Warrens,St. Michael,BB,,Massy,578dca79-afd1-4b04-816a-322a7067114b,cc99bf8d372551c618a7ef19604df400,,,,,,SYSTEM,49.00,BBD,
dfd591a6-b9a8-3440-6c3f-910204c185cc,2025-01-20 19:58:01,2025-01-20 22:00:13,2025-01-20 15:58:01,2025-01-20 18:00:13,America/Barbados,122.20,2.73,53.4,121.9,27.3,03c821d6-6274-427c-937a-ad91c6bc020d,MP-025,51210097772981,03c821d6-6274-427c-937a-ad91c6bc020d.1,CCS_2,25.0,79b72a61-f5ca-433f-b824-0c7df1204859,Massy Warrens,Massy Warrens - Massy Stores Supercenter,Warrens,St. Michael,BB,,Massy,578dca79-afd1-4b04-816a-322a7067114b,2e641b48e7709239d7b903ec9cee7077,,,,,462dc142-1b18-45a5-a4cb-55ede0158e92,RFID,93.45,BBD,
e0eed483-f776-39a7-54e3-3faa6d11eb7c,2025-01-20 22:48:54,2025-01-20 23:25:03,2025-01-20 18:48:54,2025-01-20 19:25:03,America/Barbados,36.15,0.13,2.1,4.0,3.5,8d27dae5-8d1f-48d0-bfe1-8875d5d568a5,MP-0079,M5012464-2,8d27dae5-8d1f-48d0-bfe1-8875d5d568a5.1,TYPE_2,22.0,1977c2c7-cd44-4e6f-a827-370cd9aad5bd,Massy Sunset Crest,"Massy Stores Supercenter, Sunset Crest",Holetown,St James,BB,,Massy,578dca79-afd1-4b04-816a-322a7067114b,768d1282fc5a8c161355988d1098736a,,,,,,SYSTEM,3.15,BBD,
4239e095-e257-727c-5511-56961e9b66d8,2025-01-20 22:31:01,2025-01-21 00:15:12,2025-01-20 18:31:01,2025-01-20 20:15:12,America/Barbados,104.18,9.25,39.9,28.1,14.1,03c821d6-6274-427c-937a-ad91c6bc020d,MP-025,51210097772981,03c821d6-6274-427c-937a-ad91c6bc020d.1,CCS_2,25.0,79b72a61-f5ca-433f-b824-0c7df1204859,Massy Warrens,Massy Warrens - Massy Stores Supercenter,Warrens,St. Michael,BB,,Massy,578dca79-afd1-4b04-816a-322a7067114b,d9ac14dcfeeb81692e375c0a863a5adc,,,,,966a5929-4bde-45f1-917b-159abcfa7ae8,RFID,69.83,BBD,
4553047c-330c-859e-46a3-8b3885d21032,2025-01-21 00:16:44,2025-01-21 01:58:16,2025-01-20 20:16:44,2025-01-20 21:58:16,America/Barbados,101.53,0.53,44.2,28.1,26.1,03c821d6-6274-427c-937a-ad91c6bc020d,MP-025,51210097772981,03c821d6-6274-427c-937a-ad91c6bc020d.1,CCS_2,25.0,79b72a61-f5ca-433f-b824-0c7df1204859,Massy Warrens,Massy Warrens - Massy Stores Supercenter,Warrens,St. Michael,BB,,Massy,578dca79-afd1-4b04-816a-322a7067114b,ec996d92891b1482b0d64080e851031f,,,,,,SYSTEM,77.35,BBD,
c6a48280-6eff-e6df-ae9f-5d2aba2b9247,2025-01-21 14:41:40,2025-01-21 14:57:07,2025-01-21 10:41:40,2025-01-21 10:57:07,America/Barbados,15.45,6.40,3.3,19.2,12.9,03c821d6-6274-427c-937a-ad91c6bc020d,MP-025,51210097772981,03c821d6-6274-427c-937a-ad91c6bc020d.2,CHADEMO,25.0,79b72a61-f5ca-433f-b824-0c7df1204859,Massy Warrens,Massy Warrens - Massy Stores Supercenter,Warrens,St. Michael,BB,,Massy,578dca79-afd1-4b04-816a-322a7067114b,564363f1092f00b6d8b93b0dffe923e8,,,,,ff8272b9-b9c0-4e2c-a725-65cbd037a327,RFID,5.78,BBD,
22e49bb3-7272-d76f-4257-bfe315bd22cb,2025-01-21 15:04:35,2025-01-21 16:33:16,2025-01-21 11:04:35,2025-01-21 12:33:16,America/Barbados,88.68,1.33,38.5,33.8,25.7,03c821d6-6274-427c-937a-ad91c6bc020d,MP-025,51210097772981,03c821d6-6274-427c-937a-ad91c6bc020d.1,CCS_2,25.0,79b72a61-f5ca-433f-b824-0c7df1204859,Massy Warrens,Massy Warrens - Massy Stores Supercenter,Warrens,St. Michael,BB,,Massy,578dca79-afd1-4b04-816a-322a7067114b,03d1ce26fa49936b6e72eb9eafef6e3f,,,,,,SYSTEM,67.38,BBD,
e980ccd5-0922-2440-08df-1bd9c9dd6634,2025-01-21 18:51:52,2025-01-21 19:57:09,2025-01-21 14:51:52,2025-01-21 15:57:09,America/Barbados,65.28,0.80,27.7,28.1,25.5,03c821d6-6274-427c-937a-ad91c6bc020d,MP-025,51210097772981,03c821d6-6274-427c-937a-ad91c6bc020d.1,CCS_2,25.0,79b72a61-f5ca-433f-b824-0c7df1204859,Massy Warrens,Massy Warrens - Massy Stores Supercenter,Warrens,St. Michael,BB,,Massy,578dca79-afd1-4b04-816a-322a7067114b,abb6ac85e363630e25f8a5ec61014fe0,,,,,,SYSTEM,48.48,BBD,
6aa67f57-8fff-f3c6-2ea5-f88230a300ab,2025-01-21 22:49:12,2025-01-21 23:59:51,2025-01-21 18:49:12,2025-01-21 19:59:51,America/Barbados,70.65,1.87,29.9,28.1,25.4,03c821d6-6274-427c-937a-ad91c6bc020d,MP-025,51210097772981,03c821d6-6274-427c-937a-ad91c6bc020d.1,CCS_2,25.0,79b72a61-f5ca-433f-b824-0c7df1204859,Massy Warrens,Massy Warrens - Massy Stores Supercenter,Warrens,St. Michael,BB,,Massy,578dca79-afd1-4b04-816a-322a7067114b,40a16d94208fdc757cd189b90808792e,,,,,,SYSTEM,52.33,BBD,
0c3d5314-eeee-bb03-b753-81d20a704ae5,2025-01-22 00:01:26,2025-01-22 01:53:49,2025-01-21 20:01:26,2025-01-21 21:53:49,America/Barbados,112.38,2.00,47.7,28.1,25.4,03c821d6-6274-427c-937a-ad91c6bc020d,MP-025,51210097772981,03c821d6-6274-427c-937a-ad91c6bc020d.1,CCS_2,25.0,79b72a61-f5ca-433f-b824-0c7df1204859,Massy Warrens,Massy Warrens - Massy Stores Supercenter,Warrens,St. Michael,BB,,Massy,578dca79-afd1-4b04-816a-322a7067114b,9524292787ec90c1c0d210497cc1166e,,,,,81c772bc-95b4-494a-b120-9b72e065fadc,RFID,83.48,BBD,
96183947-f728-c7d9-1d6e-67ef93bf5866,2025-01-22 04:37:42,2025-01-22 06:32:23,2025-01-22 00:37:42,2025-01-22 02:32:23,America/Barbados,114.68,1.35,53.0,33.8,27.8,03c821d6-6274-427c-937a-ad91c6bc020d,MP-025,51210097772981,03c821d6-6274-427c-937a-ad91c6bc020d.1,CCS_2,25.0,79b72a61-f5ca-433f-b824-0c7df1204859,Massy Warrens,Massy Warrens - Massy Stores Supercenter,Warrens,St. Michael,BB,,Massy,578dca79-afd1-4b04-816a-322a7067114b,de496c2b0c06805735691033fa5f0366,,,,,,SYSTEM,92.75,BBD,
80f54685-6ae8-2541-7d11-1aa2b1cc0df2,2025-01-22 11:29:57,2025-01-22 14:28:38,2025-01-22 07:29:57,2025-01-22 10:28:38,America/Barbados,178.68,9.88,78.1,33.8,26.4,03c821d6-6274-427c-937a-ad91c6bc020d,MP-025,51210097772981,03c821d6-6274-427c-937a-ad91c6bc020d.1,CCS_2,25.0,79b72a61-f5ca-433f-b824-0c7df1204859,Massy Warrens,Massy Warrens - Massy Stores Supercenter,Warrens,St. Michael,BB,,Massy,578dca79-afd1-4b04-816a-322a7067114b,03d1ce26fa49936b6e72eb9eafef6e3f,,,,,,SYSTEM,136.68,BBD,
a8b0da3f-8360-1189-c6d7-3cce53369ca4,2025-01-22 16:59:54,2025-01-22 17:23:53,2025-01-22 12:59:54,2025-01-22 13:23:53,America/Barbados,23.98,0.00,10.5,0.0,0.0,03c821d6-6274-427c-937a-ad91c6bc020d,MP-025,51210097772981,03c821d6-6274-427c-937a-ad91c6bc020d.1,CCS_2,25.0,79b72a61-f5ca-433f-b824-0c7df1204859,Massy Warrens,Massy Warrens - Massy Stores Supercenter,Warrens,St. Michael,BB,,Massy,578dca79-afd1-4b04-816a-322a7067114b,35b6f6f99ae2087ef24aff4869dea359,,,,,9210ee0a-d99f-4855-9c03-cdf9ee6fab7d,RFID,18.38,BBD,
4f9f8ee2-4266-c863-ffa5-8f76252ac95f,2025-01-22 21:06:55,2025-01-22 21:58:20,2025-01-22 17:06:55,2025-01-22 17:58:20,America/Barbados,51.42,0.80,22.4,33.8,26.1,03c821d6-6274-427c-937a-ad91c6bc020d,MP-025,51210097772981,03c821d6-6274-427c-937a-ad91c6bc020d.1,CCS_2,25.0,79b72a61-f5ca-433f-b824-0c7df1204859,Massy Warrens,Massy Warrens - Massy Stores Supercenter,Warrens,St. Michael,BB,,Massy,578dca79-afd1-4b04-816a-322a7067114b,eed9d915b485c674b9ba3ac4a20ae0f1,,,,,,SYSTEM,39.20,BBD,
2b51834e-a2a2-1b78-5d91-4041e4d23923,2025-01-22 22:01:09,2025-01-22 22:50:20,2025-01-22 18:01:09,2025-01-22 18:50:20,America/Barbados,49.18,0.97,18.4,28.1,24.6,03c821d6-6274-427c-937a-ad91c6bc020d,MP-025,51210097772981,03c821d6-6274-427c-937a-ad91c6bc020d.1,CCS_2,25.0,79b72a61-f5ca-433f-b824-0c7df1204859,Massy Warrens,Massy Warrens - Massy Stores Supercenter,Warrens,St. Michael,BB,,Massy,578dca79-afd1-4b04-816a-322a7067114b,5911ffba106a13f8c146db3cc5fdaaf2,,,,,f4154aa6-6205-47f5-bff4-856043d935c8,RFID,32.20,BBD,
af53f62d-0f42-5cd8-316f-749c3d2402f4,2025-01-22 23:40:09,2025-01-23 00:20:31,2025-01-22 19:40:09,2025-01-22 20:20:31,America/Barbados,40.37,0.92,17.0,28.1,25.3,03c821d6-6274-427c-937a-ad91c6bc020d,MP-025,51210097772981,03c821d6-6274-427c-937a-ad91c6bc020d.1,CCS_2,25.0,79b72a61-f5ca-433f-b824-0c7df1204859,Massy Warrens,Massy Warrens - Massy Stores Supercenter,Warrens,St. Michael,BB,,Massy,578dca79-afd1-4b04-816a-322a7067114b,abb6ac85e363630e25f8a5ec61014fe0,,,,,,SYSTEM,29.75,BBD,
f11e061c-3a6f-eb55-cc2b-792fc2bf67f1,2025-01-23 02:11:59,2025-01-23 02:11:59,2025-01-22 22:11:59,2025-01-22 22:11:59,America/Barbados,0.00,0.00,0.0,0.0,0.0,03c821d6-6274-427c-937a-ad91c6bc020d,MP-025,51210097772981,03c821d6-6274-427c-937a-ad91c6bc020d.2,CHADEMO,25.0,79b72a61-f5ca-433f-b824-0c7df1204859,Massy Warrens,Massy Warrens - Massy Stores Supercenter,Warrens,St. Michael,BB,,Massy,578dca79-afd1-4b04-816a-322a7067114b,564363f1092f00b6d8b93b0dffe923e8,,,,,ff8272b9-b9c0-4e2c-a725-65cbd037a327,RFID,0.00,BBD,
2350a569-0bfe-c7b1-f3e8-52f05104f4a2,2025-01-23 02:44:53,2025-01-23 04:15:38,2025-01-22 22:44:53,2025-01-23 00:15:38,America/Barbados,90.75,13.42,32.6,28.1,21.6,03c821d6-6274-427c-937a-ad91c6bc020d,MP-025,51210097772981,03c821d6-6274-427c-937a-ad91c6bc020d.1,CCS_2,25.0,79b72a61-f5ca-433f-b824-0c7df1204859,Massy Warrens,Massy Warrens - Massy Stores Supercenter,Warrens,St. Michael,BB,,Massy,578dca79-afd1-4b04-816a-322a7067114b,dd4c88acde25753674e21b473fe166ef,,,,,,SYSTEM,57.05,BBD,
02ac173e-b4bd-3231-f97e-94d6fa7825f8,2025-01-23 12:59:33,2025-01-23 13:22:40,2025-01-23 08:59:33,2025-01-23 09:22:40,America/Barbados,23.12,0.27,9.6,163.2,34.7,03c821d6-6274-427c-937a-ad91c6bc020d,MP-025,51210097772981,03c821d6-6274-427c-937a-ad91c6bc020d.1,CCS_2,25.0,79b72a61-f5ca-433f-b824-0c7df1204859,Massy Warrens,Massy Warrens - Massy Stores Supercenter,Warrens,St. Michael,BB,,Massy,578dca79-afd1-4b04-816a-322a7067114b,f62ee31cf594fd51d53bbc5d10d441ef,,,,,8a2fcabe-de5c-4e93-8d46-8f1fdc622488,RFID,16.80,BBD,
01457904-36b5-65e3-ad2a-2c3c76b3c1b9,2025-01-23 15:06:06,2025-01-23 15:30:43,2025-01-23 11:06:06,2025-01-23 11:30:43,America/Barbados,24.62,10.77,5.1,19.2,12.6,03c821d6-6274-427c-937a-ad91c6bc020d,MP-025,51210097772981,03c821d6-6274-427c-937a-ad91c6bc020d.2,CHADEMO,25.0,79b72a61-f5ca-433f-b824-0c7df1204859,Massy Warrens,Massy Warrens - Massy Stores Supercenter,Warrens,St. Michael,BB,,Massy,578dca79-afd1-4b04-816a-322a7067114b,564363f1092f00b6d8b93b0dffe923e8,,,,,ff8272b9-b9c0-4e2c-a725-65cbd037a327,RFID,8.93,BBD,
4951ced3-e69f-fb03-8fec-53424b168660,2025-01-23 16:06:04,2025-01-23 14:54:02,2025-01-23 12:06:04,2025-01-23 10:54:02,America/Barbados,0.00,0.00,0.0,0.0,0.0,03c821d6-6274-427c-937a-ad91c6bc020d,MP-025,51210097772981,03c821d6-6274-427c-937a-ad91c6bc020d.1,CCS_2,25.0,79b72a61-f5ca-433f-b824-0c7df1204859,Massy Warrens,Massy Warrens - Massy Stores Supercenter,Warrens,St. Michael,BB,,Massy,578dca79-afd1-4b04-816a-322a7067114b,f5b73d154c1e14f65a33ab022b18d661,,,,,bea72a4c-bbbd-4927-9c52-f7451cb8124a,RFID,0.00,BBD,
46f569c7-c5f6-1179-0e20-0a4094da18ff,2025-01-23 14:17:47,2025-01-23 16:45:42,2025-01-23 10:17:47,2025-01-23 12:45:42,America/Barbados,147.92,12.03,15.1,30.0,7.5,8d27dae5-8d1f-48d0-bfe1-8875d5d568a5,MP-0079,M5012464-2,8d27dae5-8d1f-48d0-bfe1-8875d5d568a5.2,TYPE_2,22.0,1977c2c7-cd44-4e6f-a827-370cd9aad5bd,Massy Sunset Crest,"Massy Stores Supercenter, Sunset Crest",Holetown,St James,BB,,Massy,578dca79-afd1-4b04-816a-322a7067114b,cc99bf8d372551c618a7ef19604df400,,,,,,SYSTEM,22.65,BBD,
95dcc285-38cf-f964-aa95-f1ec2afa9bfb,2025-01-23 18:20:26,2025-01-23 19:57:03,2025-01-23 14:20:26,2025-01-23 15:57:03,America/Barbados,96.62,1.70,43.9,33.8,27.3,03c821d6-6274-427c-937a-ad91c6bc020d,MP-025,51210097772981,03c821d6-6274-427c-937a-ad91c6bc020d.1,CCS_2,25.0,79b72a61-f5ca-433f-b824-0c7df1204859,Massy Warrens,Massy Warrens - Massy Stores Supercenter,Warrens,St. Michael,BB,,Massy,578dca79-afd1-4b04-816a-322a7067114b,a8947df47909a29cbcea48406b5b1f7f,,,,,,SYSTEM,76.83,BBD,
0b091245-e140-4b89-8509-1c8b7c8bdd7b,2025-01-24 01:59:23,2025-01-24 02:26:49,2025-01-23 21:59:23,2025-01-23 22:26:49,America/Barbados,27.43,9.33,7.3,28.1,16.0,03c821d6-6274-427c-937a-ad91c6bc020d,MP-025,51210097772981,03c821d6-6274-427c-937a-ad91c6bc020d.1,CCS_2,25.0,79b72a61-f5ca-433f-b824-0c7df1204859,Massy Warrens,Massy Warrens - Massy Stores Supercenter,Warrens,St. Michael,BB,,Massy,578dca79-afd1-4b04-816a-322a7067114b,dd4c88acde25753674e21b473fe166ef,,,,,,SYSTEM,12.78,BBD,
99a566de-33c1-ce4f-06a7-e427fa7a2e7b,2025-01-24 11:54:41,2025-01-24 11:54:41,2025-01-24 07:54:41,2025-01-24 07:54:41,America/Barbados,0.00,0.00,0.0,0.0,0.0,03c821d6-6274-427c-937a-ad91c6bc020d,MP-025,51210097772981,03c821d6-6274-427c-937a-ad91c6bc020d.1,CCS_2,25.0,79b72a61-f5ca-433f-b824-0c7df1204859,Massy Warrens,Massy Warrens - Massy Stores Supercenter,Warrens,St. Michael,BB,,Massy,578dca79-afd1-4b04-816a-322a7067114b,d01f8298c4aa0be4b825cec87e3512c6,,,,,7c802f13-3acc-4c06-8717-a63c9d015e7e,RFID,0.00,BBD,
392996fd-bdc8-7142-680c-f638c5e80ae4,2025-01-24 16:40:09,2025-01-24 17:28:34,2025-01-24 12:40:09,2025-01-24 13:28:34,America/Barbados,48.42,32.92,2.9,6.0,5.9,024e77fc-3da1-4e73-930e-b76e45511419,MP-001,M5005918-7,024e77fc-3da1-4e73-930e-b76e45511419.1,TYPE_2,7.4,1977c2c7-cd44-4e6f-a827-370cd9aad5bd,Massy Sunset Crest,"Massy Stores Supercenter, Sunset Crest",Holetown,St James,BB,,Massy,578dca79-afd1-4b04-816a-322a7067114b,39bdd057540638ed40fc8ba9f292ca73,,,,,,SYSTEM,4.35,BBD,
ba07d9b5-d837-94b8-7582-338b28d81cc1,2025-01-24 17:01:46,2025-01-24 17:41:10,2025-01-24 13:01:46,2025-01-24 13:41:10,America/Barbados,39.40,0.00,4.3,15.0,7.1,8d27dae5-8d1f-48d0-bfe1-8875d5d568a5,MP-0079,M5012464-2,8d27dae5-8d1f-48d0-bfe1-8875d5d568a5.2,TYPE_2,22.0,1977c2c7-cd44-4e6f-a827-370cd9aad5bd,Massy Sunset Crest,"Massy Stores Supercenter, Sunset Crest",Holetown,St James,BB,,Massy,578dca79-afd1-4b04-816a-322a7067114b,845b7ff3fc690c5a91dd5127c7871361,,,,,d36868af-0cec-4fa0-ba56-d6ad37c158c6,RFID,6.45,BBD,
90a2cdff-5d96-27f6-6c5e-24e46e485141,2025-01-24 21:26:46,2025-01-24 23:04:59,2025-01-24 17:26:46,2025-01-24 19:04:59,America/Barbados,98.22,1.70,43.4,33.8,26.5,03c821d6-6274-427c-937a-ad91c6bc020d,MP-025,51210097772981,03c821d6-6274-427c-937a-ad91c6bc020d.1,CCS_2,25.0,79b72a61-f5ca-433f-b824-0c7df1204859,Massy Warrens,Massy Warrens - Massy Stores Supercenter,Warrens,St. Michael,BB,,Massy,578dca79-afd1-4b04-816a-322a7067114b,03d1ce26fa49936b6e72eb9eafef6e3f,,,,,,SYSTEM,75.95,BBD,
7658abc6-e023-2a94-835c-afc7fc2a066f,2025-01-24 23:39:24,2025-01-24 23:57:00,2025-01-24 19:39:24,2025-01-24 19:57:00,America/Barbados,17.60,0.00,1.1,4.6,3.8,8d27dae5-8d1f-48d0-bfe1-8875d5d568a5,MP-0079,M5012464-2,8d27dae5-8d1f-48d0-bfe1-8875d5d568a5.1,TYPE_2,22.0,1977c2c7-cd44-4e6f-a827-370cd9aad5bd,Massy Sunset Crest,"Massy Stores Supercenter, Sunset Crest",Holetown,St James,BB,,Massy,578dca79-afd1-4b04-816a-322a7067114b,768d1282fc5a8c161355988d1098736a,,,,,,SYSTEM,1.65,BBD,
f4968baf-1071-a58c-af7b-c8ae65b86bdc,2025-01-25 18:35:09,2025-01-25 19:33:04,2025-01-25 14:35:09,2025-01-25 15:33:04,America/Barbados,57.92,2.47,24.6,45.0,25.8,03c821d6-6274-427c-937a-ad91c6bc020d,MP-025,51210097772981,03c821d6-6274-427c-937a-ad91c6bc020d.1,CCS_2,25.0,79b72a61-f5ca-433f-b824-0c7df1204859,Massy Warrens,Massy Warrens - Massy Stores Supercenter,Warrens,St. Michael,BB,,Massy,578dca79-afd1-4b04-816a-322a7067114b,dd45ba246b049b48bc5a179f123e9786,,,,,,SYSTEM,43.05,BBD,
e4e2dc8c-5caa-c7bf-f070-3319c1a2ca2f,2025-01-25 20:06:03,2025-01-25 21:16:43,2025-01-25 16:06:03,2025-01-25 17:16:43,America/Barbados,70.67,2.42,30.0,28.1,25.5,03c821d6-6274-427c-937a-ad91c6bc020d,MP-025,51210097772981,03c821d6-6274-427c-937a-ad91c6bc020d.1,CCS_2,25.0,79b72a61-f5ca-433f-b824-0c7df1204859,Massy Warrens,Massy Warrens - Massy Stores Supercenter,Warrens,St. Michael,BB,,Massy,578dca79-afd1-4b04-816a-322a7067114b,abb6ac85e363630e25f8a5ec61014fe0,,,,,,SYSTEM,52.50,BBD,
8a5b61a7-1a4d-c135-1346-9bd192be740e,2025-01-26 01:45:46,2025-01-26 02:03:54,2025-01-25 21:45:46,2025-01-25 22:03:54,America/Barbados,18.13,0.53,7.4,28.1,24.6,03c821d6-6274-427c-937a-ad91c6bc020d,MP-025,51210097772981,03c821d6-6274-427c-937a-ad91c6bc020d.1,CCS_2,25.0,79b72a61-f5ca-433f-b824-0c7df1204859,Massy Warrens,Massy Warrens - Massy Stores Supercenter,Warrens,St. Michael,BB,,Massy,578dca79-afd1-4b04-816a-322a7067114b,03d1ce26fa49936b6e72eb9eafef6e3f,,,,,,SYSTEM,12.95,BBD,
d747b688-77a1-fee1-2efe-05ba763efcab,2025-01-26 04:17:39,2025-01-26 05:35:16,2025-01-26 00:17:39,2025-01-26 01:35:16,America/Barbados,77.62,2.17,32.9,28.1,25.5,03c821d6-6274-427c-937a-ad91c6bc020d,MP-025,51210097772981,03c821d6-6274-427c-937a-ad91c6bc020d.1,CCS_2,25.0,79b72a61-f5ca-433f-b824-0c7df1204859,Massy Warrens,Massy Warrens - Massy Stores Supercenter,Warrens,St. Michael,BB,,Massy,578dca79-afd1-4b04-816a-322a7067114b,40a16d94208fdc757cd189b90808792e,,,,,,SYSTEM,57.58,BBD,
6c76f41c-6fff-3972-fbad-dc7d2629fb6a,2025-01-26 11:44:27,2025-01-26 13:32:55,2025-01-26 07:44:27,2025-01-26 09:32:55,America/Barbados,108.47,1.60,47.6,33.8,26.3,03c821d6-6274-427c-937a-ad91c6bc020d,MP-025,51210097772981,03c821d6-6274-427c-937a-ad91c6bc020d.1,CCS_2,25.0,79b72a61-f5ca-433f-b824-0c7df1204859,Massy Warrens,Massy Warrens - Massy Stores Supercenter,Warrens,St. Michael,BB,,Massy,578dca79-afd1-4b04-816a-322a7067114b,2e641b48e7709239d7b903ec9cee7077,,,,,462dc142-1b18-45a5-a4cb-55ede0158e92,RFID,83.30,BBD,
4146ea97-8543-a3d7-28db-2bf35eb22b04,2025-01-26 16:02:17,2025-01-26 16:49:36,2025-01-26 12:02:17,2025-01-26 12:49:36,America/Barbados,47.32,30.53,5.8,71.0,10.5,03c821d6-6274-427c-937a-ad91c6bc020d,MP-025,51210097772981,03c821d6-6274-427c-937a-ad91c6bc020d.2,CHADEMO,25.0,79b72a61-f5ca-433f-b824-0c7df1204859,Massy Warrens,Massy Warrens - Massy Stores Supercenter,Warrens,St. Michael,BB,,Massy,578dca79-afd1-4b04-816a-322a7067114b,564363f1092f00b6d8b93b0dffe923e8,,,,,ff8272b9-b9c0-4e2c-a725-65cbd037a327,RFID,10.15,BBD,
8d2dcb90-87ab-762f-e2d4-01721a48c7ae,2025-01-26 18:00:25,2025-01-26 20:42:01,2025-01-26 14:00:25,2025-01-26 16:42:01,America/Barbados,161.60,7.75,71.7,33.8,26.7,03c821d6-6274-427c-937a-ad91c6bc020d,MP-025,51210097772981,03c821d6-6274-427c-937a-ad91c6bc020d.1,CCS_2,25.0,79b72a61-f5ca-433f-b824-0c7df1204859,Massy Warrens,Massy Warrens - Massy Stores Supercenter,Warrens,St. Michael,BB,,Massy,578dca79-afd1-4b04-816a-322a7067114b,03d1ce26fa49936b6e72eb9eafef6e3f,,,,,,SYSTEM,125.48,BBD,
df057625-3c29-d77c-0445-0401d0918358,2025-01-27 09:25:44,2025-01-27 10:10:27,2025-01-27 05:25:44,2025-01-27 06:10:27,America/Barbados,44.72,0.53,18.9,28.1,25.5,03c821d6-6274-427c-937a-ad91c6bc020d,MP-025,51210097772981,03c821d6-6274-427c-937a-ad91c6bc020d.1,CCS_2,25.0,79b72a61-f5ca-433f-b824-0c7df1204859,Massy Warrens,Massy Warrens - Massy Stores Supercenter,Warrens,St. Michael,BB,,Massy,578dca79-afd1-4b04-816a-322a7067114b,e74d2ff814ba3f55ddbe58946f62c27e,,,,,64e535f3-f5df-4cdd-a4ec-1c5b355660ee,RFID,33.08,BBD,
0e11eaf7-3120-3f9c-76be-9d3e23cf649e,2025-01-27 12:17:10,2025-01-27 12:22:40,2025-01-27 08:17:10,2025-01-27 08:22:40,America/Barbados,5.50,0.00,2.2,24.4,24.2,03c821d6-6274-427c-937a-ad91c6bc020d,MP-025,51210097772981,03c821d6-6274-427c-937a-ad91c6bc020d.2,CHADEMO,25.0,79b72a61-f5ca-433f-b824-0c7df1204859,Massy Warrens,Massy Warrens - Massy Stores Supercenter,Warrens,St. Michael,BB,,Massy,578dca79-afd1-4b04-816a-322a7067114b,9e577fcbbbfd01659c4f6b70909b0b26,,,,,ef039067-bf49-476f-a8d6-3539cf54688c,RFID,3.85,BBD,
c48f5f5e-27ae-ce09-937e-f9cd1ee30cd3,2025-01-27 10:41:00,2025-01-27 10:41:00,2025-01-27 06:41:00,2025-01-27 06:41:00,America/Barbados,0.00,0.00,0.0,0.0,0.0,03c821d6-6274-427c-937a-ad91c6bc020d,MP-025,51210097772981,03c821d6-6274-427c-937a-ad91c6bc020d.1,CCS_2,25.0,79b72a61-f5ca-433f-b824-0c7df1204859,Massy Warrens,Massy Warrens - Massy Stores Supercenter,Warrens,St. Michael,BB,,Massy,578dca79-afd1-4b04-816a-322a7067114b,35b6f6f99ae2087ef24aff4869dea359,,,,,9210ee0a-d99f-4855-9c03-cdf9ee6fab7d,RFID,0.00,BBD,
b8f1973a-00fe-fd30-809b-c4ca399490b8,2025-01-27 15:04:54,2025-01-27 16:24:00,2025-01-27 11:04:54,2025-01-27 12:24:00,America/Barbados,79.10,10.32,29.6,33.8,22.5,03c821d6-6274-427c-937a-ad91c6bc020d,MP-025,51210097772981,03c821d6-6274-427c-937a-ad91c6bc020d.1,CCS_2,25.0,79b72a61-f5ca-433f-b824-0c7df1204859,Massy Warrens,Massy Warrens - Massy Stores Supercenter,Warrens,St. Michael,BB,,Massy,578dca79-afd1-4b04-816a-322a7067114b,0e411a7aae18e5bf462136072fec76ab,,,,,,SYSTEM,51.80,BBD,
debf82ff-3c23-44ee-64e8-cdcf3e1146ae,2025-01-28 00:45:44,2025-01-28 01:51:16,2025-01-27 20:45:44,2025-01-27 21:51:16,America/Barbados,65.53,2.13,27.6,28.1,25.3,03c821d6-6274-427c-937a-ad91c6bc020d,MP-025,51210097772981,03c821d6-6274-427c-937a-ad91c6bc020d.1,CCS_2,25.0,79b72a61-f5ca-433f-b824-0c7df1204859,Massy Warrens,Massy Warrens - Massy Stores Supercenter,Warrens,St. Michael,BB,,Massy,578dca79-afd1-4b04-816a-322a7067114b,cc99bf8d372551c618a7ef19604df400,,,,,,SYSTEM,48.30,BBD,
c24d4616-bcad-df50-d67e-fc194e8ad023,2025-01-28 02:36:19,2025-01-28 02:36:19,2025-01-27 22:36:19,2025-01-27 22:36:19,America/Barbados,0.00,0.00,0.0,0.0,0.0,03c821d6-6274-427c-937a-ad91c6bc020d,MP-025,51210097772981,03c821d6-6274-427c-937a-ad91c6bc020d.2,CHADEMO,25.0,79b72a61-f5ca-433f-b824-0c7df1204859,Massy Warrens,Massy Warrens - Massy Stores Supercenter,Warrens,St. Michael,BB,,Massy,578dca79-afd1-4b04-816a-322a7067114b,564363f1092f00b6d8b93b0dffe923e8,,,,,ff8272b9-b9c0-4e2c-a725-65cbd037a327,RFID,0.00,BBD,
8ae4eb01-435e-00ab-0e3d-3e0ad0f49666,2025-01-28 09:10:19,2025-01-28 10:36:15,2025-01-28 05:10:19,2025-01-28 06:36:15,America/Barbados,85.93,12.33,30.9,33.8,21.8,03c821d6-6274-427c-937a-ad91c6bc020d,MP-025,51210097772981,03c821d6-6274-427c-937a-ad91c6bc020d.1,CCS_2,25.0,79b72a61-f5ca-433f-b824-0c7df1204859,Massy Warrens,Massy Warrens - Massy Stores Supercenter,Warrens,St. Michael,BB,,Massy,578dca79-afd1-4b04-816a-322a7067114b,dd4c88acde25753674e21b473fe166ef,,,,,,SYSTEM,54.08,BBD,
607ad383-e821-f82e-e5ce-ecaca5128de0,2025-01-28 18:31:11,2025-01-28 18:31:11,2025-01-28 14:31:11,2025-01-28 14:31:11,America/Barbados,0.00,0.00,0.0,0.0,0.0,03c821d6-6274-427c-937a-ad91c6bc020d,MP-025,51210097772981,03c821d6-6274-427c-937a-ad91c6bc020d.1,CCS_2,25.0,79b72a61-f5ca-433f-b824-0c7df1204859,Massy Warrens,Massy Warrens - Massy Stores Supercenter,Warrens,St. Michael,BB,,Massy,578dca79-afd1-4b04-816a-322a7067114b,9524292787ec90c1c0d210497cc1166e,,,,,81c772bc-95b4-494a-b120-9b72e065fadc,RFID,0.00,BBD,
d7a8f7d9-1f99-0b28-74c2-50ebd0661800,2025-01-28 22:47:33,2025-01-29 00:51:38,2025-01-28 18:47:33,2025-01-28 20:51:38,America/Barbados,124.08,0.53,49.9,28.1,25.0,03c821d6-6274-427c-937a-ad91c6bc020d,MP-025,51210097772981,03c821d6-6274-427c-937a-ad91c6bc020d.2,CHADEMO,25.0,79b72a61-f5ca-433f-b824-0c7df1204859,Massy Warrens,Massy Warrens - Massy Stores Supercenter,Warrens,St. Michael,BB,,Massy,578dca79-afd1-4b04-816a-322a7067114b,8f8a1bc53cfa9904f8ceebad0a28992a,,,,,2b43a680-6c0f-4d9c-937d-40d2fa634566,RFID,87.33,BBD,
59ec239a-955d-d9c2-8f8d-2496eaf70172,2025-01-29 09:45:14,2025-01-29 10:58:54,2025-01-29 05:45:14,2025-01-29 06:58:54,America/Barbados,73.67,0.00,36.9,904.0,48.7,03c821d6-6274-427c-937a-ad91c6bc020d,MP-025,51210097772981,03c821d6-6274-427c-937a-ad91c6bc020d.1,CCS_2,25.0,79b72a61-f5ca-433f-b824-0c7df1204859,Massy Warrens,Massy Warrens - Massy Stores Supercenter,Warrens,St. Michael,BB,,Massy,578dca79-afd1-4b04-816a-322a7067114b,35b6f6f99ae2087ef24aff4869dea359,,,,,9210ee0a-d99f-4855-9c03-cdf9ee6fab7d,RFID,64.58,BBD,
559d824b-3ea7-2d11-6891-794b1e448713,2025-01-29 12:28:47,2025-01-29 12:34:05,2025-01-29 08:28:47,2025-01-29 08:34:05,America/Barbados,5.37,0.00,0.1,1.2,1.2,03c821d6-6274-427c-937a-ad91c6bc020d,MP-025,51210097772981,03c821d6-6274-427c-937a-ad91c6bc020d.2,CHADEMO,25.0,79b72a61-f5ca-433f-b824-0c7df1204859,Massy Warrens,Massy Warrens - Massy Stores Supercenter,Warrens,St. Michael,BB,,Massy,578dca79-afd1-4b04-816a-322a7067114b,564363f1092f00b6d8b93b0dffe923e8,,,,,ff8272b9-b9c0-4e2c-a725-65cbd037a327,RFID,0.17,BBD,
fc287e35-681e-1138-4804-e887c7448297,2025-01-29 13:30:30,2025-01-29 13:30:30,2025-01-29 09:30:30,2025-01-29 09:30:30,America/Barbados,0.00,0.00,0.0,0.0,0.0,03c821d6-6274-427c-937a-ad91c6bc020d,MP-025,51210097772981,03c821d6-6274-427c-937a-ad91c6bc020d.1,CCS_2,25.0,79b72a61-f5ca-433f-b824-0c7df1204859,Massy Warrens,Massy Warrens - Massy Stores Supercenter,Warrens,St. Michael,BB,,Massy,578dca79-afd1-4b04-816a-322a7067114b,f62ee31cf594fd51d53bbc5d10d441ef,,,,,8a2fcabe-de5c-4e93-8d46-8f1fdc622488,RFID,0.00,BBD,
1ca2a5a1-6923-d4aa-dee4-cc5623ec4610,2025-01-29 17:04:27,2025-01-29 17:04:27,2025-01-29 13:04:27,2025-01-29 13:04:27,America/Barbados,0.00,0.00,0.0,0.0,0.0,03c821d6-6274-427c-937a-ad91c6bc020d,MP-025,51210097772981,03c821d6-6274-427c-937a-ad91c6bc020d.1,CCS_2,25.0,79b72a61-f5ca-433f-b824-0c7df1204859,Massy Warrens,Massy Warrens - Massy Stores Supercenter,Warrens,St. Michael,BB,,Massy,578dca79-afd1-4b04-816a-322a7067114b,9524292787ec90c1c0d210497cc1166e,,,,,81c772bc-95b4-494a-b120-9b72e065fadc,RFID,0.00,BBD,
9a14f59b-08e2-7183-4b0b-cb59cb02c060,2025-01-29 19:45:43,2025-01-29 21:08:34,2025-01-29 15:45:43,2025-01-29 17:08:34,America/Barbados,82.85,0.00,9.3,8.4,6.8,8d27dae5-8d1f-48d0-bfe1-8875d5d568a5,MP-0079,M5012464-2,8d27dae5-8d1f-48d0-bfe1-8875d5d568a5.1,TYPE_2,22.0,1977c2c7-cd44-4e6f-a827-370cd9aad5bd,Massy Sunset Crest,"Massy Stores Supercenter, Sunset Crest",Holetown,St James,BB,,Massy,578dca79-afd1-4b04-816a-322a7067114b,67555a4166f2ba1595a1f05f149cc76f,,,,,,SYSTEM,13.95,BBD,
5000d246-0081-7e12-57d3-14b98c109b00,2025-01-29 21:48:01,2025-01-29 22:14:16,2025-01-29 17:48:01,2025-01-29 18:14:16,America/Barbados,26.25,0.65,9.9,28.1,22.6,03c821d6-6274-427c-937a-ad91c6bc020d,MP-025,51210097772981,03c821d6-6274-427c-937a-ad91c6bc020d.2,CHADEMO,25.0,79b72a61-f5ca-433f-b824-0c7df1204859,Massy Warrens,Massy Warrens - Massy Stores Supercenter,Warrens,St. Michael,BB,,Massy,578dca79-afd1-4b04-816a-322a7067114b,85238d638918d8b6ce011cd702d78404,,,,,,SYSTEM,17.33,BBD,
767727df-11aa-a2c3-ec7a-43e78f91073c,2025-01-30 10:58:12,2025-01-30 12:33:46,2025-01-30 06:58:12,2025-01-30 08:33:46,America/Barbados,95.57,11.23,35.4,28.1,22.2,03c821d6-6274-427c-937a-ad91c6bc020d,MP-025,51210097772981,03c821d6-6274-427c-937a-ad91c6bc020d.1,CCS_2,25.0,79b72a61-f5ca-433f-b824-0c7df1204859,Massy Warrens,Massy Warrens - Massy Stores Supercenter,Warrens,St. Michael,BB,,Massy,578dca79-afd1-4b04-816a-322a7067114b,dd4c88acde25753674e21b473fe166ef,,,,,,SYSTEM,61.95,BBD,
d06454c4-5e6a-0b9b-11fc-ad52369f6b84,2025-01-30 13:52:48,2025-01-30 15:41:53,2025-01-30 09:52:48,2025-01-30 11:41:53,America/Barbados,109.08,10.95,41.6,28.1,22.9,03c821d6-6274-427c-937a-ad91c6bc020d,MP-025,51210097772981,03c821d6-6274-427c-937a-ad91c6bc020d.1,CCS_2,25.0,79b72a61-f5ca-433f-b824-0c7df1204859,Massy Warrens,Massy Warrens - Massy Stores Supercenter,Warrens,St. Michael,BB,,Massy,578dca79-afd1-4b04-816a-322a7067114b,f7ac65e5da7507b05bead63326b9ce5c,,,,,,SYSTEM,72.80,BBD,
620b909e-7a12-25d1-da25-09cfd5599cbc,2025-01-30 20:44:14,2025-01-30 21:45:01,2025-01-30 16:44:14,2025-01-30 17:45:01,America/Barbados,60.78,1.07,25.7,28.1,25.4,03c821d6-6274-427c-937a-ad91c6bc020d,MP-025,51210097772981,03c821d6-6274-427c-937a-ad91c6bc020d.1,CCS_2,25.0,79b72a61-f5ca-433f-b824-0c7df1204859,Massy Warrens,Massy Warrens - Massy Stores Supercenter,Warrens,St. Michael,BB,,Massy,578dca79-afd1-4b04-816a-322a7067114b,abb6ac85e363630e25f8a5ec61014fe0,,,,,,SYSTEM,44.98,BBD,
95d7927a-1811-a48e-f687-ad720f529409,2025-01-30 23:46:18,2025-01-31 00:05:24,2025-01-30 19:46:18,2025-01-30 20:05:24,America/Barbados,19.10,5.77,4.4,72.0,18.1,03c821d6-6274-427c-937a-ad91c6bc020d,MP-025,51210097772981,03c821d6-6274-427c-937a-ad91c6bc020d.2,CHADEMO,25.0,79b72a61-f5ca-433f-b824-0c7df1204859,Massy Warrens,Massy Warrens - Massy Stores Supercenter,Warrens,St. Michael,BB,,Massy,578dca79-afd1-4b04-816a-322a7067114b,564363f1092f00b6d8b93b0dffe923e8,,,,,ff8272b9-b9c0-4e2c-a725-65cbd037a327,RFID,7.70,BBD,
d87d5763-dc1b-24f7-7b02-27a4534567da,2025-01-31 11:33:43,2025-01-31 11:48:05,2025-01-31 07:33:43,2025-01-31 07:48:05,America/Barbados,14.37,6.90,2.7,18.7,11.8,03c821d6-6274-427c-937a-ad91c6bc020d,MP-025,51210097772981,03c821d6-6274-427c-937a-ad91c6bc020d.2,CHADEMO,25.0,79b72a61-f5ca-433f-b824-0c7df1204859,Massy Warrens,Massy Warrens - Massy Stores Supercenter,Warrens,St. Michael,BB,,Massy,578dca79-afd1-4b04-816a-322a7067114b,564363f1092f00b6d8b93b0dffe923e8,,,,,ff8272b9-b9c0-4e2c-a725-65cbd037a327,RFID,4.73,BBD,
3f0f1d8a-42aa-b70f-d05e-b3cc2ba54e18,2025-01-31 12:52:08,2025-01-31 13:35:33,2025-01-31 08:52:08,2025-01-31 09:35:33,America/Barbados,43.42,10.13,13.9,28.1,19.2,03c821d6-6274-427c-937a-ad91c6bc020d,MP-025,51210097772981,03c821d6-6274-427c-937a-ad91c6bc020d.1,CCS_2,25.0,79b72a61-f5ca-433f-b824-0c7df1204859,Massy Warrens,Massy Warrens - Massy Stores Supercenter,Warrens,St. Michael,BB,,Massy,578dca79-afd1-4b04-816a-322a7067114b,0e411a7aae18e5bf462136072fec76ab,,,,,,SYSTEM,24.33,BBD,
2f9b7c75-e7f8-2a1c-f960-5fb78a0147a5,2025-01-31 17:20:40,2025-01-31 17:20:40,2025-01-31 13:20:40,2025-01-31 13:20:40,America/Barbados,0.00,0.00,0.0,0.0,0.0,03c821d6-6274-427c-937a-ad91c6bc020d,MP-025,51210097772981,03c821d6-6274-427c-937a-ad91c6bc020d.1,CCS_2,25.0,79b72a61-f5ca-433f-b824-0c7df1204859,Massy Warrens,Massy Warrens - Massy Stores Supercenter,Warrens,St. Michael,BB,,Massy,578dca79-afd1-4b04-816a-322a7067114b,35b6f6f99ae2087ef24aff4869dea359,,,,,9210ee0a-d99f-4855-9c03-cdf9ee6fab7d,RFID,0.00,BBD,
c899227c-33d6-1fdf-793c-8f8b9223a77b,2025-01-31 22:19:28,2025-02-01 00:54:22,2025-01-31 18:19:28,2025-01-31 20:54:22,America/Barbados,154.90,79.38,15.0,12.0,7.0,024e77fc-3da1-4e73-930e-b76e45511419,MP-001,M5005918-7,024e77fc-3da1-4e73-930e-b76e45511419.1,TYPE_2,7.4,1977c2c7-cd44-4e6f-a827-370cd9aad5bd,Massy Sunset Crest,"Massy Stores Supercenter, Sunset Crest",Holetown,St James,BB,,Massy,578dca79-afd1-4b04-816a-322a7067114b,e6ccdc78f742c2ebda943c4506b7ab80,,,,,,SYSTEM,22.50,BBD,
3ab62114-25f8-fc49-a013-9a74120bee86,2025-01-31 22:21:25,2025-02-01 01:01:43,2025-01-31 18:21:25,2025-01-31 21:01:43,America/Barbados,160.30,8.30,70.8,33.8,26.6,03c821d6-6274-427c-937a-ad91c6bc020d,MP-025,51210097772981,03c821d6-6274-427c-937a-ad91c6bc020d.1,CCS_2,25.0,79b72a61-f5ca-433f-b824-0c7df1204859,Massy Warrens,Massy Warrens - Massy Stores Supercenter,Warrens,St. Michael,BB,,Massy,578dca79-afd1-4b04-816a-322a7067114b,03d1ce26fa49936b6e72eb9eafef6e3f,,,,,,SYSTEM,123.90,BBD,
684523c2-43f1-d2c3-c6b5-4572bcc46fa6,2025-02-01 02:24:21,2025-02-01 02:24:21,2025-01-31 22:24:21,2025-01-31 22:24:21,America/Barbados,0.00,0.00,0.0,0.0,0.0,03c821d6-6274-427c-937a-ad91c6bc020d,MP-025,51210097772981,03c821d6-6274-427c-937a-ad91c6bc020d.2,CHADEMO,25.0,79b72a61-f5ca-433f-b824-0c7df1204859,Massy Warrens,Massy Warrens - Massy Stores Supercenter,Warrens,St. Michael,BB,,Massy,578dca79-afd1-4b04-816a-322a7067114b,564363f1092f00b6d8b93b0dffe923e8,,,,,ff8272b9-b9c0-4e2c-a725-65cbd037a327,RFID,0.00,BBD,
e24c2218-fba6-d728-6283-9691c532fa23,2025-02-01 04:40:02,2025-02-01 06:00:03,2025-02-01 00:40:02,2025-02-01 02:00:03,America/Barbados,80.02,7.75,30.3,33.8,22.8,03c821d6-6274-427c-937a-ad91c6bc020d,MP-025,51210097772981,03c821d6-6274-427c-937a-ad91c6bc020d.1,CCS_2,25.0,79b72a61-f5ca-433f-b824-0c7df1204859,Massy Warrens,Massy Warrens - Massy Stores Supercenter,Warrens,St. Michael,BB,,Massy,578dca79-afd1-4b04-816a-322a7067114b,dd4c88acde25753674e21b473fe166ef,,,,,,SYSTEM,53.03,BBD,
2338d7d6-e7c9-5e02-7b0b-54201b3e009b,2025-02-01 10:00:06,2025-02-01 11:17:28,2025-02-01 06:00:06,2025-02-01 07:17:28,America/Barbados,77.37,1.07,36.8,45.0,29.0,03c821d6-6274-427c-937a-ad91c6bc020d,MP-025,51210097772981,03c821d6-6274-427c-937a-ad91c6bc020d.1,CCS_2,25.0,79b72a61-f5ca-433f-b824-0c7df1204859,Massy Warrens,Massy Warrens - Massy Stores Supercenter,Warrens,St. Michael,BB,,Massy,578dca79-afd1-4b04-816a-322a7067114b,35b6f6f99ae2087ef24aff4869dea359,,,,,9210ee0a-d99f-4855-9c03-cdf9ee6fab7d,RFID,64.40,BBD,
e2a78bce-734a-f8a9-680e-2084165b64d7,2025-02-01 13:30:03,2025-02-01 14:49:38,2025-02-01 09:30:03,2025-02-01 10:49:38,America/Barbados,79.58,3.05,33.5,33.8,25.2,03c821d6-6274-427c-937a-ad91c6bc020d,MP-025,51210097772981,03c821d6-6274-427c-937a-ad91c6bc020d.1,CCS_2,25.0,79b72a61-f5ca-433f-b824-0c7df1204859,Massy Warrens,Massy Warrens - Massy Stores Supercenter,Warrens,St. Michael,BB,,Massy,578dca79-afd1-4b04-816a-322a7067114b,e74d2ff814ba3f55ddbe58946f62c27e,,,,,,SYSTEM,58.63,BBD,
03d8fccb-dd61-0329-7447-43da3d74ef8b,2025-02-01 16:39:17,2025-02-01 17:06:18,2025-02-01 12:39:17,2025-02-01 13:06:18,America/Barbados,27.02,12.08,4.9,77.1,13.6,03c821d6-6274-427c-937a-ad91c6bc020d,MP-025,51210097772981,03c821d6-6274-427c-937a-ad91c6bc020d.2,CHADEMO,25.0,79b72a61-f5ca-433f-b824-0c7df1204859,Massy Warrens,Massy Warrens - Massy Stores Supercenter,Warrens,St. Michael,BB,,Massy,578dca79-afd1-4b04-816a-322a7067114b,564363f1092f00b6d8b93b0dffe923e8,,,,,ff8272b9-b9c0-4e2c-a725-65cbd037a327,RFID,8.58,BBD,
cbab2c24-011f-1d95-6b1b-9b24ea887eca,2025-02-01 14:23:19,2025-02-01 18:10:27,2025-02-01 10:23:19,2025-02-01 14:10:27,America/Barbados,227.13,0.00,26.6,8.5,7.0,8d27dae5-8d1f-48d0-bfe1-8875d5d568a5,MP-0079,M5012464-2,8d27dae5-8d1f-48d0-bfe1-8875d5d568a5.2,TYPE_2,22.0,1977c2c7-cd44-4e6f-a827-370cd9aad5bd,Massy Sunset Crest,"Massy Stores Supercenter, Sunset Crest",Holetown,St James,BB,,Massy,578dca79-afd1-4b04-816a-322a7067114b,dd45ba246b049b48bc5a179f123e9786,,,,,,SYSTEM,39.90,BBD,
1bbf5d34-7f3c-cfd1-ed33-08320ade8c70,2025-02-01 18:15:43,2025-02-01 19:00:11,2025-02-01 14:15:43,2025-02-01 15:00:11,America/Barbados,44.47,3.13,16.8,28.1,22.7,03c821d6-6274-427c-937a-ad91c6bc020d,MP-025,51210097772981,03c821d6-6274-427c-937a-ad91c6bc020d.2,CHADEMO,25.0,79b72a61-f5ca-433f-b824-0c7df1204859,Massy Warrens,Massy Warrens - Massy Stores Supercenter,Warrens,St. Michael,BB,,Massy,578dca79-afd1-4b04-816a-322a7067114b,85238d638918d8b6ce011cd702d78404,,,,,,SYSTEM,29.40,BBD,
edbcacd5-f591-8cd0-f795-bf5ef4d4f666,2025-02-01 21:07:32,2025-02-01 22:02:42,2025-02-01 17:07:32,2025-02-01 18:02:42,America/Barbados,55.17,1.07,24.1,30.6,26.3,03c821d6-6274-427c-937a-ad91c6bc020d,MP-025,51210097772981,03c821d6-6274-427c-937a-ad91c6bc020d.1,CCS_2,25.0,79b72a61-f5ca-433f-b824-0c7df1204859,Massy Warrens,Massy Warrens - Massy Stores Supercenter,Warrens,St. Michael,BB,,Massy,578dca79-afd1-4b04-816a-322a7067114b,eed9d915b485c674b9ba3ac4a20ae0f1,,,,,,SYSTEM,42.18,BBD,
2d14ffe3-ad94-0914-2b1c-e25936410745,2025-02-01 22:13:12,2025-02-01 23:50:55,2025-02-01 18:13:12,2025-02-01 19:50:55,America/Barbados,97.72,39.72,11.5,12.0,7.3,024e77fc-3da1-4e73-930e-b76e45511419,MP-001,M5005918-7,024e77fc-3da1-4e73-930e-b76e45511419.1,TYPE_2,7.4,1977c2c7-cd44-4e6f-a827-370cd9aad5bd,Massy Sunset Crest,"Massy Stores Supercenter, Sunset Crest",Holetown,St James,BB,,Massy,578dca79-afd1-4b04-816a-322a7067114b,e6ccdc78f742c2ebda943c4506b7ab80,,,,,,SYSTEM,17.25,BBD,
670a87c2-c2f4-6d34-5f27-5ad9602d2177,2025-02-02 16:32:51,2025-02-02 17:41:50,2025-02-02 12:32:51,2025-02-02 13:41:50,America/Barbados,68.98,4.45,27.3,28.1,23.5,03c821d6-6274-427c-937a-ad91c6bc020d,MP-025,51210097772981,03c821d6-6274-427c-937a-ad91c6bc020d.1,CCS_2,25.0,79b72a61-f5ca-433f-b824-0c7df1204859,Massy Warrens,Massy Warrens - Massy Stores Supercenter,Warrens,St. Michael,BB,,Massy,578dca79-afd1-4b04-816a-322a7067114b,5911ffba106a13f8c146db3cc5fdaaf2,,,,,f4154aa6-6205-47f5-bff4-856043d935c8,RFID,47.78,BBD,
09bbb80a-bf3d-e130-fae1-995e5d541909,2025-02-02 18:24:06,2025-02-02 18:24:06,2025-02-02 14:24:06,2025-02-02 14:24:06,America/Barbados,0.00,0.00,0.0,0.0,0.0,03c821d6-6274-427c-937a-ad91c6bc020d,MP-025,51210097772981,03c821d6-6274-427c-937a-ad91c6bc020d.2,CHADEMO,25.0,79b72a61-f5ca-433f-b824-0c7df1204859,Massy Warrens,Massy Warrens - Massy Stores Supercenter,Warrens,St. Michael,BB,,Massy,578dca79-afd1-4b04-816a-322a7067114b,564363f1092f00b6d8b93b0dffe923e8,,,,,ff8272b9-b9c0-4e2c-a725-65cbd037a327,RFID,0.00,BBD,
03a77214-dd17-dde9-f934-94cebc19f243,2025-02-02 21:54:15,2025-02-02 23:24:45,2025-02-02 17:54:15,2025-02-02 19:24:45,America/Barbados,90.50,1.60,41.4,33.8,27.5,03c821d6-6274-427c-937a-ad91c6bc020d,MP-025,51210097772981,03c821d6-6274-427c-937a-ad91c6bc020d.1,CCS_2,25.0,79b72a61-f5ca-433f-b824-0c7df1204859,Massy Warrens,Massy Warrens - Massy Stores Supercenter,Warrens,St. Michael,BB,,Massy,578dca79-afd1-4b04-816a-322a7067114b,de496c2b0c06805735691033fa5f0366,,,,,,SYSTEM,72.45,BBD,
c05e68a2-ca23-f977-6362-c93c57499c3e,2025-02-03 10:06:29,2025-02-03 10:06:29,2025-02-03 06:06:29,2025-02-03 06:06:29,America/Barbados,0.00,0.00,0.0,0.0,0.0,03c821d6-6274-427c-937a-ad91c6bc020d,MP-025,51210097772981,03c821d6-6274-427c-937a-ad91c6bc020d.1,CCS_2,25.0,79b72a61-f5ca-433f-b824-0c7df1204859,Massy Warrens,Massy Warrens - Massy Stores Supercenter,Warrens,St. Michael,BB,,Massy,578dca79-afd1-4b04-816a-322a7067114b,d453d2a25df7ffae24023c2de6e302c4,,,,,482acb3d-7cac-4bf8-be36-4a082efc95eb,RFID,0.00,BBD,
f20a37ad-f5a7-5604-db7e-999f1888f724,2025-02-03 14:34:47,2025-02-03 21:28:12,2025-02-03 10:34:47,2025-02-03 17:28:12,America/Barbados,413.42,0.80,20.7,0.0,0.0,03c821d6-6274-427c-937a-ad91c6bc020d,MP-025,51210097772981,03c821d6-6274-427c-937a-ad91c6bc020d.2,CHADEMO,25.0,79b72a61-f5ca-433f-b824-0c7df1204859,Massy Warrens,Massy Warrens - Massy Stores Supercenter,Warrens,St. Michael,BB,,Massy,578dca79-afd1-4b04-816a-322a7067114b,564363f1092f00b6d8b93b0dffe923e8,,,,,ff8272b9-b9c0-4e2c-a725-65cbd037a327,RFID,36.23,BBD,
8a00e4c7-5c21-2cd8-9199-67dd49815f21,2025-02-03 20:39:16,2025-02-03 21:04:22,2025-02-03 16:39:16,2025-02-03 17:04:22,America/Barbados,25.10,0.00,0.0,0.0,0.0,03c821d6-6274-427c-937a-ad91c6bc020d,MP-025,51210097772981,03c821d6-6274-427c-937a-ad91c6bc020d.1,CCS_2,25.0,79b72a61-f5ca-433f-b824-0c7df1204859,Massy Warrens,Massy Warrens - Massy Stores Supercenter,Warrens,St. Michael,BB,,Massy,578dca79-afd1-4b04-816a-322a7067114b,080eb6f3ca035209586fad3b452199c2,,,,,12a311e6-c8c8-4c1e-a086-6aa23bc92f92,RFID,0.00,BBD,
e4e132c8-a978-caee-f0db-3eb9ff664cef,2025-02-03 21:38:22,2025-02-03 22:36:07,2025-02-03 17:38:22,2025-02-03 18:36:07,America/Barbados,57.75,10.30,19.8,259.7,25.0,03c821d6-6274-427c-937a-ad91c6bc020d,MP-025,51210097772981,03c821d6-6274-427c-937a-ad91c6bc020d.1,CCS_2,25.0,79b72a61-f5ca-433f-b824-0c7df1204859,Massy Warrens,Massy Warrens - Massy Stores Supercenter,Warrens,St. Michael,BB,,Massy,578dca79-afd1-4b04-816a-322a7067114b,dd4c88acde25753674e21b473fe166ef,,,,,033b321f-9ea1-4604-93a9-0160f0c2ca9c,RFID,34.65,BBD,
bbe5d305-d94f-926a-c4a6-a2e55fc4ecf6,2025-02-04 02:11:21,2025-02-04 02:57:16,2025-02-03 22:11:21,2025-02-03 22:57:16,America/Barbados,45.92,1.92,19.4,28.1,25.4,03c821d6-6274-427c-937a-ad91c6bc020d,MP-025,51210097772981,03c821d6-6274-427c-937a-ad91c6bc020d.1,CCS_2,25.0,79b72a61-f5ca-433f-b824-0c7df1204859,Massy Warrens,Massy Warrens - Massy Stores Supercenter,Warrens,St. Michael,BB,,Massy,578dca79-afd1-4b04-816a-322a7067114b,abb6ac85e363630e25f8a5ec61014fe0,,,,,,SYSTEM,33.95,BBD,
ad5560f7-a620-38ac-a413-6358efe075d4,2025-02-04 09:28:27,2025-02-04 10:41:51,2025-02-04 05:28:27,2025-02-04 06:41:51,America/Barbados,73.40,1.60,31.1,28.1,25.4,03c821d6-6274-427c-937a-ad91c6bc020d,MP-025,51210097772981,03c821d6-6274-427c-937a-ad91c6bc020d.1,CCS_2,25.0,79b72a61-f5ca-433f-b824-0c7df1204859,Massy Warrens,Massy Warrens - Massy Stores Supercenter,Warrens,St. Michael,BB,,Massy,578dca79-afd1-4b04-816a-322a7067114b,40a16d94208fdc757cd189b90808792e,,,,,,SYSTEM,54.43,BBD,
72ca3f6b-6bb6-eaba-c4c9-fb36c7975254,2025-02-04 13:30:40,2025-02-04 14:16:36,2025-02-04 09:30:40,2025-02-04 10:16:36,America/Barbados,45.93,30.93,5.5,72.0,10.8,03c821d6-6274-427c-937a-ad91c6bc020d,MP-025,51210097772981,03c821d6-6274-427c-937a-ad91c6bc020d.2,CHADEMO,25.0,79b72a61-f5ca-433f-b824-0c7df1204859,Massy Warrens,Massy Warrens - Massy Stores Supercenter,Warrens,St. Michael,BB,,Massy,578dca79-afd1-4b04-816a-322a7067114b,564363f1092f00b6d8b93b0dffe923e8,,,,,ff8272b9-b9c0-4e2c-a725-65cbd037a327,RFID,9.63,BBD,
39f59196-ea54-d400-6122-568f54bb83c7,2025-02-04 14:17:47,2025-02-04 16:31:28,2025-02-04 10:17:47,2025-02-04 12:31:28,America/Barbados,133.68,2.48,61.8,34.3,27.8,03c821d6-6274-427c-937a-ad91c6bc020d,MP-025,51210097772981,03c821d6-6274-427c-937a-ad91c6bc020d.1,CCS_2,25.0,79b72a61-f5ca-433f-b824-0c7df1204859,Massy Warrens,Massy Warrens - Massy Stores Supercenter,Warrens,St. Michael,BB,,Massy,578dca79-afd1-4b04-816a-322a7067114b,35b6f6f99ae2087ef24aff4869dea359,,,,,9210ee0a-d99f-4855-9c03-cdf9ee6fab7d,RFID,108.15,BBD,
3baad1f2-6cbe-bb59-dbf6-693378268138,2025-02-04 16:39:11,2025-02-04 17:50:26,2025-02-04 12:39:11,2025-02-04 13:50:26,America/Barbados,71.25,1.92,30.3,28.1,25.5,03c821d6-6274-427c-937a-ad91c6bc020d,MP-025,51210097772981,03c821d6-6274-427c-937a-ad91c6bc020d.1,CCS_2,25.0,79b72a61-f5ca-433f-b824-0c7df1204859,Massy Warrens,Massy Warrens - Massy Stores Supercenter,Warrens,St. Michael,BB,,Massy,578dca79-afd1-4b04-816a-322a7067114b,9524292787ec90c1c0d210497cc1166e,,,,,81c772bc-95b4-494a-b120-9b72e065fadc,RFID,53.03,BBD,
5f2c5c35-6c83-d03e-918a-84ba0af613d3,2025-02-04 18:07:52,2025-02-04 18:48:03,2025-02-04 14:07:52,2025-02-04 14:48:03,America/Barbados,40.18,2.07,16.7,28.1,24.8,03c821d6-6274-427c-937a-ad91c6bc020d,MP-025,51210097772981,03c821d6-6274-427c-937a-ad91c6bc020d.1,CCS_2,25.0,79b72a61-f5ca-433f-b824-0c7df1204859,Massy Warrens,Massy Warrens - Massy Stores Supercenter,Warrens,St. Michael,BB,,Massy,578dca79-afd1-4b04-816a-322a7067114b,f62ee31cf594fd51d53bbc5d10d441ef,,,,,8a2fcabe-de5c-4e93-8d46-8f1fdc622488,RFID,29.23,BBD,
f969ad32-e317-9d7d-3ccd-1928deaaec67,2025-02-05 13:46:27,2025-02-05 14:09:54,2025-02-05 09:46:27,2025-02-05 10:09:54,America/Barbados,23.45,10.40,4.4,24.0,11.2,03c821d6-6274-427c-937a-ad91c6bc020d,MP-025,51210097772981,03c821d6-6274-427c-937a-ad91c6bc020d.2,CHADEMO,25.0,79b72a61-f5ca-433f-b824-0c7df1204859,Massy Warrens,Massy Warrens - Massy Stores Supercenter,Warrens,St. Michael,BB,,Massy,578dca79-afd1-4b04-816a-322a7067114b,564363f1092f00b6d8b93b0dffe923e8,,,,,ff8272b9-b9c0-4e2c-a725-65cbd037a327,RFID,7.70,BBD,
f433acef-cd53-5ee1-d7f0-ec4467a7afca,2025-02-05 14:43:25,2025-02-05 14:43:26,2025-02-05 10:43:25,2025-02-05 10:43:26,America/Barbados,0.02,0.00,0.0,0.0,0.0,03c821d6-6274-427c-937a-ad91c6bc020d,MP-025,51210097772981,03c821d6-6274-427c-937a-ad91c6bc020d.1,CCS_2,25.0,79b72a61-f5ca-433f-b824-0c7df1204859,Massy Warrens,Massy Warrens - Massy Stores Supercenter,Warrens,St. Michael,BB,,Massy,578dca79-afd1-4b04-816a-322a7067114b,6f42dbd22a6d1219190e7d875c48d4b6,,,,,,SYSTEM,0.00,BBD,
17582b5f-1694-161e-946c-b4aa50584aae,2025-02-05 16:16:02,2025-02-05 16:48:38,2025-02-05 12:16:02,2025-02-05 12:48:38,America/Barbados,32.60,0.27,12.0,31.8,23.1,03c821d6-6274-427c-937a-ad91c6bc020d,MP-025,51210097772981,03c821d6-6274-427c-937a-ad91c6bc020d.1,CCS_2,25.0,79b72a61-f5ca-433f-b824-0c7df1204859,Massy Warrens,Massy Warrens - Massy Stores Supercenter,Warrens,St. Michael,BB,,Massy,578dca79-afd1-4b04-816a-322a7067114b,d453d2a25df7ffae24023c2de6e302c4,,,,,482acb3d-7cac-4bf8-be36-4a082efc95eb,RFID,10.50,BBD,
c2c31c4c-1b7a-7159-a9ff-1c073c461700,2025-02-05 17:03:59,2025-02-05 18:22:03,2025-02-05 13:03:59,2025-02-05 14:22:03,America/Barbados,78.07,0.80,35.8,33.8,27.6,03c821d6-6274-427c-937a-ad91c6bc020d,MP-025,51210097772981,03c821d6-6274-427c-937a-ad91c6bc020d.1,CCS_2,25.0,79b72a61-f5ca-433f-b824-0c7df1204859,Massy Warrens,Massy Warrens - Massy Stores Supercenter,Warrens,St. Michael,BB,,Massy,578dca79-afd1-4b04-816a-322a7067114b,a8947df47909a29cbcea48406b5b1f7f,,,,,,SYSTEM,62.65,BBD,
7849fdc1-8c6d-c949-564a-1781ff9ab989,2025-02-05 20:29:26,2025-02-05 22:56:33,2025-02-05 16:29:26,2025-02-05 18:56:33,America/Barbados,147.12,4.20,67.1,33.8,27.4,03c821d6-6274-427c-937a-ad91c6bc020d,MP-025,51210097772981,03c821d6-6274-427c-937a-ad91c6bc020d.1,CCS_2,25.0,79b72a61-f5ca-433f-b824-0c7df1204859,Massy Warrens,Massy Warrens - Massy Stores Supercenter,Warrens,St. Michael,BB,,Massy,578dca79-afd1-4b04-816a-322a7067114b,d01f8298c4aa0be4b825cec87e3512c6,,,,,7c802f13-3acc-4c06-8717-a63c9d015e7e,RFID,117.43,BBD,
b85ab8b5-ce1c-caab-19b8-b280cdd07e68,2025-02-05 23:13:48,2025-02-05 23:20:07,2025-02-05 19:13:48,2025-02-05 19:20:07,America/Barbados,6.32,0.00,2.5,28.1,24.0,03c821d6-6274-427c-937a-ad91c6bc020d,MP-025,51210097772981,03c821d6-6274-427c-937a-ad91c6bc020d.1,CCS_2,25.0,79b72a61-f5ca-433f-b824-0c7df1204859,Massy Warrens,Massy Warrens - Massy Stores Supercenter,Warrens,St. Michael,BB,,Massy,578dca79-afd1-4b04-816a-322a7067114b,dd4c88acde25753674e21b473fe166ef,,,,,033b321f-9ea1-4604-93a9-0160f0c2ca9c,RFID,4.38,BBD,
b2121f86-b5e7-066e-507c-39aab400a003,2025-02-06 07:21:13,2025-02-06 07:59:55,2025-02-06 03:21:13,2025-02-06 03:59:55,America/Barbados,38.70,0.85,16.8,28.1,26.0,03c821d6-6274-427c-937a-ad91c6bc020d,MP-025,51210097772981,03c821d6-6274-427c-937a-ad91c6bc020d.1,CCS_2,25.0,79b72a61-f5ca-433f-b824-0c7df1204859,Massy Warrens,Massy Warrens - Massy Stores Supercenter,Warrens,St. Michael,BB,,Massy,578dca79-afd1-4b04-816a-322a7067114b,eed9d915b485c674b9ba3ac4a20ae0f1,,,,,,SYSTEM,29.40,BBD,
7c75dc82-eed4-3607-fef7-6cb4a1493565,2025-02-06 10:13:19,2025-02-06 12:40:00,2025-02-06 06:13:19,2025-02-06 08:40:00,America/Barbados,146.68,13.37,58.0,33.8,23.9,03c821d6-6274-427c-937a-ad91c6bc020d,MP-025,51210097772981,03c821d6-6274-427c-937a-ad91c6bc020d.1,CCS_2,25.0,79b72a61-f5ca-433f-b824-0c7df1204859,Massy Warrens,Massy Warrens - Massy Stores Supercenter,Warrens,St. Michael,BB,,Massy,578dca79-afd1-4b04-816a-322a7067114b,9a0aa3c4b0310980ab78bd4ad3e6744a,,,,,8c7a084b-ebbc-4912-b13b-4783148e94ff,RFID,101.50,BBD,
76844748-5997-abb0-1d82-c7d9459fa502,2025-02-06 13:41:04,2025-02-06 14:13:36,2025-02-06 09:41:04,2025-02-06 10:13:36,America/Barbados,32.53,18.13,5.3,18.9,10.2,03c821d6-6274-427c-937a-ad91c6bc020d,MP-025,51210097772981,03c821d6-6274-427c-937a-ad91c6bc020d.2,CHADEMO,25.0,79b72a61-f5ca-433f-b824-0c7df1204859,Massy Warrens,Massy Warrens - Massy Stores Supercenter,Warrens,St. Michael,BB,,Massy,578dca79-afd1-4b04-816a-322a7067114b,564363f1092f00b6d8b93b0dffe923e8,,,,,ff8272b9-b9c0-4e2c-a725-65cbd037a327,RFID,9.28,BBD,
ab0f02b7-2e2c-48a5-f861-de55981b9863,2025-02-06 18:03:06,2025-02-06 18:50:35,2025-02-06 14:03:06,2025-02-06 14:50:35,America/Barbados,47.48,0.82,20.8,28.1,26.3,03c821d6-6274-427c-937a-ad91c6bc020d,MP-025,51210097772981,03c821d6-6274-427c-937a-ad91c6bc020d.1,CCS_2,25.0,79b72a61-f5ca-433f-b824-0c7df1204859,Massy Warrens,Massy Warrens - Massy Stores Supercenter,Warrens,St. Michael,BB,,Massy,578dca79-afd1-4b04-816a-322a7067114b,67555a4166f2ba1595a1f05f149cc76f,,,,,,SYSTEM,36.40,BBD,
63fa2742-48e5-cdcf-2ad7-a31680f26011,2025-02-06 19:18:59,2025-02-06 19:37:56,2025-02-06 15:18:59,2025-02-06 15:37:56,America/Barbados,18.95,8.83,3.6,16.9,11.4,03c821d6-6274-427c-937a-ad91c6bc020d,MP-025,51210097772981,03c821d6-6274-427c-937a-ad91c6bc020d.2,CHADEMO,25.0,79b72a61-f5ca-433f-b824-0c7df1204859,Massy Warrens,Massy Warrens - Massy Stores Supercenter,Warrens,St. Michael,BB,,Massy,578dca79-afd1-4b04-816a-322a7067114b,564363f1092f00b6d8b93b0dffe923e8,,,,,ff8272b9-b9c0-4e2c-a725-65cbd037a327,RFID,6.30,BBD,
a19c1a50-b8d3-f2fa-8d04-56164b4e70a4,2025-02-06 20:59:48,2025-02-06 21:37:37,2025-02-06 16:59:48,2025-02-06 17:37:37,America/Barbados,37.82,1.07,16.1,37.2,25.8,03c821d6-6274-427c-937a-ad91c6bc020d,MP-025,51210097772981,03c821d6-6274-427c-937a-ad91c6bc020d.1,CCS_2,25.0,79b72a61-f5ca-433f-b824-0c7df1204859,Massy Warrens,Massy Warrens - Massy Stores Supercenter,Warrens,St. Michael,BB,,Massy,578dca79-afd1-4b04-816a-322a7067114b,03d1ce26fa49936b6e72eb9eafef6e3f,,,,,,SYSTEM,28.18,BBD,
1c76af0e-087d-d859-5831-733fbb6a5c0c,2025-02-06 20:39:33,2025-02-06 22:04:10,2025-02-06 16:39:33,2025-02-06 18:04:10,America/Barbados,84.62,37.08,9.3,12.0,6.7,024e77fc-3da1-4e73-930e-b76e45511419,MP-001,M5005918-7,024e77fc-3da1-4e73-930e-b76e45511419.1,TYPE_2,7.4,1977c2c7-cd44-4e6f-a827-370cd9aad5bd,Massy Sunset Crest,"Massy Stores Supercenter, Sunset Crest",Holetown,St James,BB,,Massy,578dca79-afd1-4b04-816a-322a7067114b,077de232d085e93ffa0aa74fc8ac4a48,,,,,72a12083-767c-420c-8900-a8829a90c134,RFID,13.95,BBD,
b90b268d-671e-e6b5-4055-1bfd178bb15e,2025-02-06 22:18:47,2025-02-07 00:20:24,2025-02-06 18:18:47,2025-02-06 20:20:24,America/Barbados,121.62,4.03,48.8,28.1,24.1,03c821d6-6274-427c-937a-ad91c6bc020d,MP-025,51210097772981,03c821d6-6274-427c-937a-ad91c6bc020d.2,CHADEMO,25.0,79b72a61-f5ca-433f-b824-0c7df1204859,Massy Warrens,Massy Warrens - Massy Stores Supercenter,Warrens,St. Michael,BB,,Massy,578dca79-afd1-4b04-816a-322a7067114b,8f8a1bc53cfa9904f8ceebad0a28992a,,,,,2b43a680-6c0f-4d9c-937d-40d2fa634566,RFID,85.40,BBD,
d85d85f3-3316-ad16-ba1f-d5d53d523bad,2025-02-07 00:24:03,2025-02-07 01:27:14,2025-02-06 20:24:03,2025-02-06 21:27:14,America/Barbados,63.18,1.33,26.7,123.3,26.9,03c821d6-6274-427c-937a-ad91c6bc020d,MP-025,51210097772981,03c821d6-6274-427c-937a-ad91c6bc020d.1,CCS_2,25.0,79b72a61-f5ca-433f-b824-0c7df1204859,Massy Warrens,Massy Warrens - Massy Stores Supercenter,Warrens,St. Michael,BB,,Massy,578dca79-afd1-4b04-816a-322a7067114b,5e3ecf2b0cd1f115dbca46306a1f02e4,,,,,1ed21fb5-1efa-41c7-b279-cbb495a8a442,RFID,46.73,BBD,
f5e06391-4403-e3dc-ddf0-c5441ee7e007,2025-02-07 09:51:04,2025-02-07 10:00:21,2025-02-07 05:51:04,2025-02-07 06:00:21,America/Barbados,9.28,0.00,3.9,0.0,0.0,03c821d6-6274-427c-937a-ad91c6bc020d,MP-025,51210097772981,03c821d6-6274-427c-937a-ad91c6bc020d.1,CCS_2,25.0,79b72a61-f5ca-433f-b824-0c7df1204859,Massy Warrens,Massy Warrens - Massy Stores Supercenter,Warrens,St. Michael,BB,,Massy,578dca79-afd1-4b04-816a-322a7067114b,53c3e7f13adc18ac7473c99ec64d56c5,,,,,5b11676b-0383-4ad8-a16f-6da4cd89f3e3,RFID,6.83,BBD,
db451490-378f-2e53-1763-e716efecff73,2025-02-07 12:06:24,2025-02-07 12:54:05,2025-02-07 08:06:24,2025-02-07 08:54:05,America/Barbados,47.68,2.13,19.4,28.1,24.4,03c821d6-6274-427c-937a-ad91c6bc020d,MP-025,51210097772981,03c821d6-6274-427c-937a-ad91c6bc020d.1,CCS_2,25.0,79b72a61-f5ca-433f-b824-0c7df1204859,Massy Warrens,Massy Warrens - Massy Stores Supercenter,Warrens,St. Michael,BB,,Massy,578dca79-afd1-4b04-816a-322a7067114b,18b056becc3958b16a5bcd0a571a411d,,,,,,SYSTEM,33.95,BBD,
8994b4ab-5f0a-e88f-8ad6-c16a4f456aab,2025-02-07 13:19:42,2025-02-07 13:52:46,2025-02-07 09:19:42,2025-02-07 09:52:46,America/Barbados,33.07,19.20,4.8,57.4,10.1,03c821d6-6274-427c-937a-ad91c6bc020d,MP-025,51210097772981,03c821d6-6274-427c-937a-ad91c6bc020d.2,CHADEMO,25.0,79b72a61-f5ca-433f-b824-0c7df1204859,Massy Warrens,Massy Warrens - Massy Stores Supercenter,Warrens,St. Michael,BB,,Massy,578dca79-afd1-4b04-816a-322a7067114b,564363f1092f00b6d8b93b0dffe923e8,,,,,ff8272b9-b9c0-4e2c-a725-65cbd037a327,RFID,8.40,BBD,
e4f0e1a3-0547-b8ea-b5b2-7079d388d216,2025-02-07 14:11:54,2025-02-07 14:26:02,2025-02-07 10:11:54,2025-02-07 10:26:02,America/Barbados,14.13,0.27,5.9,28.1,25.0,03c821d6-6274-427c-937a-ad91c6bc020d,MP-025,51210097772981,03c821d6-6274-427c-937a-ad91c6bc020d.1,CCS_2,25.0,79b72a61-f5ca-433f-b824-0c7df1204859,Massy Warrens,Massy Warrens - Massy Stores Supercenter,Warrens,St. Michael,BB,,Massy,578dca79-afd1-4b04-816a-322a7067114b,03d1ce26fa49936b6e72eb9eafef6e3f,,,,,,SYSTEM,10.33,BBD,
c0858f15-0104-1dd6-ccee-e4d23e3f4b0d,2025-02-07 15:04:14,2025-02-07 17:39:23,2025-02-07 11:04:14,2025-02-07 13:39:23,America/Barbados,155.15,0.53,67.9,29.5,26.4,03c821d6-6274-427c-937a-ad91c6bc020d,MP-025,51210097772981,03c821d6-6274-427c-937a-ad91c6bc020d.1,CCS_2,25.0,79b72a61-f5ca-433f-b824-0c7df1204859,Massy Warrens,Massy Warrens - Massy Stores Supercenter,Warrens,St. Michael,BB,,Massy,578dca79-afd1-4b04-816a-322a7067114b,36103e32ca748011fafd0684597de9b8,,,,,10849adb-5035-4026-8d64-ddd8ccbe33b1,RFID,118.83,BBD,
d32a8970-8866-c86f-85be-b8ec62316fe7,2025-02-07 17:43:34,2025-02-07 17:43:34,2025-02-07 13:43:34,2025-02-07 13:43:34,America/Barbados,0.00,0.00,0.0,0.0,0.0,03c821d6-6274-427c-937a-ad91c6bc020d,MP-025,51210097772981,03c821d6-6274-427c-937a-ad91c6bc020d.1,CCS_2,25.0,79b72a61-f5ca-433f-b824-0c7df1204859,Massy Warrens,Massy Warrens - Massy Stores Supercenter,Warrens,St. Michael,BB,,Massy,578dca79-afd1-4b04-816a-322a7067114b,35b6f6f99ae2087ef24aff4869dea359,,,,,9210ee0a-d99f-4855-9c03-cdf9ee6fab7d,RFID,0.00,BBD,
9cc419f6-dbf0-7b59-3828-0a0fdbcd648c,2025-02-07 19:27:26,2025-02-07 19:27:26,2025-02-07 15:27:26,2025-02-07 15:27:26,America/Barbados,0.00,0.00,0.0,0.0,0.0,03c821d6-6274-427c-937a-ad91c6bc020d,MP-025,51210097772981,03c821d6-6274-427c-937a-ad91c6bc020d.2,CHADEMO,25.0,79b72a61-f5ca-433f-b824-0c7df1204859,Massy Warrens,Massy Warrens - Massy Stores Supercenter,Warrens,St. Michael,BB,,Massy,578dca79-afd1-4b04-816a-322a7067114b,564363f1092f00b6d8b93b0dffe923e8,,,,,ff8272b9-b9c0-4e2c-a725-65cbd037a327,RFID,0.00,BBD,
cfa49576-4a0d-d4d9-edb8-6c6bcc196b4f,2025-02-07 22:21:32,2025-02-07 23:25:52,2025-02-07 18:21:32,2025-02-07 19:25:52,America/Barbados,64.33,0.33,27.1,28.1,25.3,03c821d6-6274-427c-937a-ad91c6bc020d,MP-025,51210097772981,03c821d6-6274-427c-937a-ad91c6bc020d.1,CCS_2,25.0,79b72a61-f5ca-433f-b824-0c7df1204859,Massy Warrens,Massy Warrens - Massy Stores Supercenter,Warrens,St. Michael,BB,,Massy,578dca79-afd1-4b04-816a-322a7067114b,53c3e7f13adc18ac7473c99ec64d56c5,,,,,5b11676b-0383-4ad8-a16f-6da4cd89f3e3,RFID,47.43,BBD,
431c2df4-1a33-242d-e92b-7a4640312ede,2025-02-07 23:27:49,2025-02-08 00:38:45,2025-02-07 19:27:49,2025-02-07 20:38:45,America/Barbados,70.93,2.15,30.0,28.1,25.4,03c821d6-6274-427c-937a-ad91c6bc020d,MP-025,51210097772981,03c821d6-6274-427c-937a-ad91c6bc020d.1,CCS_2,25.0,79b72a61-f5ca-433f-b824-0c7df1204859,Massy Warrens,Massy Warrens - Massy Stores Supercenter,Warrens,St. Michael,BB,,Massy,578dca79-afd1-4b04-816a-322a7067114b,40a16d94208fdc757cd189b90808792e,,,,,,SYSTEM,52.50,BBD,
c92f8a13-50f1-f28f-740b-adb41c8457b4,2025-02-08 02:17:50,2025-02-08 02:17:50,2025-02-07 22:17:50,2025-02-07 22:17:50,America/Barbados,0.00,0.00,0.0,0.0,0.0,03c821d6-6274-427c-937a-ad91c6bc020d,MP-025,51210097772981,03c821d6-6274-427c-937a-ad91c6bc020d.1,CCS_2,25.0,79b72a61-f5ca-433f-b824-0c7df1204859,Massy Warrens,Massy Warrens - Massy Stores Supercenter,Warrens,St. Michael,BB,,Massy,578dca79-afd1-4b04-816a-322a7067114b,dd4c88acde25753674e21b473fe166ef,,,,,033b321f-9ea1-4604-93a9-0160f0c2ca9c,RFID,0.00,BBD,
000c3255-d8a4-3d45-49e5-099cee724356,2025-02-08 04:07:37,2025-02-08 04:27:56,2025-02-08 00:07:37,2025-02-08 00:27:56,America/Barbados,20.32,8.85,3.1,84.4,13.5,03c821d6-6274-427c-937a-ad91c6bc020d,MP-025,51210097772981,03c821d6-6274-427c-937a-ad91c6bc020d.1,CCS_2,25.0,79b72a61-f5ca-433f-b824-0c7df1204859,Massy Warrens,Massy Warrens - Massy Stores Supercenter,Warrens,St. Michael,BB,,Massy,578dca79-afd1-4b04-816a-322a7067114b,dd4c88acde25753674e21b473fe166ef,,,,,033b321f-9ea1-4604-93a9-0160f0c2ca9c,RFID,5.43,BBD,
c899f16d-a489-7628-05be-7861e197640d,2025-02-08 13:18:15,2025-02-08 13:43:03,2025-02-08 09:18:15,2025-02-08 09:43:03,America/Barbados,24.80,13.33,3.6,40.0,10.4,03c821d6-6274-427c-937a-ad91c6bc020d,MP-025,51210097772981,03c821d6-6274-427c-937a-ad91c6bc020d.2,CHADEMO,25.0,79b72a61-f5ca-433f-b824-0c7df1204859,Massy Warrens,Massy Warrens - Massy Stores Supercenter,Warrens,St. Michael,BB,,Massy,578dca79-afd1-4b04-816a-322a7067114b,564363f1092f00b6d8b93b0dffe923e8,,,,,ff8272b9-b9c0-4e2c-a725-65cbd037a327,RFID,6.30,BBD,
a7ee61fe-545d-b0f1-38a4-f09607c32073,2025-02-08 13:59:49,2025-02-08 14:57:03,2025-02-08 09:59:49,2025-02-08 10:57:03,America/Barbados,57.23,1.33,24.2,28.1,25.4,03c821d6-6274-427c-937a-ad91c6bc020d,MP-025,51210097772981,03c821d6-6274-427c-937a-ad91c6bc020d.1,CCS_2,25.0,79b72a61-f5ca-433f-b824-0c7df1204859,Massy Warrens,Massy Warrens - Massy Stores Supercenter,Warrens,St. Michael,BB,,Massy,578dca79-afd1-4b04-816a-322a7067114b,7daacebf9b4ad61d93ad71b9621b0320,,,,,45cae3be-c3ab-416e-bd87-9209a7e62bd3,RFID,42.35,BBD,
0b070a57-6855-d4f4-4aae-3e021b18e92d,2025-02-08 15:27:39,2025-02-08 15:29:46,2025-02-08 11:27:39,2025-02-08 11:29:46,America/Barbados,2.12,0.00,0.8,0.0,0.0,03c821d6-6274-427c-937a-ad91c6bc020d,MP-025,51210097772981,03c821d6-6274-427c-937a-ad91c6bc020d.1,CCS_2,25.0,79b72a61-f5ca-433f-b824-0c7df1204859,Massy Warrens,Massy Warrens - Massy Stores Supercenter,Warrens,St. Michael,BB,,Massy,578dca79-afd1-4b04-816a-322a7067114b,0a6fcd83a39e5bf7d37cdb1710049e8a,,,,,aa11d63f-af32-499c-ae20-946a0b57ffdc,RFID,1.40,BBD,
afa622c4-ee96-67da-c975-4179aaa80757,2025-02-08 15:32:13,2025-02-08 16:00:37,2025-02-08 11:32:13,2025-02-08 12:00:37,America/Barbados,28.40,0.67,9.8,38.8,25.3,03c821d6-6274-427c-937a-ad91c6bc020d,MP-025,51210097772981,03c821d6-6274-427c-937a-ad91c6bc020d.1,CCS_2,25.0,79b72a61-f5ca-433f-b824-0c7df1204859,Massy Warrens,Massy Warrens - Massy Stores Supercenter,Warrens,St. Michael,BB,,Massy,578dca79-afd1-4b04-816a-322a7067114b,0a6fcd83a39e5bf7d37cdb1710049e8a,,,,,aa11d63f-af32-499c-ae20-946a0b57ffdc,RFID,17.15,BBD,
4ff0f386-b4c5-2477-cc57-76dad76360dd,2025-02-08 17:31:57,2025-02-08 18:14:28,2025-02-08 13:31:57,2025-02-08 14:14:28,America/Barbados,42.52,1.18,18.0,28.1,25.6,03c821d6-6274-427c-937a-ad91c6bc020d,MP-025,51210097772981,03c821d6-6274-427c-937a-ad91c6bc020d.1,CCS_2,25.0,79b72a61-f5ca-433f-b824-0c7df1204859,Massy Warrens,Massy Warrens - Massy Stores Supercenter,Warrens,St. Michael,BB,,Massy,578dca79-afd1-4b04-816a-322a7067114b,6be63789cf5b91884a371cf338afa67e,,,,,0981d8af-d967-4317-931a-2e4de62f2195,RFID,31.50,BBD,
efc6de75-fd33-8817-6974-561155c7ff93,2025-02-08 19:48:46,2025-02-08 21:52:11,2025-02-08 15:48:46,2025-02-08 17:52:11,America/Barbados,123.42,1.60,57.6,125.2,29.0,03c821d6-6274-427c-937a-ad91c6bc020d,MP-025,51210097772981,03c821d6-6274-427c-937a-ad91c6bc020d.1,CCS_2,25.0,79b72a61-f5ca-433f-b824-0c7df1204859,Massy Warrens,Massy Warrens - Massy Stores Supercenter,Warrens,St. Michael,BB,,Massy,578dca79-afd1-4b04-816a-322a7067114b,35b6f6f99ae2087ef24aff4869dea359,,,,,9210ee0a-d99f-4855-9c03-cdf9ee6fab7d,RFID,100.80,BBD,
7591bd01-0d0c-5f98-a302-56a16501693b,2025-02-09 17:36:01,2025-02-09 18:10:33,2025-02-09 13:36:01,2025-02-09 14:10:33,America/Barbados,34.53,0.00,3.9,8.0,6.8,8d27dae5-8d1f-48d0-bfe1-8875d5d568a5,MP-0079,M5012464-2,8d27dae5-8d1f-48d0-bfe1-8875d5d568a5.2,TYPE_2,22.0,1977c2c7-cd44-4e6f-a827-370cd9aad5bd,Massy Sunset Crest,"Massy Stores Supercenter, Sunset Crest",Holetown,St James,BB,,Massy,578dca79-afd1-4b04-816a-322a7067114b,347c05dba59809322a102758b4c9daeb,,,,,8e63f50a-a4c1-4df2-a496-6cee7199212f,RFID,0.00,BBD,
d612bfc0-5753-83b5-1600-2f554030054d,2025-02-09 00:48:54,2025-02-09 01:09:43,2025-02-08 20:48:54,2025-02-08 21:09:43,America/Barbados,20.82,4.57,6.6,24.7,11.5,03c821d6-6274-427c-937a-ad91c6bc020d,MP-025,51210097772981,03c821d6-6274-427c-937a-ad91c6bc020d.1,CCS_2,25.0,79b72a61-f5ca-433f-b824-0c7df1204859,Massy Warrens,Massy Warrens - Massy Stores Supercenter,Warrens,St. Michael,BB,,Massy,578dca79-afd1-4b04-816a-322a7067114b,0a6fcd83a39e5bf7d37cdb1710049e8a,,,,,aa11d63f-af32-499c-ae20-946a0b57ffdc,RFID,11.55,BBD,
ce0aceb9-7de8-deb5-a9d4-72ac94314252,2025-02-09 07:43:55,2025-02-09 07:59:15,2025-02-09 03:43:55,2025-02-09 03:59:15,America/Barbados,15.33,0.15,6.4,28.1,24.8,03c821d6-6274-427c-937a-ad91c6bc020d,MP-025,51210097772981,03c821d6-6274-427c-937a-ad91c6bc020d.1,CCS_2,25.0,79b72a61-f5ca-433f-b824-0c7df1204859,Massy Warrens,Massy Warrens - Massy Stores Supercenter,Warrens,St. Michael,BB,,Massy,578dca79-afd1-4b04-816a-322a7067114b,dd45ba246b049b48bc5a179f123e9786,,,,,,SYSTEM,11.20,BBD,
f478518d-783f-f60e-9ef1-7bf6acf1510a,2025-02-09 12:18:20,2025-02-09 13:16:00,2025-02-09 08:18:20,2025-02-09 09:16:00,America/Barbados,57.67,0.00,24.2,0.0,0.0,03c821d6-6274-427c-937a-ad91c6bc020d,MP-025,51210097772981,03c821d6-6274-427c-937a-ad91c6bc020d.1,CCS_2,25.0,79b72a61-f5ca-433f-b824-0c7df1204859,Massy Warrens,Massy Warrens - Massy Stores Supercenter,Warrens,St. Michael,BB,,Massy,578dca79-afd1-4b04-816a-322a7067114b,d453d2a25df7ffae24023c2de6e302c4,,,,,482acb3d-7cac-4bf8-be36-4a082efc95eb,RFID,21.18,BBD,
970e6b9c-a09f-3c1d-1837-c011839c6941,2025-02-09 14:27:40,2025-02-09 15:38:13,2025-02-09 10:27:40,2025-02-09 11:38:13,America/Barbados,70.55,1.22,29.7,28.1,25.3,03c821d6-6274-427c-937a-ad91c6bc020d,MP-025,51210097772981,03c821d6-6274-427c-937a-ad91c6bc020d.1,CCS_2,25.0,79b72a61-f5ca-433f-b824-0c7df1204859,Massy Warrens,Massy Warrens - Massy Stores Supercenter,Warrens,St. Michael,BB,,Massy,578dca79-afd1-4b04-816a-322a7067114b,e74d2ff814ba3f55ddbe58946f62c27e,,,,,,SYSTEM,51.98,BBD,
a6a7f3ad-3c59-9106-2441-4feee2caac8f,2025-02-09 19:58:23,2025-02-09 20:29:06,2025-02-09 15:58:23,2025-02-09 16:29:06,America/Barbados,30.72,0.33,13.4,33.8,26.3,03c821d6-6274-427c-937a-ad91c6bc020d,MP-025,51210097772981,03c821d6-6274-427c-937a-ad91c6bc020d.1,CCS_2,25.0,79b72a61-f5ca-433f-b824-0c7df1204859,Massy Warrens,Massy Warrens - Massy Stores Supercenter,Warrens,St. Michael,BB,,Massy,578dca79-afd1-4b04-816a-322a7067114b,eed9d915b485c674b9ba3ac4a20ae0f1,,,,,,SYSTEM,23.45,BBD,
2a4a66d4-f0b8-2edc-5629-2558ec87e948,2025-02-10 03:27:42,2025-02-10 03:27:42,2025-02-09 23:27:42,2025-02-09 23:27:42,America/Barbados,0.00,0.00,0.0,0.0,0.0,03c821d6-6274-427c-937a-ad91c6bc020d,MP-025,51210097772981,03c821d6-6274-427c-937a-ad91c6bc020d.1,CCS_2,25.0,79b72a61-f5ca-433f-b824-0c7df1204859,Massy Warrens,Massy Warrens - Massy Stores Supercenter,Warrens,St. Michael,BB,,Massy,578dca79-afd1-4b04-816a-322a7067114b,35b6f6f99ae2087ef24aff4869dea359,,,,,9210ee0a-d99f-4855-9c03-cdf9ee6fab7d,RFID,0.00,BBD,
964fcb34-9115-cb7a-6513-a9ec68ee8da2,2025-02-10 14:10:57,2025-02-10 16:33:19,2025-02-10 10:10:57,2025-02-10 12:33:19,America/Barbados,142.37,28.80,49.6,33.8,21.5,03c821d6-6274-427c-937a-ad91c6bc020d,MP-025,51210097772981,03c821d6-6274-427c-937a-ad91c6bc020d.1,CCS_2,25.0,79b72a61-f5ca-433f-b824-0c7df1204859,Massy Warrens,Massy Warrens - Massy Stores Supercenter,Warrens,St. Michael,BB,,Massy,578dca79-afd1-4b04-816a-322a7067114b,8ac0e8aa9751197f37cc59bdf0c10429,,,,,,SYSTEM,86.80,BBD,
aac28033-471f-03f8-e09d-b3bd7e69f67c,2025-02-10 16:54:34,2025-02-10 17:39:34,2025-02-10 12:54:34,2025-02-10 13:39:34,America/Barbados,45.00,1.33,19.8,33.8,26.5,03c821d6-6274-427c-937a-ad91c6bc020d,MP-025,51210097772981,03c821d6-6274-427c-937a-ad91c6bc020d.1,CCS_2,25.0,79b72a61-f5ca-433f-b824-0c7df1204859,Massy Warrens,Massy Warrens - Massy Stores Supercenter,Warrens,St. Michael,BB,,Massy,578dca79-afd1-4b04-816a-322a7067114b,39bdd057540638ed40fc8ba9f292ca73,,,,,,SYSTEM,34.65,BBD,
973fe56e-e626-7b9b-ea42-c02d45bc52ec,2025-02-10 18:59:26,2025-02-10 19:48:39,2025-02-10 14:59:26,2025-02-10 15:48:39,America/Barbados,49.22,0.27,20.8,36.0,25.6,03c821d6-6274-427c-937a-ad91c6bc020d,MP-025,51210097772981,03c821d6-6274-427c-937a-ad91c6bc020d.1,CCS_2,25.0,79b72a61-f5ca-433f-b824-0c7df1204859,Massy Warrens,Massy Warrens - Massy Stores Supercenter,Warrens,St. Michael,BB,,Massy,578dca79-afd1-4b04-816a-322a7067114b,dd45ba246b049b48bc5a179f123e9786,,,,,,SYSTEM,36.40,BBD,
34592cf2-64bc-1141-f8c4-1244d250cb96,2025-02-10 23:06:29,2025-02-10 23:48:50,2025-02-10 19:06:29,2025-02-10 19:48:50,America/Barbados,42.35,29.37,4.6,16.9,9.3,03c821d6-6274-427c-937a-ad91c6bc020d,MP-025,51210097772981,03c821d6-6274-427c-937a-ad91c6bc020d.2,CHADEMO,25.0,79b72a61-f5ca-433f-b824-0c7df1204859,Massy Warrens,Massy Warrens - Massy Stores Supercenter,Warrens,St. Michael,BB,,Massy,578dca79-afd1-4b04-816a-322a7067114b,564363f1092f00b6d8b93b0dffe923e8,,,,,ff8272b9-b9c0-4e2c-a725-65cbd037a327,RFID,8.05,BBD,
e9208e7c-ff9e-255a-58ff-393e42d3f5d3,2025-02-11 02:21:59,2025-02-11 02:21:59,2025-02-10 22:21:59,2025-02-10 22:21:59,America/Barbados,0.00,0.00,0.0,0.0,0.0,03c821d6-6274-427c-937a-ad91c6bc020d,MP-025,51210097772981,03c821d6-6274-427c-937a-ad91c6bc020d.1,CCS_2,25.0,79b72a61-f5ca-433f-b824-0c7df1204859,Massy Warrens,Massy Warrens - Massy Stores Supercenter,Warrens,St. Michael,BB,,Massy,578dca79-afd1-4b04-816a-322a7067114b,35b6f6f99ae2087ef24aff4869dea359,,,,,9210ee0a-d99f-4855-9c03-cdf9ee6fab7d,RFID,0.00,BBD,
046fed73-3442-38bc-4edd-1992cbffac2b,2025-02-11 04:24:35,2025-02-11 05:45:22,2025-02-11 00:24:35,2025-02-11 01:45:22,America/Barbados,80.78,1.07,34.2,28.1,25.4,03c821d6-6274-427c-937a-ad91c6bc020d,MP-025,51210097772981,03c821d6-6274-427c-937a-ad91c6bc020d.1,CCS_2,25.0,79b72a61-f5ca-433f-b824-0c7df1204859,Massy Warrens,Massy Warrens - Massy Stores Supercenter,Warrens,St. Michael,BB,,Massy,578dca79-afd1-4b04-816a-322a7067114b,40a16d94208fdc757cd189b90808792e,,,,,,SYSTEM,59.85,BBD,
4a10b4fd-c5a1-e716-66dd-28c92b959528,2025-02-11 23:09:37,2025-02-12 01:45:54,2025-02-11 19:09:37,2025-02-11 21:45:54,America/Barbados,156.28,5.37,61.9,28.1,23.7,03c821d6-6274-427c-937a-ad91c6bc020d,MP-025,51210097772981,03c821d6-6274-427c-937a-ad91c6bc020d.2,CHADEMO,25.0,79b72a61-f5ca-433f-b824-0c7df1204859,Massy Warrens,Massy Warrens - Massy Stores Supercenter,Warrens,St. Michael,BB,,Massy,578dca79-afd1-4b04-816a-322a7067114b,8f8a1bc53cfa9904f8ceebad0a28992a,,,,,2b43a680-6c0f-4d9c-937d-40d2fa634566,RFID,108.33,BBD,
ccc3f3c6-01ef-4801-31bb-0293815d062a,2025-02-12 09:41:35,2025-02-12 09:58:06,2025-02-12 05:41:35,2025-02-12 05:58:06,America/Barbados,16.52,2.67,6.7,835.2,73.8,03c821d6-6274-427c-937a-ad91c6bc020d,MP-025,51210097772981,03c821d6-6274-427c-937a-ad91c6bc020d.1,CCS_2,25.0,79b72a61-f5ca-433f-b824-0c7df1204859,Massy Warrens,Massy Warrens - Massy Stores Supercenter,Warrens,St. Michael,BB,,Massy,578dca79-afd1-4b04-816a-322a7067114b,dd4c88acde25753674e21b473fe166ef,,,,,033b321f-9ea1-4604-93a9-0160f0c2ca9c,RFID,11.73,BBD,
4f0c2fd8-e438-1263-7404-faf21f8364d7,2025-02-12 12:25:23,2025-02-12 13:18:34,2025-02-12 08:25:23,2025-02-12 09:18:34,America/Barbados,53.18,9.98,18.1,28.1,20.4,03c821d6-6274-427c-937a-ad91c6bc020d,MP-025,51210097772981,03c821d6-6274-427c-937a-ad91c6bc020d.1,CCS_2,25.0,79b72a61-f5ca-433f-b824-0c7df1204859,Massy Warrens,Massy Warrens - Massy Stores Supercenter,Warrens,St. Michael,BB,,Massy,578dca79-afd1-4b04-816a-322a7067114b,0e411a7aae18e5bf462136072fec76ab,,,,,,SYSTEM,31.68,BBD,
88c02290-c43d-f660-0de0-43e48720eff8,2025-02-12 13:26:00,2025-02-12 13:44:52,2025-02-12 09:26:00,2025-02-12 09:44:52,America/Barbados,18.87,8.22,3.1,57.1,12.7,03c821d6-6274-427c-937a-ad91c6bc020d,MP-025,51210097772981,03c821d6-6274-427c-937a-ad91c6bc020d.2,CHADEMO,25.0,79b72a61-f5ca-433f-b824-0c7df1204859,Massy Warrens,Massy Warrens - Massy Stores Supercenter,Warrens,St. Michael,BB,,Massy,578dca79-afd1-4b04-816a-322a7067114b,564363f1092f00b6d8b93b0dffe923e8,,,,,ff8272b9-b9c0-4e2c-a725-65cbd037a327,RFID,5.43,BBD,
9fc7f9ad-db6a-6822-75a9-3f0796ddea6a,2025-02-12 19:45:13,2025-02-12 21:06:24,2025-02-12 15:45:13,2025-02-12 17:06:24,America/Barbados,81.18,0.38,38.0,33.8,28.8,03c821d6-6274-427c-937a-ad91c6bc020d,MP-025,51210097772981,03c821d6-6274-427c-937a-ad91c6bc020d.1,CCS_2,25.0,79b72a61-f5ca-433f-b824-0c7df1204859,Massy Warrens,Massy Warrens - Massy Stores Supercenter,Warrens,St. Michael,BB,,Massy,578dca79-afd1-4b04-816a-322a7067114b,35b6f6f99ae2087ef24aff4869dea359,,,,,9210ee0a-d99f-4855-9c03-cdf9ee6fab7d,RFID,66.50,BBD,
bea2fa7e-2e16-bb7c-c013-4c6f75b073f6,2025-02-12 21:21:10,2025-02-12 22:03:37,2025-02-12 17:21:10,2025-02-12 18:03:37,America/Barbados,42.45,9.13,13.7,32.2,17.2,03c821d6-6274-427c-937a-ad91c6bc020d,MP-025,51210097772981,03c821d6-6274-427c-937a-ad91c6bc020d.1,CCS_2,25.0,79b72a61-f5ca-433f-b824-0c7df1204859,Massy Warrens,Massy Warrens - Massy Stores Supercenter,Warrens,St. Michael,BB,,Massy,578dca79-afd1-4b04-816a-322a7067114b,dd4c88acde25753674e21b473fe166ef,,,,,033b321f-9ea1-4604-93a9-0160f0c2ca9c,RFID,23.98,BBD,
2fe58a7f-caaa-96c3-7e6d-de8a5bfb7fa8,2025-02-13 12:51:51,2025-02-13 13:40:10,2025-02-13 08:51:51,2025-02-13 09:40:10,America/Barbados,48.32,0.58,22.7,33.8,28.1,03c821d6-6274-427c-937a-ad91c6bc020d,MP-025,51210097772981,03c821d6-6274-427c-937a-ad91c6bc020d.1,CCS_2,25.0,79b72a61-f5ca-433f-b824-0c7df1204859,Massy Warrens,Massy Warrens - Massy Stores Supercenter,Warrens,St. Michael,BB,,Massy,578dca79-afd1-4b04-816a-322a7067114b,35b6f6f99ae2087ef24aff4869dea359,,,,,9210ee0a-d99f-4855-9c03-cdf9ee6fab7d,RFID,39.73,BBD,
b558e8ce-a395-10fb-72f6-8e64a36788b6,2025-02-13 13:43:20,2025-02-13 14:41:17,2025-02-13 09:43:20,2025-02-13 10:41:17,America/Barbados,57.95,0.00,5.7,0.0,0.0,03c821d6-6274-427c-937a-ad91c6bc020d,MP-025,51210097772981,03c821d6-6274-427c-937a-ad91c6bc020d.2,CHADEMO,25.0,79b72a61-f5ca-433f-b824-0c7df1204859,Massy Warrens,Massy Warrens - Massy Stores Supercenter,Warrens,St. Michael,BB,,Massy,578dca79-afd1-4b04-816a-322a7067114b,564363f1092f00b6d8b93b0dffe923e8,,,,,ff8272b9-b9c0-4e2c-a725-65cbd037a327,RFID,9.98,BBD,
f265ee54-f940-48c8-afba-dede88d66ba6,2025-02-13 20:30:00,2025-02-13 20:28:06,2025-02-13 16:30:00,2025-02-13 16:28:06,America/Barbados,0.00,0.00,0.0,0.0,0.0,03c821d6-6274-427c-937a-ad91c6bc020d,MP-025,51210097772981,03c821d6-6274-427c-937a-ad91c6bc020d.1,CCS_2,25.0,79b72a61-f5ca-433f-b824-0c7df1204859,Massy Warrens,Massy Warrens - Massy Stores Supercenter,Warrens,St. Michael,BB,,Massy,578dca79-afd1-4b04-816a-322a7067114b,0a6fcd83a39e5bf7d37cdb1710049e8a,,,,,aa11d63f-af32-499c-ae20-946a0b57ffdc,RFID,0.00,BBD,
1b519503-f017-4808-b5b2-b25d2209f456,2025-02-13 20:55:04,2025-02-13 20:57:44,2025-02-13 16:55:04,2025-02-13 16:57:44,America/Barbados,2.67,0.00,1.0,23.5,23.5,03c821d6-6274-427c-937a-ad91c6bc020d,MP-025,51210097772981,03c821d6-6274-427c-937a-ad91c6bc020d.1,CCS_2,25.0,79b72a61-f5ca-433f-b824-0c7df1204859,Massy Warrens,Massy Warrens - Massy Stores Supercenter,Warrens,St. Michael,BB,,Massy,578dca79-afd1-4b04-816a-322a7067114b,0a6fcd83a39e5bf7d37cdb1710049e8a,,,,,aa11d63f-af32-499c-ae20-946a0b57ffdc,RFID,1.75,BBD,
841bf77d-c18a-4d04-bc49-97429c9ce80d,2025-02-13 22:55:31,2025-02-13 23:27:18,2025-02-13 18:55:31,2025-02-13 19:27:18,America/Barbados,31.78,21.78,1.9,6.0,6.0,024e77fc-3da1-4e73-930e-b76e45511419,MP-001,M5005918-7,024e77fc-3da1-4e73-930e-b76e45511419.1,TYPE_2,7.4,1977c2c7-cd44-4e6f-a827-370cd9aad5bd,Massy Sunset Crest,"Massy Stores Supercenter, Sunset Crest",Holetown,St James,BB,,Massy,578dca79-afd1-4b04-816a-322a7067114b,768d1282fc5a8c161355988d1098736a,,,,,,SYSTEM,2.85,BBD,
4a386926-2518-49fb-9a8d-a201ab9bb56a,2025-02-14 04:25:59,2025-02-14 05:44:58,2025-02-14 00:25:59,2025-02-14 01:44:58,America/Barbados,78.98,0.87,33.5,28.1,25.5,03c821d6-6274-427c-937a-ad91c6bc020d,MP-025,51210097772981,03c821d6-6274-427c-937a-ad91c6bc020d.1,CCS_2,25.0,79b72a61-f5ca-433f-b824-0c7df1204859,Massy Warrens,Massy Warrens - Massy Stores Supercenter,Warrens,St. Michael,BB,,Massy,578dca79-afd1-4b04-816a-322a7067114b,40a16d94208fdc757cd189b90808792e,,,,,,SYSTEM,58.63,BBD,
7a55b1cb-81d6-42c3-b3cf-08df48e16386,2025-02-14 10:03:54,2025-02-14 10:38:32,2025-02-14 06:03:54,2025-02-14 06:38:32,America/Barbados,34.63,1.13,9.7,28.1,24.2,03c821d6-6274-427c-937a-ad91c6bc020d,MP-025,51210097772981,03c821d6-6274-427c-937a-ad91c6bc020d.1,CCS_2,25.0,79b72a61-f5ca-433f-b824-0c7df1204859,Massy Warrens,Massy Warrens - Massy Stores Supercenter,Warrens,St. Michael,BB,,Massy,578dca79-afd1-4b04-816a-322a7067114b,d453d2a25df7ffae24023c2de6e302c4,,,,,482acb3d-7cac-4bf8-be36-4a082efc95eb,RFID,8.49,BBD,
7030ae6c-3645-4761-b673-0e999bfe9165,2025-02-14 23:46:22,2025-02-15 02:16:25,2025-02-14 19:46:22,2025-02-14 22:16:25,America/Barbados,150.05,80.03,13.9,12.0,7.1,024e77fc-3da1-4e73-930e-b76e45511419,MP-001,M5005918-7,024e77fc-3da1-4e73-930e-b76e45511419.1,TYPE_2,7.4,1977c2c7-cd44-4e6f-a827-370cd9aad5bd,Massy Sunset Crest,"Massy Stores Supercenter, Sunset Crest",Holetown,St James,BB,,Massy,578dca79-afd1-4b04-816a-322a7067114b,e6ccdc78f742c2ebda943c4506b7ab80,,,,,,WEB_APP,20.85,BBD,
d206bb53-5314-4483-86a9-cf61ffe876e3,2025-02-15 16:45:43,2025-02-15 17:52:06,2025-02-15 12:45:43,2025-02-15 13:52:06,America/Barbados,66.38,0.55,35.3,42.4,32.1,03c821d6-6274-427c-937a-ad91c6bc020d,MP-025,51210097772981,03c821d6-6274-427c-937a-ad91c6bc020d.1,CCS_2,25.0,79b72a61-f5ca-433f-b824-0c7df1204859,Massy Warrens,Massy Warrens - Massy Stores Supercenter,Warrens,St. Michael,BB,,Massy,578dca79-afd1-4b04-816a-322a7067114b,fa8ed54a5075005bddc6fcf0ddc4d9b8,,,,,,WEB_APP,61.78,BBD,
ba2299e3-991f-4167-b232-d65f6de6b90f,2025-02-15 19:29:53,2025-02-15 21:02:40,2025-02-15 15:29:53,2025-02-15 17:02:40,America/Barbados,92.78,0.00,38.2,0.0,0.0,03c821d6-6274-427c-937a-ad91c6bc020d,MP-025,51210097772981,03c821d6-6274-427c-937a-ad91c6bc020d.1,CCS_2,25.0,79b72a61-f5ca-433f-b824-0c7df1204859,Massy Warrens,Massy Warrens - Massy Stores Supercenter,Warrens,St. Michael,BB,,Massy,578dca79-afd1-4b04-816a-322a7067114b,5911ffba106a13f8c146db3cc5fdaaf2,,,,,f4154aa6-6205-47f5-bff4-856043d935c8,RFID,66.85,BBD,
ae72740f-5f71-4a6e-a831-eba79b9c3671,2025-02-15 23:09:25,2025-02-15 23:14:13,2025-02-15 19:09:25,2025-02-15 19:14:13,America/Barbados,4.80,3.80,0.0,0.0,0.0,024e77fc-3da1-4e73-930e-b76e45511419,MP-001,M5005918-7,024e77fc-3da1-4e73-930e-b76e45511419.1,TYPE_2,7.4,1977c2c7-cd44-4e6f-a827-370cd9aad5bd,Massy Sunset Crest,"Massy Stores Supercenter, Sunset Crest",Holetown,St James,BB,,Massy,578dca79-afd1-4b04-816a-322a7067114b,e6ccdc78f742c2ebda943c4506b7ab80,,,,,,WEB_APP,0.00,BBD,
fe1ea02a-98b7-479c-a347-90fc3abdd404,2025-02-15 23:19:37,2025-02-16 00:49:46,2025-02-15 19:19:37,2025-02-15 20:49:46,America/Barbados,90.15,35.65,10.8,12.0,7.3,024e77fc-3da1-4e73-930e-b76e45511419,MP-001,M5005918-7,024e77fc-3da1-4e73-930e-b76e45511419.1,TYPE_2,7.4,1977c2c7-cd44-4e6f-a827-370cd9aad5bd,Massy Sunset Crest,"Massy Stores Supercenter, Sunset Crest",Holetown,St James,BB,,Massy,578dca79-afd1-4b04-816a-322a7067114b,e6ccdc78f742c2ebda943c4506b7ab80,,,,,,WEB_APP,16.20,BBD,
37daf3ab-6397-4679-a01a-071830c53099,2025-02-16 01:54:56,2025-02-16 02:11:01,2025-02-15 21:54:56,2025-02-15 22:11:01,America/Barbados,16.09,0.00,6.1,30.0,25.2,03c821d6-6274-427c-937a-ad91c6bc020d,MP-025,51210097772981,03c821d6-6274-427c-937a-ad91c6bc020d.1,CCS_2,25.0,79b72a61-f5ca-433f-b824-0c7df1204859,Massy Warrens,Massy Warrens - Massy Stores Supercenter,Warrens,St. Michael,BB,,Massy,578dca79-afd1-4b04-816a-322a7067114b,dd45ba246b049b48bc5a179f123e9786,,,,,,SYSTEM,10.68,BBD,
e49eb3d9-74f1-4b95-938c-96cf94763d88,2025-02-16 03:10:12,2025-02-16 04:11:39,2025-02-15 23:10:12,2025-02-16 00:11:39,America/Barbados,61.45,1.73,25.9,28.1,25.3,03c821d6-6274-427c-937a-ad91c6bc020d,MP-025,51210097772981,03c821d6-6274-427c-937a-ad91c6bc020d.1,CCS_2,25.0,79b72a61-f5ca-433f-b824-0c7df1204859,Massy Warrens,Massy Warrens - Massy Stores Supercenter,Warrens,St. Michael,BB,,Massy,578dca79-afd1-4b04-816a-322a7067114b,40a16d94208fdc757cd189b90808792e,,,,,,SYSTEM,45.33,BBD,
d989bec8-a45c-4c7e-b52a-11ce3044f55d,2025-02-16 07:30:16,2025-02-16 08:58:55,2025-02-16 03:30:16,2025-02-16 04:58:55,America/Barbados,88.65,11.32,32.6,186.0,24.3,03c821d6-6274-427c-937a-ad91c6bc020d,MP-025,51210097772981,03c821d6-6274-427c-937a-ad91c6bc020d.1,CCS_2,25.0,79b72a61-f5ca-433f-b824-0c7df1204859,Massy Warrens,Massy Warrens - Massy Stores Supercenter,Warrens,St. Michael,BB,,Massy,578dca79-afd1-4b04-816a-322a7067114b,dd4c88acde25753674e21b473fe166ef,,,,,033b321f-9ea1-4604-93a9-0160f0c2ca9c,RFID,57.05,BBD,
3506dc7a-c75b-4ad4-b2f7-c7a355e8accc,2025-02-16 10:59:10,2025-02-16 11:32:21,2025-02-16 06:59:10,2025-02-16 07:32:21,America/Barbados,33.18,0.27,13.9,28.1,25.2,03c821d6-6274-427c-937a-ad91c6bc020d,MP-025,51210097772981,03c821d6-6274-427c-937a-ad91c6bc020d.1,CCS_2,25.0,79b72a61-f5ca-433f-b824-0c7df1204859,Massy Warrens,Massy Warrens - Massy Stores Supercenter,Warrens,St. Michael,BB,,Massy,578dca79-afd1-4b04-816a-322a7067114b,e74d2ff814ba3f55ddbe58946f62c27e,,,,,,SYSTEM,24.33,BBD,
5594d4b0-611d-4154-b921-784c1362dac5,2025-02-16 12:55:42,2025-02-16 15:04:14,2025-02-16 08:55:42,2025-02-16 11:04:14,America/Barbados,128.53,2.13,59.7,33.8,28.0,03c821d6-6274-427c-937a-ad91c6bc020d,MP-025,51210097772981,03c821d6-6274-427c-937a-ad91c6bc020d.1,CCS_2,25.0,79b72a61-f5ca-433f-b824-0c7df1204859,Massy Warrens,Massy Warrens - Massy Stores Supercenter,Warrens,St. Michael,BB,,Massy,578dca79-afd1-4b04-816a-322a7067114b,35b6f6f99ae2087ef24aff4869dea359,,,,,9210ee0a-d99f-4855-9c03-cdf9ee6fab7d,RFID,104.48,BBD,
020d6809-e859-4843-adcc-4822165c3699,2025-02-16 17:18:46,2025-02-16 20:11:06,2025-02-16 13:18:46,2025-02-16 16:11:06,America/Barbados,172.33,19.80,63.2,708.3,26.9,03c821d6-6274-427c-937a-ad91c6bc020d,MP-025,51210097772981,03c821d6-6274-427c-937a-ad91c6bc020d.2,CHADEMO,25.0,79b72a61-f5ca-433f-b824-0c7df1204859,Massy Warrens,Massy Warrens - Massy Stores Supercenter,Warrens,St. Michael,BB,,Massy,578dca79-afd1-4b04-816a-322a7067114b,8f8a1bc53cfa9904f8ceebad0a28992a,,,,,2b43a680-6c0f-4d9c-937d-40d2fa634566,RFID,110.60,BBD,
a064c098-e3f5-4f3e-bc61-83f84c45af26,2025-02-17 00:40:10,2025-02-17 02:23:02,2025-02-16 20:40:10,2025-02-16 22:23:02,America/Barbados,102.87,1.33,45.9,33.8,26.8,03c821d6-6274-427c-937a-ad91c6bc020d,MP-025,51210097772981,03c821d6-6274-427c-937a-ad91c6bc020d.1,CCS_2,25.0,79b72a61-f5ca-433f-b824-0c7df1204859,Massy Warrens,Massy Warrens - Massy Stores Supercenter,Warrens,St. Michael,BB,,Massy,578dca79-afd1-4b04-816a-322a7067114b,a8947df47909a29cbcea48406b5b1f7f,,,,,,SYSTEM,80.33,BBD,
cff8c667-85da-466b-ba3a-e6c0946ed720,2025-02-17 10:34:13,2025-02-17 10:32:00,2025-02-17 06:34:13,2025-02-17 06:32:00,America/Barbados,7.27,0.00,0.1,360.0,360.0,03c821d6-6274-427c-937a-ad91c6bc020d,MP-025,51210097772981,03c821d6-6274-427c-937a-ad91c6bc020d.1,CCS_2,25.0,79b72a61-f5ca-433f-b824-0c7df1204859,Massy Warrens,Massy Warrens - Massy Stores Supercenter,Warrens,St. Michael,BB,,Massy,578dca79-afd1-4b04-816a-322a7067114b,53c3e7f13adc18ac7473c99ec64d56c5,,,,,5b11676b-0383-4ad8-a16f-6da4cd89f3e3,RFID,0.00,BBD,
f8b7065b-1a0f-49b5-be18-1f72f897ea1e,2025-02-17 11:22:49,2025-02-17 11:57:01,2025-02-17 07:22:49,2025-02-17 07:57:01,America/Barbados,34.20,0.62,14.1,3397.7,264.8,03c821d6-6274-427c-937a-ad91c6bc020d,MP-025,51210097772981,03c821d6-6274-427c-937a-ad91c6bc020d.1,CCS_2,25.0,79b72a61-f5ca-433f-b824-0c7df1204859,Massy Warrens,Massy Warrens - Massy Stores Supercenter,Warrens,St. Michael,BB,,Massy,578dca79-afd1-4b04-816a-322a7067114b,53c3e7f13adc18ac7473c99ec64d56c5,,,,,5b11676b-0383-4ad8-a16f-6da4cd89f3e3,RFID,24.68,BBD,
bd8a61a9-81c2-49e4-a449-86663a0517fd,2025-02-17 16:32:20,2025-02-17 17:05:00,2025-02-17 12:32:20,2025-02-17 13:05:00,America/Barbados,32.67,14.80,6.9,28.1,13.0,03c821d6-6274-427c-937a-ad91c6bc020d,MP-025,51210097772981,03c821d6-6274-427c-937a-ad91c6bc020d.1,CCS_2,25.0,79b72a61-f5ca-433f-b824-0c7df1204859,Massy Warrens,Massy Warrens - Massy Stores Supercenter,Warrens,St. Michael,BB,,Massy,578dca79-afd1-4b04-816a-322a7067114b,d453d2a25df7ffae24023c2de6e302c4,,,,,482acb3d-7cac-4bf8-be36-4a082efc95eb,RFID,6.04,BBD,
2efd5362-bf0e-4fef-b00c-9a186e99e80e,2025-02-17 18:48:38,2025-02-17 19:39:03,2025-02-17 14:48:38,2025-02-17 15:39:03,America/Barbados,50.42,9.88,16.8,28.1,20.1,03c821d6-6274-427c-937a-ad91c6bc020d,MP-025,51210097772981,03c821d6-6274-427c-937a-ad91c6bc020d.1,CCS_2,25.0,79b72a61-f5ca-433f-b824-0c7df1204859,Massy Warrens,Massy Warrens - Massy Stores Supercenter,Warrens,St. Michael,BB,,Massy,578dca79-afd1-4b04-816a-322a7067114b,0e411a7aae18e5bf462136072fec76ab,,,,,,SYSTEM,29.40,BBD,
5b407160-e401-4f26-a2cd-855628bd2835,2025-02-18 17:45:03,2025-02-18 17:45:03,2025-02-18 13:45:03,2025-02-18 13:45:03,America/Barbados,0.00,0.00,0.0,0.0,0.0,03c821d6-6274-427c-937a-ad91c6bc020d,MP-025,51210097772981,03c821d6-6274-427c-937a-ad91c6bc020d.1,CCS_2,25.0,79b72a61-f5ca-433f-b824-0c7df1204859,Massy Warrens,Massy Warrens - Massy Stores Supercenter,Warrens,St. Michael,BB,,Massy,578dca79-afd1-4b04-816a-322a7067114b,9524292787ec90c1c0d210497cc1166e,,,,,81c772bc-95b4-494a-b120-9b72e065fadc,RFID,0.00,BBD,
68d1560a-055e-4dff-bf4e-d4abdf636114,2025-02-18 21:21:20,2025-02-18 21:43:33,2025-02-18 17:21:20,2025-02-18 17:43:33,America/Barbados,22.22,0.90,9.3,28.1,25.2,03c821d6-6274-427c-937a-ad91c6bc020d,MP-025,51210097772981,03c821d6-6274-427c-937a-ad91c6bc020d.1,CCS_2,25.0,79b72a61-f5ca-433f-b824-0c7df1204859,Massy Warrens,Massy Warrens - Massy Stores Supercenter,Warrens,St. Michael,BB,,Massy,578dca79-afd1-4b04-816a-322a7067114b,dd4c88acde25753674e21b473fe166ef,,,,,033b321f-9ea1-4604-93a9-0160f0c2ca9c,RFID,16.28,BBD,
f54d90e7-10bd-4973-a388-fd7ed18e6f50,2025-02-19 13:38:30,2025-02-19 15:47:14,2025-02-19 09:38:30,2025-02-19 11:47:14,America/Barbados,128.73,12.47,50.3,33.8,23.8,03c821d6-6274-427c-937a-ad91c6bc020d,MP-025,51210097772981,03c821d6-6274-427c-937a-ad91c6bc020d.1,CCS_2,25.0,79b72a61-f5ca-433f-b824-0c7df1204859,Massy Warrens,Massy Warrens - Massy Stores Supercenter,Warrens,St. Michael,BB,,Massy,578dca79-afd1-4b04-816a-322a7067114b,9a0aa3c4b0310980ab78bd4ad3e6744a,,,,,,SYSTEM,88.03,BBD,
035b4bbd-951f-4e02-abd4-f61babf31632,2025-02-19 17:03:42,2025-02-19 18:46:52,2025-02-19 13:03:42,2025-02-19 14:46:52,America/Barbados,103.17,10.90,40.0,33.8,23.2,03c821d6-6274-427c-937a-ad91c6bc020d,MP-025,51210097772981,03c821d6-6274-427c-937a-ad91c6bc020d.1,CCS_2,25.0,79b72a61-f5ca-433f-b824-0c7df1204859,Massy Warrens,Massy Warrens - Massy Stores Supercenter,Warrens,St. Michael,BB,,Massy,578dca79-afd1-4b04-816a-322a7067114b,f7ac65e5da7507b05bead63326b9ce5c,,,,,,SYSTEM,70.00,BBD,
2b030dff-4c99-439d-956b-6f537ef7e237,2025-02-19 20:15:27,2025-02-19 21:00:42,2025-02-19 16:15:27,2025-02-19 17:00:42,America/Barbados,45.25,1.25,19.1,28.1,25.2,03c821d6-6274-427c-937a-ad91c6bc020d,MP-025,51210097772981,03c821d6-6274-427c-937a-ad91c6bc020d.1,CCS_2,25.0,79b72a61-f5ca-433f-b824-0c7df1204859,Massy Warrens,Massy Warrens - Massy Stores Supercenter,Warrens,St. Michael,BB,,Massy,578dca79-afd1-4b04-816a-322a7067114b,dd45ba246b049b48bc5a179f123e9786,,,,,,SYSTEM,33.43,BBD,
99c5921c-34ef-45ec-b70e-0cd6aeee703e,2025-02-19 23:23:15,2025-02-20 00:25:10,2025-02-19 19:23:15,2025-02-19 20:25:10,America/Barbados,61.92,11.25,21.1,28.1,20.5,03c821d6-6274-427c-937a-ad91c6bc020d,MP-025,51210097772981,03c821d6-6274-427c-937a-ad91c6bc020d.1,CCS_2,25.0,79b72a61-f5ca-433f-b824-0c7df1204859,Massy Warrens,Massy Warrens - Massy Stores Supercenter,Warrens,St. Michael,BB,,Massy,578dca79-afd1-4b04-816a-322a7067114b,0e411a7aae18e5bf462136072fec76ab,,,,,,SYSTEM,36.93,BBD,
0a296079-b296-425d-b224-76cf64f16c7f,2025-02-20 03:10:07,2025-02-20 03:10:07,2025-02-19 23:10:07,2025-02-19 23:10:07,America/Barbados,0.00,0.00,0.0,0.0,0.0,03c821d6-6274-427c-937a-ad91c6bc020d,MP-025,51210097772981,03c821d6-6274-427c-937a-ad91c6bc020d.2,CHADEMO,25.0,79b72a61-f5ca-433f-b824-0c7df1204859,Massy Warrens,Massy Warrens - Massy Stores Supercenter,Warrens,St. Michael,BB,,Massy,578dca79-afd1-4b04-816a-322a7067114b,564363f1092f00b6d8b93b0dffe923e8,,,,,ff8272b9-b9c0-4e2c-a725-65cbd037a327,RFID,0.00,BBD,
d8d7499a-bdcf-4ee0-b38a-f2b2cdc5bef8,2025-02-20 09:27:35,2025-02-20 10:40:15,2025-02-20 05:27:35,2025-02-20 06:40:15,America/Barbados,72.67,1.07,30.7,28.1,25.4,03c821d6-6274-427c-937a-ad91c6bc020d,MP-025,51210097772981,03c821d6-6274-427c-937a-ad91c6bc020d.1,CCS_2,25.0,79b72a61-f5ca-433f-b824-0c7df1204859,Massy Warrens,Massy Warrens - Massy Stores Supercenter,Warrens,St. Michael,BB,,Massy,578dca79-afd1-4b04-816a-322a7067114b,e74d2ff814ba3f55ddbe58946f62c27e,,,,,,SYSTEM,53.73,BBD,
11dec00a-4f7c-469c-b8c7-4ca644fc9fbb,2025-02-20 12:01:58,2025-02-20 13:08:29,2025-02-20 08:01:58,2025-02-20 09:08:29,America/Barbados,66.52,0.00,7.7,12.0,7.1,8d27dae5-8d1f-48d0-bfe1-8875d5d568a5,MP-0079,M5012464-2,8d27dae5-8d1f-48d0-bfe1-8875d5d568a5.2,TYPE_2,22.0,1977c2c7-cd44-4e6f-a827-370cd9aad5bd,Massy Sunset Crest,"Massy Stores Supercenter, Sunset Crest",Holetown,St James,BB,,Massy,578dca79-afd1-4b04-816a-322a7067114b,67555a4166f2ba1595a1f05f149cc76f,,,,,,SYSTEM,11.55,BBD,
95d0c262-79a2-41af-87ce-545c0e74db8f,2025-02-20 13:15:43,2025-02-20 14:59:44,2025-02-20 09:15:43,2025-02-20 10:59:44,America/Barbados,104.02,5.08,46.8,33.8,26.9,03c821d6-6274-427c-937a-ad91c6bc020d,MP-025,51210097772981,03c821d6-6274-427c-937a-ad91c6bc020d.1,CCS_2,25.0,79b72a61-f5ca-433f-b824-0c7df1204859,Massy Warrens,Massy Warrens - Massy Stores Supercenter,Warrens,St. Michael,BB,,Massy,578dca79-afd1-4b04-816a-322a7067114b,d01f8298c4aa0be4b825cec87e3512c6,,,,,7c802f13-3acc-4c06-8717-a63c9d015e7e,RFID,81.90,BBD,
3e514e44-c369-49e1-a4d7-8ee7b973e19a,2025-02-20 20:12:15,2025-02-20 20:50:57,2025-02-20 16:12:15,2025-02-20 16:50:57,America/Barbados,38.70,0.00,16.4,0.0,0.0,03c821d6-6274-427c-937a-ad91c6bc020d,MP-025,51210097772981,03c821d6-6274-427c-937a-ad91c6bc020d.1,CCS_2,25.0,79b72a61-f5ca-433f-b824-0c7df1204859,Massy Warrens,Massy Warrens - Massy Stores Supercenter,Warrens,St. Michael,BB,,Massy,578dca79-afd1-4b04-816a-322a7067114b,dd4c88acde25753674e21b473fe166ef,,,,,033b321f-9ea1-4604-93a9-0160f0c2ca9c,RFID,28.70,BBD,
8462e2d8-a8f0-4f6a-a2cc-362f795707f8,2025-02-20 20:52:52,2025-02-20 20:52:52,2025-02-20 16:52:52,2025-02-20 16:52:52,America/Barbados,0.00,0.00,0.0,0.0,0.0,03c821d6-6274-427c-937a-ad91c6bc020d,MP-025,51210097772981,03c821d6-6274-427c-937a-ad91c6bc020d.1,CCS_2,25.0,79b72a61-f5ca-433f-b824-0c7df1204859,Massy Warrens,Massy Warrens - Massy Stores Supercenter,Warrens,St. Michael,BB,,Massy,578dca79-afd1-4b04-816a-322a7067114b,dd4c88acde25753674e21b473fe166ef,,,,,033b321f-9ea1-4604-93a9-0160f0c2ca9c,RFID,0.00,BBD,
65622a22-e63c-4a3f-87a4-66cec1e02df2,2025-02-21 01:26:05,2025-02-21 02:24:45,2025-02-20 21:26:05,2025-02-20 22:24:45,America/Barbados,58.67,1.07,25.6,30.0,26.2,03c821d6-6274-427c-937a-ad91c6bc020d,MP-025,51210097772981,03c821d6-6274-427c-937a-ad91c6bc020d.1,CCS_2,25.0,79b72a61-f5ca-433f-b824-0c7df1204859,Massy Warrens,Massy Warrens - Massy Stores Supercenter,Warrens,St. Michael,BB,,Massy,578dca79-afd1-4b04-816a-322a7067114b,ec996d92891b1482b0d64080e851031f,,,,,,SYSTEM,44.80,BBD,
e5b5540c-d6ad-4428-94a2-6cc74408dc36,2025-02-21 03:30:55,2025-02-21 04:50:12,2025-02-20 23:30:55,2025-02-21 00:50:12,America/Barbados,79.28,2.23,33.5,28.1,25.3,03c821d6-6274-427c-937a-ad91c6bc020d,MP-025,51210097772981,03c821d6-6274-427c-937a-ad91c6bc020d.1,CCS_2,25.0,79b72a61-f5ca-433f-b824-0c7df1204859,Massy Warrens,Massy Warrens - Massy Stores Supercenter,Warrens,St. Michael,BB,,Massy,578dca79-afd1-4b04-816a-322a7067114b,40a16d94208fdc757cd189b90808792e,,,,,,SYSTEM,58.63,BBD,
145af814-059f-4dbd-a0b4-b01529afe8a2,2025-02-21 12:08:00,2025-02-21 12:50:55,2025-02-21 08:08:00,2025-02-21 08:50:55,America/Barbados,42.92,5.85,17.4,33.8,24.3,03c821d6-6274-427c-937a-ad91c6bc020d,MP-025,51210097772981,03c821d6-6274-427c-937a-ad91c6bc020d.1,CCS_2,25.0,79b72a61-f5ca-433f-b824-0c7df1204859,Massy Warrens,Massy Warrens - Massy Stores Supercenter,Warrens,St. Michael,BB,,Massy,578dca79-afd1-4b04-816a-322a7067114b,d01f8298c4aa0be4b825cec87e3512c6,,,,,7c802f13-3acc-4c06-8717-a63c9d015e7e,RFID,30.45,BBD,
80e4d799-2d38-4467-b3e4-5b0963747ec4,2025-02-21 16:00:20,2025-02-21 16:50:32,2025-02-21 12:00:20,2025-02-21 12:50:32,America/Barbados,50.20,1.13,23.2,204.0,32.4,03c821d6-6274-427c-937a-ad91c6bc020d,MP-025,51210097772981,03c821d6-6274-427c-937a-ad91c6bc020d.1,CCS_2,25.0,79b72a61-f5ca-433f-b824-0c7df1204859,Massy Warrens,Massy Warrens - Massy Stores Supercenter,Warrens,St. Michael,BB,,Massy,578dca79-afd1-4b04-816a-322a7067114b,de496c2b0c06805735691033fa5f0366,,,,,e715b9b6-3de2-40c3-a7c0-640d32220c5d,RFID,40.60,BBD,
fae96777-f874-475c-a8ad-7e360f291311,2025-02-21 13:53:58,2025-02-21 13:53:58,2025-02-21 09:53:58,2025-02-21 09:53:58,America/Barbados,0.00,0.00,0.0,0.0,0.0,03c821d6-6274-427c-937a-ad91c6bc020d,MP-025,51210097772981,03c821d6-6274-427c-937a-ad91c6bc020d.2,CHADEMO,25.0,79b72a61-f5ca-433f-b824-0c7df1204859,Massy Warrens,Massy Warrens - Massy Stores Supercenter,Warrens,St. Michael,BB,,Massy,578dca79-afd1-4b04-816a-322a7067114b,564363f1092f00b6d8b93b0dffe923e8,,,,,ff8272b9-b9c0-4e2c-a725-65cbd037a327,RFID,0.00,BBD,
22b452ee-671d-42d7-8ed3-e80e2f6c3c92,2025-02-21 19:02:32,2025-02-21 19:33:19,2025-02-21 15:02:32,2025-02-21 15:33:19,America/Barbados,30.78,0.80,2.9,8.0,5.8,8d27dae5-8d1f-48d0-bfe1-8875d5d568a5,MP-0079,M5012464-2,8d27dae5-8d1f-48d0-bfe1-8875d5d568a5.1,TYPE_2,22.0,1977c2c7-cd44-4e6f-a827-370cd9aad5bd,Massy Sunset Crest,"Massy Stores Supercenter, Sunset Crest",Holetown,St James,BB,,Massy,578dca79-afd1-4b04-816a-322a7067114b,73377daa2d3cb958aba04972d63a52fc,,,,,9a917c39-cf45-4235-9958-95e65b3c3c5f,RFID,4.35,BBD,
13dd875c-1ef4-428c-a613-39e737a66caf,2025-02-21 21:40:36,2025-02-21 22:32:21,2025-02-21 17:40:36,2025-02-21 18:32:21,America/Barbados,51.75,0.00,0.4,0.0,0.0,03c821d6-6274-427c-937a-ad91c6bc020d,MP-025,51210097772981,03c821d6-6274-427c-937a-ad91c6bc020d.1,CCS_2,25.0,79b72a61-f5ca-433f-b824-0c7df1204859,Massy Warrens,Massy Warrens - Massy Stores Supercenter,Warrens,St. Michael,BB,,Massy,578dca79-afd1-4b04-816a-322a7067114b,dd4c88acde25753674e21b473fe166ef,,,,,033b321f-9ea1-4604-93a9-0160f0c2ca9c,RFID,0.70,BBD,
def76227-a915-47a4-a8a8-3d2dc34a07b2,2025-02-22 04:04:34,2025-02-22 04:04:34,2025-02-22 00:04:34,2025-02-22 00:04:34,America/Barbados,0.00,0.00,0.0,0.0,0.0,03c821d6-6274-427c-937a-ad91c6bc020d,MP-025,51210097772981,03c821d6-6274-427c-937a-ad91c6bc020d.2,CHADEMO,25.0,79b72a61-f5ca-433f-b824-0c7df1204859,Massy Warrens,Massy Warrens - Massy Stores Supercenter,Warrens,St. Michael,BB,,Massy,578dca79-afd1-4b04-816a-322a7067114b,564363f1092f00b6d8b93b0dffe923e8,,,,,ff8272b9-b9c0-4e2c-a725-65cbd037a327,RFID,0.00,BBD,
42afd298-eefa-4f13-87fe-e6b39b290739,2025-02-22 23:49:04,2025-02-23 00:55:31,2025-02-22 19:49:04,2025-02-22 20:55:31,America/Barbados,66.45,0.87,27.8,28.1,24.9,03c821d6-6274-427c-937a-ad91c6bc020d,MP-025,51210097772981,03c821d6-6274-427c-937a-ad91c6bc020d.1,CCS_2,25.0,79b72a61-f5ca-433f-b824-0c7df1204859,Massy Warrens,Massy Warrens - Massy Stores Supercenter,Warrens,St. Michael,BB,,Massy,578dca79-afd1-4b04-816a-322a7067114b,53c3e7f13adc18ac7473c99ec64d56c5,,,,,5b11676b-0383-4ad8-a16f-6da4cd89f3e3,RFID,48.65,BBD,
c94125b7-4757-4214-bac5-b4a708eef706,2025-02-23 14:56:19,2025-02-23 14:56:24,2025-02-23 10:56:19,2025-02-23 10:56:24,America/Barbados,0.08,0.00,0.0,0.0,0.0,03c821d6-6274-427c-937a-ad91c6bc020d,MP-025,51210097772981,03c821d6-6274-427c-937a-ad91c6bc020d.1,CCS_2,25.0,79b72a61-f5ca-433f-b824-0c7df1204859,Massy Warrens,Massy Warrens - Massy Stores Supercenter,Warrens,St. Michael,BB,,Massy,578dca79-afd1-4b04-816a-322a7067114b,e74d2ff814ba3f55ddbe58946f62c27e,,,,,,SYSTEM,0.00,BBD,
29b2ddb4-b4e1-43b8-bd25-93c889e2fff6,2025-02-23 14:57:47,2025-02-23 15:54:57,2025-02-23 10:57:47,2025-02-23 11:54:57,America/Barbados,57.17,2.13,23.8,28.1,25.0,03c821d6-6274-427c-937a-ad91c6bc020d,MP-025,51210097772981,03c821d6-6274-427c-937a-ad91c6bc020d.1,CCS_2,25.0,79b72a61-f5ca-433f-b824-0c7df1204859,Massy Warrens,Massy Warrens - Massy Stores Supercenter,Warrens,St. Michael,BB,,Massy,578dca79-afd1-4b04-816a-322a7067114b,e74d2ff814ba3f55ddbe58946f62c27e,,,,,,SYSTEM,41.65,BBD,
bddce3d6-fa0b-42c0-81cc-e38c1e03e8d0,2025-02-23 19:00:21,2025-02-23 19:30:48,2025-02-23 15:00:21,2025-02-23 15:30:48,America/Barbados,30.45,17.33,4.9,22.5,11.3,03c821d6-6274-427c-937a-ad91c6bc020d,MP-025,51210097772981,03c821d6-6274-427c-937a-ad91c6bc020d.2,CHADEMO,25.0,79b72a61-f5ca-433f-b824-0c7df1204859,Massy Warrens,Massy Warrens - Massy Stores Supercenter,Warrens,St. Michael,BB,,Massy,578dca79-afd1-4b04-816a-322a7067114b,cd2bba1eca5faa93049b52161905acf8,,,,,,WEB_APP,8.58,BBD,
ae7c3bc6-5a43-4208-8d01-b5b4aacab4b2,2025-02-23 22:43:28,2025-02-23 22:51:38,2025-02-23 18:43:28,2025-02-23 18:51:38,America/Barbados,8.17,0.00,3.4,34.3,25.6,03c821d6-6274-427c-937a-ad91c6bc020d,MP-025,51210097772981,03c821d6-6274-427c-937a-ad91c6bc020d.1,CCS_2,25.0,79b72a61-f5ca-433f-b824-0c7df1204859,Massy Warrens,Massy Warrens - Massy Stores Supercenter,Warrens,St. Michael,BB,,Massy,578dca79-afd1-4b04-816a-322a7067114b,94e8e4b0eb0aa7255b881fdb54a13cf1,,,,,9bd6a29a-01fe-4dae-8c38-5975195efc91,RFID,5.95,BBD,
a8e7917d-d382-43c8-9188-2b04455e45ec,2025-02-24 22:12:00,2025-02-24 22:12:00,2025-02-24 18:12:00,2025-02-24 18:12:00,America/Barbados,0.00,0.00,0.0,0.0,0.0,03c821d6-6274-427c-937a-ad91c6bc020d,MP-025,51210097772981,03c821d6-6274-427c-937a-ad91c6bc020d.2,CHADEMO,25.0,79b72a61-f5ca-433f-b824-0c7df1204859,Massy Warrens,Massy Warrens - Massy Stores Supercenter,Warrens,St. Michael,BB,,Massy,578dca79-afd1-4b04-816a-322a7067114b,8f8a1bc53cfa9904f8ceebad0a28992a,,,,,2b43a680-6c0f-4d9c-937d-40d2fa634566,RFID,0.00,BBD,
7ba535f6-7824-44ff-818c-2f72b358e77a,2025-02-25 00:41:11,2025-02-25 00:41:16,2025-02-24 20:41:11,2025-02-24 20:41:16,America/Barbados,0.08,0.00,0.0,0.0,0.0,03c821d6-6274-427c-937a-ad91c6bc020d,MP-025,51210097772981,03c821d6-6274-427c-937a-ad91c6bc020d.1,CCS_2,25.0,79b72a61-f5ca-433f-b824-0c7df1204859,Massy Warrens,Massy Warrens - Massy Stores Supercenter,Warrens,St. Michael,BB,,Massy,578dca79-afd1-4b04-816a-322a7067114b,96756ab37e3784178309d23f02b25f11,,,,,0fe6a55e-bc39-4ad9-ba7b-ce0c96ea0fdf,RFID,0.00,BBD,
3386fe3e-e6f9-47c3-910e-7fc9ff0b6c75,2025-02-25 00:43:34,2025-02-25 00:43:34,2025-02-24 20:43:34,2025-02-24 20:43:34,America/Barbados,0.00,0.00,0.0,0.0,0.0,03c821d6-6274-427c-937a-ad91c6bc020d,MP-025,51210097772981,03c821d6-6274-427c-937a-ad91c6bc020d.1,CCS_2,25.0,79b72a61-f5ca-433f-b824-0c7df1204859,Massy Warrens,Massy Warrens - Massy Stores Supercenter,Warrens,St. Michael,BB,,Massy,578dca79-afd1-4b04-816a-322a7067114b,96756ab37e3784178309d23f02b25f11,,,,,0fe6a55e-bc39-4ad9-ba7b-ce0c96ea0fdf,RFID,0.00,BBD,
aa1bfd34-cda9-419b-bb49-26d67ba9acb5,2025-02-25 21:44:49,2025-02-25 21:44:57,2025-02-25 17:44:49,2025-02-25 17:44:57,America/Barbados,0.13,0.00,0.0,0.0,0.0,8d27dae5-8d1f-48d0-bfe1-8875d5d568a5,MP-0079,M5012464-2,8d27dae5-8d1f-48d0-bfe1-8875d5d568a5.2,TYPE_2,22.0,1977c2c7-cd44-4e6f-a827-370cd9aad5bd,Massy Sunset Crest,"Massy Stores Supercenter, Sunset Crest",Holetown,St James,BB,,Massy,578dca79-afd1-4b04-816a-322a7067114b,8b3284118e704bfe3e13cda7a98798a8,,,,,2ed114ba-a745-45a3-8dcd-a088d7b6a0af,RFID,0.00,BBD,
268f2f6d-f772-4d74-b6e7-c2d90e0cf7d6,2025-02-25 22:04:30,2025-02-25 23:01:36,2025-02-25 18:04:30,2025-02-25 19:01:36,America/Barbados,57.10,1.65,23.4,29.6,24.8,03c821d6-6274-427c-937a-ad91c6bc020d,MP-025,51210097772981,03c821d6-6274-427c-937a-ad91c6bc020d.1,CCS_2,25.0,79b72a61-f5ca-433f-b824-0c7df1204859,Massy Warrens,Massy Warrens - Massy Stores Supercenter,Warrens,St. Michael,BB,,Massy,578dca79-afd1-4b04-816a-322a7067114b,53c3e7f13adc18ac7473c99ec64d56c5,,,,,5b11676b-0383-4ad8-a16f-6da4cd89f3e3,RFID,40.95,BBD,
4a535ee2-fc49-4f85-85aa-6749ddda3f68,2025-02-25 21:45:29,2025-02-25 23:33:22,2025-02-25 17:45:29,2025-02-25 19:33:22,America/Barbados,107.88,56.88,6.2,8.4,7.3,8d27dae5-8d1f-48d0-bfe1-8875d5d568a5,MP-0079,M5012464-2,8d27dae5-8d1f-48d0-bfe1-8875d5d568a5.2,TYPE_2,22.0,1977c2c7-cd44-4e6f-a827-370cd9aad5bd,Massy Sunset Crest,"Massy Stores Supercenter, Sunset Crest",Holetown,St James,BB,,Massy,578dca79-afd1-4b04-816a-322a7067114b,8b3284118e704bfe3e13cda7a98798a8,,,,,2ed114ba-a745-45a3-8dcd-a088d7b6a0af,RFID,9.30,BBD,
c3131127-932b-42de-8c30-c6d74ffca419,2025-02-26 00:31:30,2025-02-26 01:58:16,2025-02-25 20:31:30,2025-02-25 21:58:16,America/Barbados,86.77,1.87,40.9,51.4,28.6,03c821d6-6274-427c-937a-ad91c6bc020d,MP-025,51210097772981,03c821d6-6274-427c-937a-ad91c6bc020d.1,CCS_2,25.0,79b72a61-f5ca-433f-b824-0c7df1204859,Massy Warrens,Massy Warrens - Massy Stores Supercenter,Warrens,St. Michael,BB,,Massy,578dca79-afd1-4b04-816a-322a7067114b,35b6f6f99ae2087ef24aff4869dea359,,,,,9210ee0a-d99f-4855-9c03-cdf9ee6fab7d,RFID,71.58,BBD,
7633099b-748d-4b18-adcc-9a1caf2418ff,2025-02-26 02:31:46,2025-02-26 03:23:17,2025-02-25 22:31:46,2025-02-25 23:23:17,America/Barbados,51.52,1.12,21.7,28.1,25.2,03c821d6-6274-427c-937a-ad91c6bc020d,MP-025,51210097772981,03c821d6-6274-427c-937a-ad91c6bc020d.1,CCS_2,25.0,79b72a61-f5ca-433f-b824-0c7df1204859,Massy Warrens,Massy Warrens - Massy Stores Supercenter,Warrens,St. Michael,BB,,Massy,578dca79-afd1-4b04-816a-322a7067114b,40a16d94208fdc757cd189b90808792e,,,,,,SYSTEM,37.98,BBD,
4f1f014c-0489-432e-81d8-26d6b44bb8e7,2025-02-26 11:34:55,2025-02-26 12:34:09,2025-02-26 07:34:55,2025-02-26 08:34:09,America/Barbados,59.23,0.00,3.4,4.0,3.4,8d27dae5-8d1f-48d0-bfe1-8875d5d568a5,MP-0079,M5012464-2,8d27dae5-8d1f-48d0-bfe1-8875d5d568a5.1,TYPE_2,22.0,1977c2c7-cd44-4e6f-a827-370cd9aad5bd,Massy Sunset Crest,"Massy Stores Supercenter, Sunset Crest",Holetown,St James,BB,,Massy,578dca79-afd1-4b04-816a-322a7067114b,39bdd057540638ed40fc8ba9f292ca73,,,,,,SYSTEM,5.10,BBD,
81ba91bd-0178-4c83-bbbf-e4af04d4f1e6,2025-02-26 15:26:22,2025-02-26 16:57:41,2025-02-26 11:26:22,2025-02-26 12:57:41,America/Barbados,91.32,7.05,36.7,33.8,24.1,03c821d6-6274-427c-937a-ad91c6bc020d,MP-025,51210097772981,03c821d6-6274-427c-937a-ad91c6bc020d.1,CCS_2,25.0,79b72a61-f5ca-433f-b824-0c7df1204859,Massy Warrens,Massy Warrens - Massy Stores Supercenter,Warrens,St. Michael,BB,,Massy,578dca79-afd1-4b04-816a-322a7067114b,f7ac65e5da7507b05bead63326b9ce5c,,,,,,SYSTEM,64.23,BBD,
fee55239-410f-47aa-9b96-8cd7dae214c2,2025-02-26 20:09:04,2025-02-26 21:58:23,2025-02-26 16:09:04,2025-02-26 17:58:23,America/Barbados,109.32,3.73,45.3,28.1,24.8,03c821d6-6274-427c-937a-ad91c6bc020d,MP-025,51210097772981,03c821d6-6274-427c-937a-ad91c6bc020d.1,CCS_2,25.0,79b72a61-f5ca-433f-b824-0c7df1204859,Massy Warrens,Massy Warrens - Massy Stores Supercenter,Warrens,St. Michael,BB,,Massy,578dca79-afd1-4b04-816a-322a7067114b,7daacebf9b4ad61d93ad71b9621b0320,,,,,45cae3be-c3ab-416e-bd87-9209a7e62bd3,RFID,79.28,BBD,
22d58e10-887e-4d17-821e-8653ac830544,2025-02-26 23:21:04,2025-02-27 01:06:12,2025-02-26 19:21:04,2025-02-26 21:06:12,America/Barbados,105.13,9.40,40.5,170.0,24.9,03c821d6-6274-427c-937a-ad91c6bc020d,MP-025,51210097772981,03c821d6-6274-427c-937a-ad91c6bc020d.1,CCS_2,25.0,79b72a61-f5ca-433f-b824-0c7df1204859,Massy Warrens,Massy Warrens - Massy Stores Supercenter,Warrens,St. Michael,BB,,Massy,578dca79-afd1-4b04-816a-322a7067114b,a37650d10cfbec0b3a09686403b781b0,,,,,cd1a6858-23e4-44b4-86ef-6893b5e2c87d,RFID,70.88,BBD,
5d0e1de7-8cd3-470d-9a95-ce77caa98964,2025-02-27 09:16:22,2025-02-27 10:45:02,2025-02-27 05:16:22,2025-02-27 06:45:02,America/Barbados,88.67,11.33,32.2,28.1,21.8,03c821d6-6274-427c-937a-ad91c6bc020d,MP-025,51210097772981,03c821d6-6274-427c-937a-ad91c6bc020d.1,CCS_2,25.0,79b72a61-f5ca-433f-b824-0c7df1204859,Massy Warrens,Massy Warrens - Massy Stores Supercenter,Warrens,St. Michael,BB,,Massy,578dca79-afd1-4b04-816a-322a7067114b,0e411a7aae18e5bf462136072fec76ab,,,,,,SYSTEM,56.35,BBD,
94aad0e1-4873-407c-9eb9-2c4a40ef8745,2025-02-27 17:59:51,2025-02-27 18:15:31,2025-02-27 13:59:51,2025-02-27 14:15:31,America/Barbados,15.67,0.67,0.9,4.0,3.6,8d27dae5-8d1f-48d0-bfe1-8875d5d568a5,MP-0079,M5012464-2,8d27dae5-8d1f-48d0-bfe1-8875d5d568a5.1,TYPE_2,22.0,1977c2c7-cd44-4e6f-a827-370cd9aad5bd,Massy Sunset Crest,"Massy Stores Supercenter, Sunset Crest",Holetown,St James,BB,,Massy,578dca79-afd1-4b04-816a-322a7067114b,39bdd057540638ed40fc8ba9f292ca73,,,,,,SYSTEM,1.35,BBD,
a6bf3eae-39bd-4440-97ce-32b02a2feea5,2025-02-27 18:48:45,2025-02-27 20:01:24,2025-02-27 14:48:45,2025-02-27 16:01:24,America/Barbados,72.65,1.73,30.4,28.1,25.2,03c821d6-6274-427c-937a-ad91c6bc020d,MP-025,51210097772981,03c821d6-6274-427c-937a-ad91c6bc020d.1,CCS_2,25.0,79b72a61-f5ca-433f-b824-0c7df1204859,Massy Warrens,Massy Warrens - Massy Stores Supercenter,Warrens,St. Michael,BB,,Massy,578dca79-afd1-4b04-816a-322a7067114b,e74d2ff814ba3f55ddbe58946f62c27e,,,,,,SYSTEM,53.20,BBD,
fb300354-381e-4877-b639-dbfedd5b24c6,2025-02-27 13:51:52,2025-02-27 13:51:52,2025-02-27 09:51:52,2025-02-27 09:51:52,America/Barbados,0.00,0.00,0.0,0.0,0.0,03c821d6-6274-427c-937a-ad91c6bc020d,MP-025,51210097772981,03c821d6-6274-427c-937a-ad91c6bc020d.2,CHADEMO,25.0,79b72a61-f5ca-433f-b824-0c7df1204859,Massy Warrens,Massy Warrens - Massy Stores Supercenter,Warrens,St. Michael,BB,,Massy,578dca79-afd1-4b04-816a-322a7067114b,564363f1092f00b6d8b93b0dffe923e8,,,,,ff8272b9-b9c0-4e2c-a725-65cbd037a327,RFID,0.00,BBD,
7ccf81a5-6c43-4a06-a6e9-c31cabac7caa,2025-02-28 02:42:09,2025-02-28 05:06:28,2025-02-27 22:42:09,2025-02-28 01:06:28,America/Barbados,144.32,0.63,59.2,33.8,27.9,03c821d6-6274-427c-937a-ad91c6bc020d,MP-025,51210097772981,03c821d6-6274-427c-937a-ad91c6bc020d.1,CCS_2,25.0,79b72a61-f5ca-433f-b824-0c7df1204859,Massy Warrens,Massy Warrens - Massy Stores Supercenter,Warrens,St. Michael,BB,,Massy,578dca79-afd1-4b04-816a-322a7067114b,35b6f6f99ae2087ef24aff4869dea359,,,,,9210ee0a-d99f-4855-9c03-cdf9ee6fab7d,RFID,103.60,BBD,
ed9fdc7b-24bc-40e2-8081-e687517b9acb,2025-02-28 11:00:54,2025-02-28 12:21:27,2025-02-28 07:00:54,2025-02-28 08:21:27,America/Barbados,80.55,4.30,36.2,33.8,27.2,03c821d6-6274-427c-937a-ad91c6bc020d,MP-025,51210097772981,03c821d6-6274-427c-937a-ad91c6bc020d.1,CCS_2,25.0,79b72a61-f5ca-433f-b824-0c7df1204859,Massy Warrens,Massy Warrens - Massy Stores Supercenter,Warrens,St. Michael,BB,,Massy,578dca79-afd1-4b04-816a-322a7067114b,d01f8298c4aa0be4b825cec87e3512c6,,,,,7c802f13-3acc-4c06-8717-a63c9d015e7e,RFID,63.35,BBD,
b7744978-4507-4abb-8a2a-8fd3f43fbc31,2025-02-28 15:23:42,2025-02-28 17:31:11,2025-02-28 11:23:42,2025-02-28 13:31:11,America/Barbados,127.48,12.27,50.2,33.8,23.6,03c821d6-6274-427c-937a-ad91c6bc020d,MP-025,51210097772981,03c821d6-6274-427c-937a-ad91c6bc020d.1,CCS_2,25.0,79b72a61-f5ca-433f-b824-0c7df1204859,Massy Warrens,Massy Warrens - Massy Stores Supercenter,Warrens,St. Michael,BB,,Massy,578dca79-afd1-4b04-816a-322a7067114b,9a0aa3c4b0310980ab78bd4ad3e6744a,,,,,8c7a084b-ebbc-4912-b13b-4783148e94ff,RFID,87.85,BBD,
ce13a656-d4d2-40f5-aeb0-51ff9c710796,2025-02-28 19:00:34,2025-02-28 19:15:02,2025-02-28 15:00:34,2025-02-28 15:15:02,America/Barbados,14.47,0.88,6.0,147.9,39.6,03c821d6-6274-427c-937a-ad91c6bc020d,MP-025,51210097772981,03c821d6-6274-427c-937a-ad91c6bc020d.1,CCS_2,25.0,79b72a61-f5ca-433f-b824-0c7df1204859,Massy Warrens,Massy Warrens - Massy Stores Supercenter,Warrens,St. Michael,BB,,Massy,578dca79-afd1-4b04-816a-322a7067114b,d01f8298c4aa0be4b825cec87e3512c6,,,,,7c802f13-3acc-4c06-8717-a63c9d015e7e,RFID,10.50,BBD,
89095e32-eb2b-49f2-a363-e098f7ff3bbc,2025-03-01 01:42:48,2025-03-01 03:19:17,2025-02-28 21:42:48,2025-02-28 23:19:17,America/Barbados,96.48,2.13,41.9,33.8,26.1,03c821d6-6274-427c-937a-ad91c6bc020d,MP-025,51210097772981,03c821d6-6274-427c-937a-ad91c6bc020d.1,CCS_2,25.0,79b72a61-f5ca-433f-b824-0c7df1204859,Massy Warrens,Massy Warrens - Massy Stores Supercenter,Warrens,St. Michael,BB,,Massy,578dca79-afd1-4b04-816a-322a7067114b,36103e32ca748011fafd0684597de9b8,,,,,,SYSTEM,73.33,BBD,
34e29b10-814f-414e-b26b-0a07f4e43111,2025-03-01 10:40:24,2025-03-01 11:34:11,2025-03-01 06:40:24,2025-03-01 07:34:11,America/Barbados,53.78,1.07,22.7,28.1,25.4,03c821d6-6274-427c-937a-ad91c6bc020d,MP-025,51210097772981,03c821d6-6274-427c-937a-ad91c6bc020d.1,CCS_2,25.0,79b72a61-f5ca-433f-b824-0c7df1204859,Massy Warrens,Massy Warrens - Massy Stores Supercenter,Warrens,St. Michael,BB,,Massy,578dca79-afd1-4b04-816a-322a7067114b,40a16d94208fdc757cd189b90808792e,,,,,,SYSTEM,39.73,BBD,
c7ac815b-dc87-440c-8fb8-8fb3c7ee9ec3,2025-03-01 16:39:22,2025-03-01 17:42:10,2025-03-01 12:39:22,2025-03-01 13:42:10,America/Barbados,62.80,1.47,26.7,28.1,25.5,03c821d6-6274-427c-937a-ad91c6bc020d,MP-025,51210097772981,03c821d6-6274-427c-937a-ad91c6bc020d.1,CCS_2,25.0,79b72a61-f5ca-433f-b824-0c7df1204859,Massy Warrens,Massy Warrens - Massy Stores Supercenter,Warrens,St. Michael,BB,,Massy,578dca79-afd1-4b04-816a-322a7067114b,dd45ba246b049b48bc5a179f123e9786,,,,,,SYSTEM,46.73,BBD,
22261010-fd33-4262-bbe1-82194858a5fb,2025-03-01 17:50:27,2025-03-01 18:59:09,2025-03-01 13:50:27,2025-03-01 14:59:09,America/Barbados,68.70,1.60,28.7,28.1,25.1,03c821d6-6274-427c-937a-ad91c6bc020d,MP-025,51210097772981,03c821d6-6274-427c-937a-ad91c6bc020d.1,CCS_2,25.0,79b72a61-f5ca-433f-b824-0c7df1204859,Massy Warrens,Massy Warrens - Massy Stores Supercenter,Warrens,St. Michael,BB,,Massy,578dca79-afd1-4b04-816a-322a7067114b,e74d2ff814ba3f55ddbe58946f62c27e,,,,,,SYSTEM,50.23,BBD,
fcc8f101-7221-43da-809a-b1664bec96a5,2025-03-01 23:20:31,2025-03-01 20:24:44,2025-03-01 19:20:31,2025-03-01 16:24:44,America/Barbados,0.00,0.00,0.0,0.0,0.0,03c821d6-6274-427c-937a-ad91c6bc020d,MP-025,51210097772981,03c821d6-6274-427c-937a-ad91c6bc020d.1,CCS_2,25.0,79b72a61-f5ca-433f-b824-0c7df1204859,Massy Warrens,Massy Warrens - Massy Stores Supercenter,Warrens,St. Michael,BB,,Massy,578dca79-afd1-4b04-816a-322a7067114b,033047ab5a40bfd2d0d1a39ccc476e1f,,,,,94698601-e207-4baf-81c0-bfc5a783e0d7,RFID,0.00,BBD,
701c7e26-d856-4361-8604-65eb505744fc,2025-03-02 00:18:07,2025-03-02 00:52:39,2025-03-01 20:18:07,2025-03-01 20:52:39,America/Barbados,34.53,0.15,14.5,28.1,25.2,03c821d6-6274-427c-937a-ad91c6bc020d,MP-025,51210097772981,03c821d6-6274-427c-937a-ad91c6bc020d.1,CCS_2,25.0,79b72a61-f5ca-433f-b824-0c7df1204859,Massy Warrens,Massy Warrens - Massy Stores Supercenter,Warrens,St. Michael,BB,,Massy,578dca79-afd1-4b04-816a-322a7067114b,5911ffba106a13f8c146db3cc5fdaaf2,,,,,f4154aa6-6205-47f5-bff4-856043d935c8,RFID,25.38,BBD,
5ec97ad8-6399-4d10-9625-82b76c88286c,2025-03-02 04:12:09,2025-03-02 05:36:37,2025-03-02 00:12:09,2025-03-02 01:36:37,America/Barbados,84.47,11.93,30.4,28.1,20.7,03c821d6-6274-427c-937a-ad91c6bc020d,MP-025,51210097772981,03c821d6-6274-427c-937a-ad91c6bc020d.1,CCS_2,25.0,79b72a61-f5ca-433f-b824-0c7df1204859,Massy Warrens,Massy Warrens - Massy Stores Supercenter,Warrens,St. Michael,BB,,Massy,578dca79-afd1-4b04-816a-322a7067114b,dd4c88acde25753674e21b473fe166ef,,,,,033b321f-9ea1-4604-93a9-0160f0c2ca9c,RFID,53.20,BBD,
5eaa2503-a166-4ace-bfcb-8210a5e295db,2025-03-02 11:52:59,2025-03-02 14:45:41,2025-03-02 07:52:59,2025-03-02 10:45:41,America/Barbados,172.70,1.33,79.2,33.8,28.7,03c821d6-6274-427c-937a-ad91c6bc020d,MP-025,51210097772981,03c821d6-6274-427c-937a-ad91c6bc020d.1,CCS_2,25.0,79b72a61-f5ca-433f-b824-0c7df1204859,Massy Warrens,Massy Warrens - Massy Stores Supercenter,Warrens,St. Michael,BB,,Massy,578dca79-afd1-4b04-816a-322a7067114b,35b6f6f99ae2087ef24aff4869dea359,,,,,9210ee0a-d99f-4855-9c03-cdf9ee6fab7d,RFID,138.60,BBD,
a02151c8-1dd3-45a4-a610-21ec7b04211f,2025-03-02 16:55:41,2025-03-02 17:29:17,2025-03-02 12:55:41,2025-03-02 13:29:17,America/Barbados,33.60,1.07,14.3,28.1,25.5,03c821d6-6274-427c-937a-ad91c6bc020d,MP-025,51210097772981,03c821d6-6274-427c-937a-ad91c6bc020d.1,CCS_2,25.0,79b72a61-f5ca-433f-b824-0c7df1204859,Massy Warrens,Massy Warrens - Massy Stores Supercenter,Warrens,St. Michael,BB,,Massy,578dca79-afd1-4b04-816a-322a7067114b,debedfb9eee32cfab0cbf68e58713e64,,,,,,SYSTEM,25.03,BBD,
504fd549-fbd4-40fb-a5d3-91125423c841,2025-03-02 14:08:01,2025-03-02 18:24:25,2025-03-02 10:08:01,2025-03-02 14:24:25,America/Barbados,256.40,1.37,29.3,8.0,6.9,8d27dae5-8d1f-48d0-bfe1-8875d5d568a5,MP-0079,M5012464-2,8d27dae5-8d1f-48d0-bfe1-8875d5d568a5.1,TYPE_2,22.0,1977c2c7-cd44-4e6f-a827-370cd9aad5bd,Massy Sunset Crest,"Massy Stores Supercenter, Sunset Crest",Holetown,St James,BB,,Massy,578dca79-afd1-4b04-816a-322a7067114b,dd45ba246b049b48bc5a179f123e9786,,,,,,SYSTEM,43.95,BBD,
56a367f0-1769-4b7a-b613-6fe7e634e6c6,2025-03-02 18:59:10,2025-03-02 21:00:51,2025-03-02 14:59:10,2025-03-02 17:00:51,America/Barbados,121.68,1.60,49.1,7083.4,140.6,03c821d6-6274-427c-937a-ad91c6bc020d,MP-025,51210097772981,03c821d6-6274-427c-937a-ad91c6bc020d.2,CHADEMO,25.0,79b72a61-f5ca-433f-b824-0c7df1204859,Massy Warrens,Massy Warrens - Massy Stores Supercenter,Warrens,St. Michael,BB,,Massy,578dca79-afd1-4b04-816a-322a7067114b,8f8a1bc53cfa9904f8ceebad0a28992a,,,,,2b43a680-6c0f-4d9c-937d-40d2fa634566,RFID,85.93,BBD,
8010e565-3175-45b2-806e-429ac0a82c80,2025-03-02 22:35:09,2025-03-02 23:58:52,2025-03-02 18:35:09,2025-03-02 19:58:52,America/Barbados,83.72,0.53,36.4,28.1,26.1,03c821d6-6274-427c-937a-ad91c6bc020d,MP-025,51210097772981,03c821d6-6274-427c-937a-ad91c6bc020d.1,CCS_2,25.0,79b72a61-f5ca-433f-b824-0c7df1204859,Massy Warrens,Massy Warrens - Massy Stores Supercenter,Warrens,St. Michael,BB,,Massy,578dca79-afd1-4b04-816a-322a7067114b,eed9d915b485c674b9ba3ac4a20ae0f1,,,,,,SYSTEM,63.70,BBD,
94c58a3b-79f0-4ea0-83a9-8d92a8210178,2025-03-03 03:36:33,2025-03-03 04:15:20,2025-03-02 23:36:33,2025-03-03 00:15:20,America/Barbados,38.78,9.98,11.7,33.8,17.9,03c821d6-6274-427c-937a-ad91c6bc020d,MP-025,51210097772981,03c821d6-6274-427c-937a-ad91c6bc020d.1,CCS_2,25.0,79b72a61-f5ca-433f-b824-0c7df1204859,Massy Warrens,Massy Warrens - Massy Stores Supercenter,Warrens,St. Michael,BB,,Massy,578dca79-afd1-4b04-816a-322a7067114b,dd4c88acde25753674e21b473fe166ef,,,,,033b321f-9ea1-4604-93a9-0160f0c2ca9c,RFID,20.48,BBD,
72e55995-7ba3-4a17-a86d-3614d34ff801,2025-03-03 17:38:19,2025-03-03 18:32:01,2025-03-03 13:38:19,2025-03-03 14:32:01,America/Barbados,53.70,0.63,24.6,33.8,27.4,03c821d6-6274-427c-937a-ad91c6bc020d,MP-025,51210097772981,03c821d6-6274-427c-937a-ad91c6bc020d.1,CCS_2,25.0,79b72a61-f5ca-433f-b824-0c7df1204859,Massy Warrens,Massy Warrens - Massy Stores Supercenter,Warrens,St. Michael,BB,,Massy,578dca79-afd1-4b04-816a-322a7067114b,de496c2b0c06805735691033fa5f0366,,,,,,SYSTEM,43.05,BBD,
e98b5c52-4f12-4358-9196-0bb2814b33c7,2025-03-03 22:33:44,2025-03-03 23:00:40,2025-03-03 18:33:44,2025-03-03 19:00:40,America/Barbados,26.93,0.00,1.6,4.1,3.6,8d27dae5-8d1f-48d0-bfe1-8875d5d568a5,MP-0079,M5012464-2,8d27dae5-8d1f-48d0-bfe1-8875d5d568a5.2,TYPE_2,22.0,1977c2c7-cd44-4e6f-a827-370cd9aad5bd,Massy Sunset Crest,"Massy Stores Supercenter, Sunset Crest",Holetown,St James,BB,,Massy,578dca79-afd1-4b04-816a-322a7067114b,768d1282fc5a8c161355988d1098736a,,,,,,SYSTEM,2.40,BBD,
2c1131b7-e295-450a-aae4-b24a8e25a911,2025-03-04 00:25:28,2025-03-04 03:39:47,2025-03-03 20:25:28,2025-03-03 23:39:47,America/Barbados,194.32,5.27,84.4,28.1,26.1,03c821d6-6274-427c-937a-ad91c6bc020d,MP-025,51210097772981,03c821d6-6274-427c-937a-ad91c6bc020d.1,CCS_2,25.0,79b72a61-f5ca-433f-b824-0c7df1204859,Massy Warrens,Massy Warrens - Massy Stores Supercenter,Warrens,St. Michael,BB,,Massy,578dca79-afd1-4b04-816a-322a7067114b,36103e32ca748011fafd0684597de9b8,,,,,,SYSTEM,147.70,BBD,
5b8f954c-3d0e-4bb8-ac39-f01898aa56c7,2025-03-04 09:21:43,2025-03-04 12:12:01,2025-03-04 05:21:43,2025-03-04 08:12:01,America/Barbados,170.30,0.43,77.9,37.1,28.6,03c821d6-6274-427c-937a-ad91c6bc020d,MP-025,51210097772981,03c821d6-6274-427c-937a-ad91c6bc020d.1,CCS_2,25.0,79b72a61-f5ca-433f-b824-0c7df1204859,Massy Warrens,Massy Warrens - Massy Stores Supercenter,Warrens,St. Michael,BB,,Massy,578dca79-afd1-4b04-816a-322a7067114b,35b6f6f99ae2087ef24aff4869dea359,,,,,9210ee0a-d99f-4855-9c03-cdf9ee6fab7d,RFID,136.33,BBD,
3dcc3573-f92c-4720-8161-b9216589deda,2025-03-04 16:00:01,2025-03-04 17:57:28,2025-03-04 12:00:01,2025-03-04 13:57:28,America/Barbados,117.45,0.00,13.4,13.3,7.0,8d27dae5-8d1f-48d0-bfe1-8875d5d568a5,MP-0079,M5012464-2,8d27dae5-8d1f-48d0-bfe1-8875d5d568a5.1,TYPE_2,22.0,1977c2c7-cd44-4e6f-a827-370cd9aad5bd,Massy Sunset Crest,"Massy Stores Supercenter, Sunset Crest",Holetown,St James,BB,,Massy,578dca79-afd1-4b04-816a-322a7067114b,67555a4166f2ba1595a1f05f149cc76f,,,,,,SYSTEM,20.10,BBD,
a8256b7b-efe7-4ce6-94eb-45e32296fa0a,2025-03-04 18:33:50,2025-03-04 12:48:25,2025-03-04 14:33:50,2025-03-04 08:48:25,America/Barbados,0.00,0.00,0.0,0.0,0.0,03c821d6-6274-427c-937a-ad91c6bc020d,MP-025,51210097772981,03c821d6-6274-427c-937a-ad91c6bc020d.1,CCS_2,25.0,79b72a61-f5ca-433f-b824-0c7df1204859,Massy Warrens,Massy Warrens - Massy Stores Supercenter,Warrens,St. Michael,BB,,Massy,578dca79-afd1-4b04-816a-322a7067114b,649d6c9ddb01688d2d44194335579884,,,,,71d192c3-3670-4b1a-8afb-506a8850b3cd,RFID,0.00,BBD,
dcb5afaf-a678-4b5b-998f-760ed239ca19,2025-03-04 21:33:27,2025-03-04 22:54:14,2025-03-04 17:33:27,2025-03-04 18:54:14,America/Barbados,80.78,0.80,35.2,28.1,26.2,03c821d6-6274-427c-937a-ad91c6bc020d,MP-025,51210097772981,03c821d6-6274-427c-937a-ad91c6bc020d.1,CCS_2,25.0,79b72a61-f5ca-433f-b824-0c7df1204859,Massy Warrens,Massy Warrens - Massy Stores Supercenter,Warrens,St. Michael,BB,,Massy,578dca79-afd1-4b04-816a-322a7067114b,eed9d915b485c674b9ba3ac4a20ae0f1,,,,,,SYSTEM,61.60,BBD,
1bfbe805-c5d9-494d-9f88-2b856df395ee,2025-03-05 01:08:20,2025-03-05 02:55:17,2025-03-04 21:08:20,2025-03-04 22:55:17,America/Barbados,106.95,2.70,49.7,45.0,28.0,03c821d6-6274-427c-937a-ad91c6bc020d,MP-025,51210097772981,03c821d6-6274-427c-937a-ad91c6bc020d.1,CCS_2,25.0,79b72a61-f5ca-433f-b824-0c7df1204859,Massy Warrens,Massy Warrens - Massy Stores Supercenter,Warrens,St. Michael,BB,,Massy,578dca79-afd1-4b04-816a-322a7067114b,de496c2b0c06805735691033fa5f0366,,,,,,SYSTEM,86.98,BBD,
99dac9ee-eb48-45e9-b2e3-bc207f105780,2025-03-05 03:49:38,2025-03-05 05:02:50,2025-03-04 23:49:38,2025-03-05 01:02:50,America/Barbados,73.20,1.33,32.8,35.1,27.0,03c821d6-6274-427c-937a-ad91c6bc020d,MP-025,51210097772981,03c821d6-6274-427c-937a-ad91c6bc020d.1,CCS_2,25.0,79b72a61-f5ca-433f-b824-0c7df1204859,Massy Warrens,Massy Warrens - Massy Stores Supercenter,Warrens,St. Michael,BB,,Massy,578dca79-afd1-4b04-816a-322a7067114b,a8947df47909a29cbcea48406b5b1f7f,,,,,,SYSTEM,57.40,BBD,
094a1992-67a6-415e-98d0-014a3898f44b,2025-03-05 15:02:28,2025-03-05 15:37:35,2025-03-05 11:02:28,2025-03-05 11:37:35,America/Barbados,35.12,0.00,3.8,8.0,6.5,8d27dae5-8d1f-48d0-bfe1-8875d5d568a5,MP-0079,M5012464-2,8d27dae5-8d1f-48d0-bfe1-8875d5d568a5.2,TYPE_2,22.0,1977c2c7-cd44-4e6f-a827-370cd9aad5bd,Massy Sunset Crest,"Massy Stores Supercenter, Sunset Crest",Holetown,St James,BB,,Massy,578dca79-afd1-4b04-816a-322a7067114b,73377daa2d3cb958aba04972d63a52fc,,,,,,SYSTEM,5.70,BBD,
e0acad77-4942-472f-9688-90d9c690d3a7,2025-03-05 17:30:02,2025-03-05 18:38:30,2025-03-05 13:30:02,2025-03-05 14:38:30,America/Barbados,68.47,0.27,29.3,29.5,25.9,03c821d6-6274-427c-937a-ad91c6bc020d,MP-025,51210097772981,03c821d6-6274-427c-937a-ad91c6bc020d.1,CCS_2,25.0,79b72a61-f5ca-433f-b824-0c7df1204859,Massy Warrens,Massy Warrens - Massy Stores Supercenter,Warrens,St. Michael,BB,,Massy,578dca79-afd1-4b04-816a-322a7067114b,9524292787ec90c1c0d210497cc1166e,,,,,81c772bc-95b4-494a-b120-9b72e065fadc,RFID,51.28,BBD,
9a84c6f2-1ee6-4a88-8b67-b19fedddba58,2025-03-05 23:57:53,2025-03-06 01:10:41,2025-03-05 19:57:53,2025-03-05 21:10:41,America/Barbados,72.80,1.07,30.7,28.1,25.3,03c821d6-6274-427c-937a-ad91c6bc020d,MP-025,51210097772981,03c821d6-6274-427c-937a-ad91c6bc020d.1,CCS_2,25.0,79b72a61-f5ca-433f-b824-0c7df1204859,Massy Warrens,Massy Warrens - Massy Stores Supercenter,Warrens,St. Michael,BB,,Massy,578dca79-afd1-4b04-816a-322a7067114b,53c3e7f13adc18ac7473c99ec64d56c5,,,,,5b11676b-0383-4ad8-a16f-6da4cd89f3e3,RFID,53.73,BBD,
056e3124-a8e2-4bbf-b52a-5159a9cda20d,2025-03-06 02:13:08,2025-03-06 02:13:08,2025-03-05 22:13:08,2025-03-05 22:13:08,America/Barbados,0.00,0.00,0.0,0.0,0.0,03c821d6-6274-427c-937a-ad91c6bc020d,MP-025,51210097772981,03c821d6-6274-427c-937a-ad91c6bc020d.2,CHADEMO,25.0,79b72a61-f5ca-433f-b824-0c7df1204859,Massy Warrens,Massy Warrens - Massy Stores Supercenter,Warrens,St. Michael,BB,,Massy,578dca79-afd1-4b04-816a-322a7067114b,564363f1092f00b6d8b93b0dffe923e8,,,,,ff8272b9-b9c0-4e2c-a725-65cbd037a327,RFID,0.00,BBD,
f51c25ae-0bf6-406c-a876-2f25be1d3a3c,2025-03-06 15:01:37,2025-03-06 15:37:17,2025-03-06 11:01:37,2025-03-06 11:37:17,America/Barbados,35.67,1.07,14.7,285.7,36.2,03c821d6-6274-427c-937a-ad91c6bc020d,MP-025,51210097772981,03c821d6-6274-427c-937a-ad91c6bc020d.1,CCS_2,25.0,79b72a61-f5ca-433f-b824-0c7df1204859,Massy Warrens,Massy Warrens - Massy Stores Supercenter,Warrens,St. Michael,BB,,Massy,578dca79-afd1-4b04-816a-322a7067114b,d453d2a25df7ffae24023c2de6e302c4,,,,,482acb3d-7cac-4bf8-be36-4a082efc95eb,RFID,12.86,BBD,
442e1a6d-11eb-4e61-a972-a3f8baceb881,2025-03-06 13:34:38,2025-03-06 13:34:38,2025-03-06 09:34:38,2025-03-06 09:34:38,America/Barbados,0.00,0.00,0.0,0.0,0.0,03c821d6-6274-427c-937a-ad91c6bc020d,MP-025,51210097772981,03c821d6-6274-427c-937a-ad91c6bc020d.2,CHADEMO,25.0,79b72a61-f5ca-433f-b824-0c7df1204859,Massy Warrens,Massy Warrens - Massy Stores Supercenter,Warrens,St. Michael,BB,,Massy,578dca79-afd1-4b04-816a-322a7067114b,564363f1092f00b6d8b93b0dffe923e8,,,,,ff8272b9-b9c0-4e2c-a725-65cbd037a327,RFID,0.00,BBD,
e5c7dfce-25ce-4817-b351-a31ee4bbd4af,2025-03-06 17:19:50,2025-03-06 18:44:15,2025-03-06 13:19:50,2025-03-06 14:44:15,America/Barbados,84.42,1.33,35.9,40.0,25.7,03c821d6-6274-427c-937a-ad91c6bc020d,MP-025,51210097772981,03c821d6-6274-427c-937a-ad91c6bc020d.1,CCS_2,25.0,79b72a61-f5ca-433f-b824-0c7df1204859,Massy Warrens,Massy Warrens - Massy Stores Supercenter,Warrens,St. Michael,BB,,Massy,578dca79-afd1-4b04-816a-322a7067114b,40a16d94208fdc757cd189b90808792e,,,,,,SYSTEM,62.83,BBD,
ef1383eb-656b-4b1b-a762-15750e4bea6e,2025-03-06 20:06:11,2025-03-06 20:06:11,2025-03-06 16:06:11,2025-03-06 16:06:11,America/Barbados,0.00,0.00,0.0,0.0,0.0,03c821d6-6274-427c-937a-ad91c6bc020d,MP-025,51210097772981,03c821d6-6274-427c-937a-ad91c6bc020d.2,CHADEMO,25.0,79b72a61-f5ca-433f-b824-0c7df1204859,Massy Warrens,Massy Warrens - Massy Stores Supercenter,Warrens,St. Michael,BB,,Massy,578dca79-afd1-4b04-816a-322a7067114b,564363f1092f00b6d8b93b0dffe923e8,,,,,ff8272b9-b9c0-4e2c-a725-65cbd037a327,RFID,0.00,BBD,
316bcb48-bdfe-450c-ad30-e2c29059b03d,2025-03-06 23:10:40,2025-03-07 00:48:15,2025-03-06 19:10:40,2025-03-06 20:48:15,America/Barbados,97.58,16.25,34.0,28.1,21.0,03c821d6-6274-427c-937a-ad91c6bc020d,MP-025,51210097772981,03c821d6-6274-427c-937a-ad91c6bc020d.1,CCS_2,25.0,79b72a61-f5ca-433f-b824-0c7df1204859,Massy Warrens,Massy Warrens - Massy Stores Supercenter,Warrens,St. Michael,BB,,Massy,578dca79-afd1-4b04-816a-322a7067114b,649d6c9ddb01688d2d44194335579884,,,,,71d192c3-3670-4b1a-8afb-506a8850b3cd,RFID,59.50,BBD,
cdff44e2-1448-4908-a220-87abb8476c46,2025-03-06 22:48:21,2025-03-07 01:48:57,2025-03-06 18:48:21,2025-03-06 21:48:57,America/Barbados,180.60,0.57,21.1,8.0,7.0,8d27dae5-8d1f-48d0-bfe1-8875d5d568a5,MP-0079,M5012464-2,8d27dae5-8d1f-48d0-bfe1-8875d5d568a5.2,TYPE_2,22.0,1977c2c7-cd44-4e6f-a827-370cd9aad5bd,Massy Sunset Crest,"Massy Stores Supercenter, Sunset Crest",Holetown,St James,BB,,Massy,578dca79-afd1-4b04-816a-322a7067114b,7ab036cc8d9ead0b6219408809788300,,,,,a4659945-cce4-46c9-9400-aed43c0669f2,RFID,31.65,BBD,
cf2838f2-d3f6-47ad-834d-eb9fd60aa621,2025-03-07 09:54:57,2025-03-07 10:52:19,2025-03-07 05:54:57,2025-03-07 06:52:19,America/Barbados,57.37,10.18,19.8,28.1,20.6,03c821d6-6274-427c-937a-ad91c6bc020d,MP-025,51210097772981,03c821d6-6274-427c-937a-ad91c6bc020d.1,CCS_2,25.0,79b72a61-f5ca-433f-b824-0c7df1204859,Massy Warrens,Massy Warrens - Massy Stores Supercenter,Warrens,St. Michael,BB,,Massy,578dca79-afd1-4b04-816a-322a7067114b,0e411a7aae18e5bf462136072fec76ab,,,,,,SYSTEM,34.65,BBD,
a3ccd11e-26e0-4b8a-a6cf-e8f21400b2c7,2025-03-07 12:39:34,2025-03-07 13:43:50,2025-03-07 08:39:34,2025-03-07 09:43:50,America/Barbados,64.27,2.93,26.9,28.1,25.3,03c821d6-6274-427c-937a-ad91c6bc020d,MP-025,51210097772981,03c821d6-6274-427c-937a-ad91c6bc020d.1,CCS_2,25.0,79b72a61-f5ca-433f-b824-0c7df1204859,Massy Warrens,Massy Warrens - Massy Stores Supercenter,Warrens,St. Michael,BB,,Massy,578dca79-afd1-4b04-816a-322a7067114b,e74d2ff814ba3f55ddbe58946f62c27e,,,,,,SYSTEM,47.08,BBD,
b65fc08b-8ba5-4205-97f8-5caa60c81c02,2025-03-07 14:42:31,2025-03-07 15:20:06,2025-03-07 10:42:31,2025-03-07 11:20:06,America/Barbados,37.58,0.00,16.5,28.1,26.3,03c821d6-6274-427c-937a-ad91c6bc020d,MP-025,51210097772981,03c821d6-6274-427c-937a-ad91c6bc020d.1,CCS_2,25.0,79b72a61-f5ca-433f-b824-0c7df1204859,Massy Warrens,Massy Warrens - Massy Stores Supercenter,Warrens,St. Michael,BB,,Massy,578dca79-afd1-4b04-816a-322a7067114b,6ccd1ca21a320b88e81fde50415fc2cf,,,,,,SYSTEM,28.88,BBD,
3f51e943-aa68-4623-bb7b-1802751f0a34,2025-03-07 16:20:01,2025-03-07 16:54:38,2025-03-07 12:20:01,2025-03-07 12:54:38,America/Barbados,34.62,8.77,10.3,28.1,18.2,03c821d6-6274-427c-937a-ad91c6bc020d,MP-025,51210097772981,03c821d6-6274-427c-937a-ad91c6bc020d.1,CCS_2,25.0,79b72a61-f5ca-433f-b824-0c7df1204859,Massy Warrens,Massy Warrens - Massy Stores Supercenter,Warrens,St. Michael,BB,,Massy,578dca79-afd1-4b04-816a-322a7067114b,d453d2a25df7ffae24023c2de6e302c4,,,,,482acb3d-7cac-4bf8-be36-4a082efc95eb,RFID,9.01,BBD,
4a237250-9798-4cdc-92fd-6538ea533ed4,2025-03-07 20:48:05,2025-03-07 23:00:15,2025-03-07 16:48:05,2025-03-07 19:00:15,America/Barbados,132.17,4.72,53.0,28.1,24.1,03c821d6-6274-427c-937a-ad91c6bc020d,MP-025,51210097772981,03c821d6-6274-427c-937a-ad91c6bc020d.2,CHADEMO,25.0,79b72a61-f5ca-433f-b824-0c7df1204859,Massy Warrens,Massy Warrens - Massy Stores Supercenter,Warrens,St. Michael,BB,,Massy,578dca79-afd1-4b04-816a-322a7067114b,8f8a1bc53cfa9904f8ceebad0a28992a,,,,,2b43a680-6c0f-4d9c-937d-40d2fa634566,RFID,92.75,BBD,
77f1fffb-42aa-4d19-99b8-c2fc82836b58,2025-03-08 07:41:48,2025-03-08 09:17:42,2025-03-08 03:41:48,2025-03-08 05:17:42,America/Barbados,95.90,2.05,43.2,350.3,31.8,03c821d6-6274-427c-937a-ad91c6bc020d,MP-025,51210097772981,03c821d6-6274-427c-937a-ad91c6bc020d.1,CCS_2,25.0,79b72a61-f5ca-433f-b824-0c7df1204859,Massy Warrens,Massy Warrens - Massy Stores Supercenter,Warrens,St. Michael,BB,,Massy,578dca79-afd1-4b04-816a-322a7067114b,35b6f6f99ae2087ef24aff4869dea359,,,,,9210ee0a-d99f-4855-9c03-cdf9ee6fab7d,RFID,75.60,BBD,
d89684ca-1601-4d4f-b4fa-f451b2a01b34,2025-03-08 14:26:16,2025-03-08 15:10:55,2025-03-08 10:26:16,2025-03-08 11:10:55,America/Barbados,44.65,0.80,18.6,225.0,31.1,03c821d6-6274-427c-937a-ad91c6bc020d,MP-025,51210097772981,03c821d6-6274-427c-937a-ad91c6bc020d.1,CCS_2,25.0,79b72a61-f5ca-433f-b824-0c7df1204859,Massy Warrens,Massy Warrens - Massy Stores Supercenter,Warrens,St. Michael,BB,,Massy,578dca79-afd1-4b04-816a-322a7067114b,f62ee31cf594fd51d53bbc5d10d441ef,,,,,8a2fcabe-de5c-4e93-8d46-8f1fdc622488,RFID,32.55,BBD,
fd5d98e7-072a-4f36-8723-ad4f8191b791,2025-03-08 18:02:26,2025-03-08 19:16:34,2025-03-08 14:02:26,2025-03-08 15:16:34,America/Barbados,74.13,1.35,31.3,47.0,25.5,03c821d6-6274-427c-937a-ad91c6bc020d,MP-025,51210097772981,03c821d6-6274-427c-937a-ad91c6bc020d.1,CCS_2,25.0,79b72a61-f5ca-433f-b824-0c7df1204859,Massy Warrens,Massy Warrens - Massy Stores Supercenter,Warrens,St. Michael,BB,,Massy,578dca79-afd1-4b04-816a-322a7067114b,7daacebf9b4ad61d93ad71b9621b0320,,,,,45cae3be-c3ab-416e-bd87-9209a7e62bd3,RFID,54.78,BBD,
f9e293aa-7893-425a-a2bd-8063777497ec,2025-03-08 19:37:30,2025-03-08 20:56:23,2025-03-08 15:37:30,2025-03-08 16:56:23,America/Barbados,78.88,1.17,24.4,28.1,25.4,03c821d6-6274-427c-937a-ad91c6bc020d,MP-025,51210097772981,03c821d6-6274-427c-937a-ad91c6bc020d.1,CCS_2,25.0,79b72a61-f5ca-433f-b824-0c7df1204859,Massy Warrens,Massy Warrens - Massy Stores Supercenter,Warrens,St. Michael,BB,,Massy,578dca79-afd1-4b04-816a-322a7067114b,6032e7b2440b744c614de741fb21f71a,,,,,c203abea-8228-4a84-a104-32aa5f90a795,RFID,42.70,BBD,
64410798-49c3-496f-9d97-48cd8333cfb4,2025-03-08 22:23:17,2025-03-08 23:21:47,2025-03-08 18:23:17,2025-03-08 19:21:47,America/Barbados,58.50,0.37,24.7,28.1,25.4,03c821d6-6274-427c-937a-ad91c6bc020d,MP-025,51210097772981,03c821d6-6274-427c-937a-ad91c6bc020d.1,CCS_2,25.0,79b72a61-f5ca-433f-b824-0c7df1204859,Massy Warrens,Massy Warrens - Massy Stores Supercenter,Warrens,St. Michael,BB,,Massy,578dca79-afd1-4b04-816a-322a7067114b,5911ffba106a13f8c146db3cc5fdaaf2,,,,,f4154aa6-6205-47f5-bff4-856043d935c8,RFID,43.23,BBD,
910422fe-ce9e-4002-805e-aa6347ceef55,2025-03-09 16:49:34,2025-03-09 18:03:07,2025-03-09 12:49:34,2025-03-09 14:03:07,America/Barbados,73.55,1.33,32.3,28.6,26.4,03c821d6-6274-427c-937a-ad91c6bc020d,MP-025,51210097772981,03c821d6-6274-427c-937a-ad91c6bc020d.1,CCS_2,25.0,79b72a61-f5ca-433f-b824-0c7df1204859,Massy Warrens,Massy Warrens - Massy Stores Supercenter,Warrens,St. Michael,BB,,Massy,578dca79-afd1-4b04-816a-322a7067114b,dd45ba246b049b48bc5a179f123e9786,,,,,,SYSTEM,56.53,BBD,
a6e81a6e-53bc-40b2-94f9-2888d39c7a82,2025-03-09 19:58:35,2025-03-09 20:12:32,2025-03-09 15:58:35,2025-03-09 16:12:32,America/Barbados,13.95,2.93,4.2,60.0,20.9,03c821d6-6274-427c-937a-ad91c6bc020d,MP-025,51210097772981,03c821d6-6274-427c-937a-ad91c6bc020d.2,CHADEMO,25.0,79b72a61-f5ca-433f-b824-0c7df1204859,Massy Warrens,Massy Warrens - Massy Stores Supercenter,Warrens,St. Michael,BB,,Massy,578dca79-afd1-4b04-816a-322a7067114b,cd2bba1eca5faa93049b52161905acf8,,,,,,WEB_APP,7.35,BBD,
5133defd-ee92-4305-9093-cd85668b87cb,2025-03-10 13:14:33,2025-03-10 13:49:07,2025-03-10 09:14:33,2025-03-10 09:49:07,America/Barbados,34.57,0.80,14.9,28.1,26.0,03c821d6-6274-427c-937a-ad91c6bc020d,MP-025,51210097772981,03c821d6-6274-427c-937a-ad91c6bc020d.1,CCS_2,25.0,79b72a61-f5ca-433f-b824-0c7df1204859,Massy Warrens,Massy Warrens - Massy Stores Supercenter,Warrens,St. Michael,BB,,Massy,578dca79-afd1-4b04-816a-322a7067114b,ec996d92891b1482b0d64080e851031f,,,,,,SYSTEM,26.08,BBD,
165b516d-0ff4-4fe8-9d79-c5a39e0d0de6,2025-03-10 16:17:31,2025-03-10 17:29:55,2025-03-10 12:17:31,2025-03-10 13:29:55,America/Barbados,72.40,0.82,28.7,33.8,27.7,03c821d6-6274-427c-937a-ad91c6bc020d,MP-025,51210097772981,03c821d6-6274-427c-937a-ad91c6bc020d.1,CCS_2,25.0,79b72a61-f5ca-433f-b824-0c7df1204859,Massy Warrens,Massy Warrens - Massy Stores Supercenter,Warrens,St. Michael,BB,,Massy,578dca79-afd1-4b04-816a-322a7067114b,35b6f6f99ae2087ef24aff4869dea359,,,,,9210ee0a-d99f-4855-9c03-cdf9ee6fab7d,RFID,50.23,BBD,
b4857ab0-f8db-47f6-88f7-cec6d809b63c,2025-03-11 01:42:12,2025-03-11 02:55:31,2025-03-10 21:42:12,2025-03-10 22:55:31,America/Barbados,73.32,1.33,31.9,33.8,26.1,03c821d6-6274-427c-937a-ad91c6bc020d,MP-025,51210097772981,03c821d6-6274-427c-937a-ad91c6bc020d.1,CCS_2,25.0,79b72a61-f5ca-433f-b824-0c7df1204859,Massy Warrens,Massy Warrens - Massy Stores Supercenter,Warrens,St. Michael,BB,,Massy,578dca79-afd1-4b04-816a-322a7067114b,dd45ba246b049b48bc5a179f123e9786,,,,,,SYSTEM,55.83,BBD,
0f6ace69-0d6b-4f44-9a1e-5bc6f81126d4,2025-03-12 16:28:11,2025-03-12 17:28:16,2025-03-12 12:28:11,2025-03-12 13:28:16,America/Barbados,60.08,30.48,11.4,28.1,12.1,03c821d6-6274-427c-937a-ad91c6bc020d,MP-025,51210097772981,03c821d6-6274-427c-937a-ad91c6bc020d.2,CHADEMO,25.0,79b72a61-f5ca-433f-b824-0c7df1204859,Massy Warrens,Massy Warrens - Massy Stores Supercenter,Warrens,St. Michael,BB,,Massy,578dca79-afd1-4b04-816a-322a7067114b,6f725c229b9c581039723024a585d767,,,,,66b92776-c6bc-414a-bef1-f2f48b7ee8e5,RFID,19.95,BBD,
471e7497-114c-470e-aeb6-513e0fa7e73f,2025-03-13 00:32:15,2025-03-13 02:58:37,2025-03-12 20:32:15,2025-03-12 22:58:37,America/Barbados,146.37,2.67,66.7,33.8,27.3,03c821d6-6274-427c-937a-ad91c6bc020d,MP-025,51210097772981,03c821d6-6274-427c-937a-ad91c6bc020d.1,CCS_2,25.0,79b72a61-f5ca-433f-b824-0c7df1204859,Massy Warrens,Massy Warrens - Massy Stores Supercenter,Warrens,St. Michael,BB,,Massy,578dca79-afd1-4b04-816a-322a7067114b,35b6f6f99ae2087ef24aff4869dea359,,,,,9210ee0a-d99f-4855-9c03-cdf9ee6fab7d,RFID,116.73,BBD,
5269bb2b-cfaa-4fa0-ace9-c3f74ee57f73,2025-03-13 09:42:25,2025-03-13 10:08:56,2025-03-13 05:42:25,2025-03-13 06:08:56,America/Barbados,26.53,0.27,10.7,28.1,25.4,03c821d6-6274-427c-937a-ad91c6bc020d,MP-025,51210097772981,03c821d6-6274-427c-937a-ad91c6bc020d.1,CCS_2,25.0,79b72a61-f5ca-433f-b824-0c7df1204859,Massy Warrens,Massy Warrens - Massy Stores Supercenter,Warrens,St. Michael,BB,,Massy,578dca79-afd1-4b04-816a-322a7067114b,e74d2ff814ba3f55ddbe58946f62c27e,,,,,,SYSTEM,18.73,BBD,
6d8417df-5c3c-4ade-8e87-55d2b99ee293,2025-03-13 12:28:35,2025-03-13 13:15:43,2025-03-13 08:28:35,2025-03-13 09:15:43,America/Barbados,47.13,1.55,19.8,182.7,29.0,03c821d6-6274-427c-937a-ad91c6bc020d,MP-025,51210097772981,03c821d6-6274-427c-937a-ad91c6bc020d.1,CCS_2,25.0,79b72a61-f5ca-433f-b824-0c7df1204859,Massy Warrens,Massy Warrens - Massy Stores Supercenter,Warrens,St. Michael,BB,,Massy,578dca79-afd1-4b04-816a-322a7067114b,dd4c88acde25753674e21b473fe166ef,,,,,033b321f-9ea1-4604-93a9-0160f0c2ca9c,RFID,34.65,BBD,
8787fd58-9459-4875-bd0a-aee06315fefe,2025-03-13 16:55:17,2025-03-13 17:21:06,2025-03-13 12:55:17,2025-03-13 13:21:06,America/Barbados,25.82,8.77,3.8,11.3,7.0,03c821d6-6274-427c-937a-ad91c6bc020d,MP-025,51210097772981,03c821d6-6274-427c-937a-ad91c6bc020d.2,CHADEMO,25.0,79b72a61-f5ca-433f-b824-0c7df1204859,Massy Warrens,Massy Warrens - Massy Stores Supercenter,Warrens,St. Michael,BB,,Massy,578dca79-afd1-4b04-816a-322a7067114b,564363f1092f00b6d8b93b0dffe923e8,,,,,ff8272b9-b9c0-4e2c-a725-65cbd037a327,RFID,6.65,BBD,
e2d2e6cf-5a58-4d36-9da9-399aea4fa703,2025-03-13 15:25:26,2025-03-13 15:25:26,2025-03-13 11:25:26,2025-03-13 11:25:26,America/Barbados,0.00,0.00,0.0,0.0,0.0,03c821d6-6274-427c-937a-ad91c6bc020d,MP-025,51210097772981,03c821d6-6274-427c-937a-ad91c6bc020d.1,CCS_2,25.0,79b72a61-f5ca-433f-b824-0c7df1204859,Massy Warrens,Massy Warrens - Massy Stores Supercenter,Warrens,St. Michael,BB,,Massy,578dca79-afd1-4b04-816a-322a7067114b,03d1ce26fa49936b6e72eb9eafef6e3f,,,,,97fceca9-6706-421a-89f2-0f307f042c89,RFID,0.00,BBD,
b6c75497-264d-43f3-93f7-92b27d9dec9a,2025-03-14 10:10:42,2025-03-14 10:10:42,2025-03-14 06:10:42,2025-03-14 06:10:42,America/Barbados,0.00,0.00,0.0,0.0,0.0,03c821d6-6274-427c-937a-ad91c6bc020d,MP-025,51210097772981,03c821d6-6274-427c-937a-ad91c6bc020d.1,CCS_2,25.0,79b72a61-f5ca-433f-b824-0c7df1204859,Massy Warrens,Massy Warrens - Massy Stores Supercenter,Warrens,St. Michael,BB,,Massy,578dca79-afd1-4b04-816a-322a7067114b,d453d2a25df7ffae24023c2de6e302c4,,,,,482acb3d-7cac-4bf8-be36-4a082efc95eb,RFID,0.00,BBD,
92cd31fd-9666-41c5-89af-2f40b6b55323,2025-03-14 18:37:32,2025-03-14 18:37:35,2025-03-14 14:37:32,2025-03-14 14:37:35,America/Barbados,0.05,0.00,0.0,0.0,0.0,8d27dae5-8d1f-48d0-bfe1-8875d5d568a5,MP-0079,M5012464-2,8d27dae5-8d1f-48d0-bfe1-8875d5d568a5.2,TYPE_2,22.0,1977c2c7-cd44-4e6f-a827-370cd9aad5bd,Massy Sunset Crest,"Massy Stores Supercenter, Sunset Crest",Holetown,St James,BB,,Massy,578dca79-afd1-4b04-816a-322a7067114b,8b3284118e704bfe3e13cda7a98798a8,,,,,2ed114ba-a745-45a3-8dcd-a088d7b6a0af,RFID,0.00,BBD,
8be73b21-ad74-4e68-ad26-39802d4fe2a6,2025-03-14 18:37:48,2025-03-14 18:41:08,2025-03-14 14:37:48,2025-03-14 14:41:08,America/Barbados,3.33,0.32,0.4,8.0,8.0,8d27dae5-8d1f-48d0-bfe1-8875d5d568a5,MP-0079,M5012464-2,8d27dae5-8d1f-48d0-bfe1-8875d5d568a5.2,TYPE_2,22.0,1977c2c7-cd44-4e6f-a827-370cd9aad5bd,Massy Sunset Crest,"Massy Stores Supercenter, Sunset Crest",Holetown,St James,BB,,Massy,578dca79-afd1-4b04-816a-322a7067114b,8b3284118e704bfe3e13cda7a98798a8,,,,,2ed114ba-a745-45a3-8dcd-a088d7b6a0af,RFID,0.60,BBD,
d3294fc5-e2a5-4f83-987a-fd879bec00be,2025-03-14 22:09:49,2025-03-15 00:27:05,2025-03-14 18:09:49,2025-03-14 20:27:05,America/Barbados,137.27,0.85,60.4,34.5,28.0,03c821d6-6274-427c-937a-ad91c6bc020d,MP-025,51210097772981,03c821d6-6274-427c-937a-ad91c6bc020d.1,CCS_2,25.0,79b72a61-f5ca-433f-b824-0c7df1204859,Massy Warrens,Massy Warrens - Massy Stores Supercenter,Warrens,St. Michael,BB,,Massy,578dca79-afd1-4b04-816a-322a7067114b,35b6f6f99ae2087ef24aff4869dea359,,,,,9210ee0a-d99f-4855-9c03-cdf9ee6fab7d,RFID,105.70,BBD,
8e1d1ac4-878e-4143-b8c6-7f6022af2eeb,2025-03-15 13:25:43,2025-03-15 14:45:26,2025-03-15 09:25:43,2025-03-15 10:45:26,America/Barbados,79.72,1.87,33.8,28.1,25.5,03c821d6-6274-427c-937a-ad91c6bc020d,MP-025,51210097772981,03c821d6-6274-427c-937a-ad91c6bc020d.1,CCS_2,25.0,79b72a61-f5ca-433f-b824-0c7df1204859,Massy Warrens,Massy Warrens - Massy Stores Supercenter,Warrens,St. Michael,BB,,Massy,578dca79-afd1-4b04-816a-322a7067114b,40a16d94208fdc757cd189b90808792e,,,,,,SYSTEM,59.15,BBD,
a375a437-e58c-4948-9016-8c2cac9122d7,2025-03-15 18:12:49,2025-03-15 18:12:49,2025-03-15 14:12:49,2025-03-15 14:12:49,America/Barbados,0.00,0.00,0.0,0.0,0.0,03c821d6-6274-427c-937a-ad91c6bc020d,MP-025,51210097772981,03c821d6-6274-427c-937a-ad91c6bc020d.2,CHADEMO,25.0,79b72a61-f5ca-433f-b824-0c7df1204859,Massy Warrens,Massy Warrens - Massy Stores Supercenter,Warrens,St. Michael,BB,,Massy,578dca79-afd1-4b04-816a-322a7067114b,564363f1092f00b6d8b93b0dffe923e8,,,,,ff8272b9-b9c0-4e2c-a725-65cbd037a327,RFID,0.00,BBD,
4c8e9248-a150-4ba1-a60d-5f906208326f,2025-03-15 22:05:28,2025-03-15 23:22:49,2025-03-15 18:05:28,2025-03-15 19:22:49,America/Barbados,77.35,1.90,34.6,33.8,26.9,03c821d6-6274-427c-937a-ad91c6bc020d,MP-025,51210097772981,03c821d6-6274-427c-937a-ad91c6bc020d.1,CCS_2,25.0,79b72a61-f5ca-433f-b824-0c7df1204859,Massy Warrens,Massy Warrens - Massy Stores Supercenter,Warrens,St. Michael,BB,,Massy,578dca79-afd1-4b04-816a-322a7067114b,a8947df47909a29cbcea48406b5b1f7f,,,,,,SYSTEM,60.55,BBD,
e1c14195-9933-4680-bd0c-d42e328a165a,2025-03-15 22:41:25,2025-03-16 00:35:40,2025-03-15 18:41:25,2025-03-15 20:35:40,America/Barbados,114.25,47.77,13.2,27.7,7.3,024e77fc-3da1-4e73-930e-b76e45511419,MP-001,M5005918-7,024e77fc-3da1-4e73-930e-b76e45511419.1,TYPE_2,7.4,1977c2c7-cd44-4e6f-a827-370cd9aad5bd,Massy Sunset Crest,"Massy Stores Supercenter, Sunset Crest",Holetown,St James,BB,,Massy,578dca79-afd1-4b04-816a-322a7067114b,e6ccdc78f742c2ebda943c4506b7ab80,,,,,,WEB_APP,19.80,BBD,
ec08b8fb-3c74-4429-9142-2e008366b499,2025-03-16 00:17:33,2025-03-16 01:13:11,2025-03-15 20:17:33,2025-03-15 21:13:11,America/Barbados,55.63,1.50,23.7,28.1,25.7,03c821d6-6274-427c-937a-ad91c6bc020d,MP-025,51210097772981,03c821d6-6274-427c-937a-ad91c6bc020d.1,CCS_2,25.0,79b72a61-f5ca-433f-b824-0c7df1204859,Massy Warrens,Massy Warrens - Massy Stores Supercenter,Warrens,St. Michael,BB,,Massy,578dca79-afd1-4b04-816a-322a7067114b,03d1ce26fa49936b6e72eb9eafef6e3f,,,,,97fceca9-6706-421a-89f2-0f307f042c89,RFID,41.48,BBD,
135cb170-6fc7-4374-b450-08c21e0104c0,2025-03-16 01:32:05,2025-03-16 02:19:05,2025-03-15 21:32:05,2025-03-15 22:19:05,America/Barbados,47.00,1.42,19.8,28.1,25.4,03c821d6-6274-427c-937a-ad91c6bc020d,MP-025,51210097772981,03c821d6-6274-427c-937a-ad91c6bc020d.1,CCS_2,25.0,79b72a61-f5ca-433f-b824-0c7df1204859,Massy Warrens,Massy Warrens - Massy Stores Supercenter,Warrens,St. Michael,BB,,Massy,578dca79-afd1-4b04-816a-322a7067114b,abb6ac85e363630e25f8a5ec61014fe0,,,,,,WEB_APP,34.65,BBD,
47f58fab-bb67-49f1-9ef3-2662cc94347d,2025-03-16 15:09:52,2025-03-16 15:22:51,2025-03-16 11:09:52,2025-03-16 11:22:51,America/Barbados,12.98,4.50,1.5,12.0,7.6,024e77fc-3da1-4e73-930e-b76e45511419,MP-001,M5005918-7,024e77fc-3da1-4e73-930e-b76e45511419.1,TYPE_2,7.4,1977c2c7-cd44-4e6f-a827-370cd9aad5bd,Massy Sunset Crest,"Massy Stores Supercenter, Sunset Crest",Holetown,St James,BB,,Massy,578dca79-afd1-4b04-816a-322a7067114b,8b3284118e704bfe3e13cda7a98798a8,,,,,2ed114ba-a745-45a3-8dcd-a088d7b6a0af,RFID,2.25,BBD,
c476efd2-73f8-4644-ad4d-af84e1d32098,2025-03-16 15:47:57,2025-03-16 15:49:32,2025-03-16 11:47:57,2025-03-16 11:49:32,America/Barbados,1.58,0.00,0.6,34.8,26.2,03c821d6-6274-427c-937a-ad91c6bc020d,MP-025,51210097772981,03c821d6-6274-427c-937a-ad91c6bc020d.1,CCS_2,25.0,79b72a61-f5ca-433f-b824-0c7df1204859,Massy Warrens,Massy Warrens - Massy Stores Supercenter,Warrens,St. Michael,BB,,Massy,578dca79-afd1-4b04-816a-322a7067114b,dd45ba246b049b48bc5a179f123e9786,,,,,,SYSTEM,1.05,BBD,
725003cf-c699-426a-beec-3deaa29ec150,2025-03-16 16:08:32,2025-03-16 16:56:15,2025-03-16 12:08:32,2025-03-16 12:56:15,America/Barbados,47.72,1.87,20.8,28.1,26.2,03c821d6-6274-427c-937a-ad91c6bc020d,MP-025,51210097772981,03c821d6-6274-427c-937a-ad91c6bc020d.1,CCS_2,25.0,79b72a61-f5ca-433f-b824-0c7df1204859,Massy Warrens,Massy Warrens - Massy Stores Supercenter,Warrens,St. Michael,BB,,Massy,578dca79-afd1-4b04-816a-322a7067114b,dd45ba246b049b48bc5a179f123e9786,,,,,,SYSTEM,36.40,BBD,
577f0dd7-02df-4d17-97e7-bb62d454173c,2025-03-16 16:53:01,2025-03-16 18:14:11,2025-03-16 12:53:01,2025-03-16 14:14:11,America/Barbados,81.17,32.18,9.7,12.9,7.4,024e77fc-3da1-4e73-930e-b76e45511419,MP-001,M5005918-7,024e77fc-3da1-4e73-930e-b76e45511419.1,TYPE_2,7.4,1977c2c7-cd44-4e6f-a827-370cd9aad5bd,Massy Sunset Crest,"Massy Stores Supercenter, Sunset Crest",Holetown,St James,BB,,Massy,578dca79-afd1-4b04-816a-322a7067114b,e6ccdc78f742c2ebda943c4506b7ab80,,,,,,WEB_APP,14.55,BBD,
585b25f9-f1ee-438d-8120-887a093fc243,2025-03-16 17:47:10,2025-03-16 18:54:51,2025-03-16 13:47:10,2025-03-16 14:54:51,America/Barbados,67.68,0.53,36.0,36.0,32.0,03c821d6-6274-427c-937a-ad91c6bc020d,MP-025,51210097772981,03c821d6-6274-427c-937a-ad91c6bc020d.1,CCS_2,25.0,79b72a61-f5ca-433f-b824-0c7df1204859,Massy Warrens,Massy Warrens - Massy Stores Supercenter,Warrens,St. Michael,BB,,Massy,578dca79-afd1-4b04-816a-322a7067114b,2ef189b46488116ee780b022c7ef3f19,,,,,,WEB_APP,63.00,BBD,
625a9b3c-27d1-4217-9249-6d87e332ed4b,2025-03-16 20:48:11,2025-03-16 21:12:30,2025-03-16 16:48:11,2025-03-16 17:12:30,America/Barbados,24.32,0.35,7.8,28.1,25.1,03c821d6-6274-427c-937a-ad91c6bc020d,MP-025,51210097772981,03c821d6-6274-427c-937a-ad91c6bc020d.1,CCS_2,25.0,79b72a61-f5ca-433f-b824-0c7df1204859,Massy Warrens,Massy Warrens - Massy Stores Supercenter,Warrens,St. Michael,BB,,Massy,578dca79-afd1-4b04-816a-322a7067114b,03d1ce26fa49936b6e72eb9eafef6e3f,,,,,97fceca9-6706-421a-89f2-0f307f042c89,RFID,13.65,BBD,
855e0240-62aa-4cf7-9869-7d5b476977fb,2025-03-16 15:19:04,2025-03-16 23:27:21,2025-03-16 11:19:04,2025-03-16 19:27:21,America/Barbados,488.28,0.00,49.3,0.0,0.0,03c821d6-6274-427c-937a-ad91c6bc020d,MP-025,51210097772981,03c821d6-6274-427c-937a-ad91c6bc020d.2,CHADEMO,25.0,79b72a61-f5ca-433f-b824-0c7df1204859,Massy Warrens,Massy Warrens - Massy Stores Supercenter,Warrens,St. Michael,BB,,Massy,578dca79-afd1-4b04-816a-322a7067114b,564363f1092f00b6d8b93b0dffe923e8,,,,,ff8272b9-b9c0-4e2c-a725-65cbd037a327,RFID,86.28,BBD,
5584f503-4048-4702-bde4-b93e61d9d91a,2025-03-16 23:10:17,2025-03-17 00:24:14,2025-03-16 19:10:17,2025-03-16 20:24:14,America/Barbados,73.95,30.90,8.2,12.0,7.3,024e77fc-3da1-4e73-930e-b76e45511419,MP-001,M5005918-7,024e77fc-3da1-4e73-930e-b76e45511419.1,TYPE_2,7.4,1977c2c7-cd44-4e6f-a827-370cd9aad5bd,Massy Sunset Crest,"Massy Stores Supercenter, Sunset Crest",Holetown,St James,BB,,Massy,578dca79-afd1-4b04-816a-322a7067114b,e6ccdc78f742c2ebda943c4506b7ab80,,,,,,WEB_APP,12.30,BBD,
45bce511-ebfe-4f12-bcfe-d8e696cfa2dc,2025-03-17 09:49:31,2025-03-17 09:49:31,2025-03-17 05:49:31,2025-03-17 05:49:31,America/Barbados,0.00,0.00,0.0,0.0,0.0,03c821d6-6274-427c-937a-ad91c6bc020d,MP-025,51210097772981,03c821d6-6274-427c-937a-ad91c6bc020d.1,CCS_2,25.0,79b72a61-f5ca-433f-b824-0c7df1204859,Massy Warrens,Massy Warrens - Massy Stores Supercenter,Warrens,St. Michael,BB,,Massy,578dca79-afd1-4b04-816a-322a7067114b,d453d2a25df7ffae24023c2de6e302c4,,,,,482acb3d-7cac-4bf8-be36-4a082efc95eb,RFID,0.00,BBD,
e6448c90-bf56-49e2-a115-a7c920fb9257,2025-03-17 13:30:51,2025-03-17 14:22:44,2025-03-17 09:30:51,2025-03-17 10:22:44,America/Barbados,51.88,0.95,21.7,63.2,25.8,03c821d6-6274-427c-937a-ad91c6bc020d,MP-025,51210097772981,03c821d6-6274-427c-937a-ad91c6bc020d.1,CCS_2,25.0,79b72a61-f5ca-433f-b824-0c7df1204859,Massy Warrens,Massy Warrens - Massy Stores Supercenter,Warrens,St. Michael,BB,,Massy,578dca79-afd1-4b04-816a-322a7067114b,5911ffba106a13f8c146db3cc5fdaaf2,,,,,f4154aa6-6205-47f5-bff4-856043d935c8,RFID,37.98,BBD,
023c73cd-5fb1-479b-87b8-e744f6af0591,2025-03-17 15:43:00,2025-03-17 16:23:44,2025-03-17 11:43:00,2025-03-17 12:23:44,America/Barbados,40.73,0.00,2.4,4.0,3.5,8d27dae5-8d1f-48d0-bfe1-8875d5d568a5,MP-0079,M5012464-2,8d27dae5-8d1f-48d0-bfe1-8875d5d568a5.1,TYPE_2,22.0,1977c2c7-cd44-4e6f-a827-370cd9aad5bd,Massy Sunset Crest,"Massy Stores Supercenter, Sunset Crest",Holetown,St James,BB,,Massy,578dca79-afd1-4b04-816a-322a7067114b,39bdd057540638ed40fc8ba9f292ca73,,,,,,SYSTEM,3.60,BBD,
ae1ad32c-af8a-49f5-952f-407962031db4,2025-03-17 17:28:37,2025-03-17 17:51:35,2025-03-17 13:28:37,2025-03-17 13:51:35,America/Barbados,22.97,0.00,9.8,42.4,26.1,03c821d6-6274-427c-937a-ad91c6bc020d,MP-025,51210097772981,03c821d6-6274-427c-937a-ad91c6bc020d.1,CCS_2,25.0,79b72a61-f5ca-433f-b824-0c7df1204859,Massy Warrens,Massy Warrens - Massy Stores Supercenter,Warrens,St. Michael,BB,,Massy,578dca79-afd1-4b04-816a-322a7067114b,9524292787ec90c1c0d210497cc1166e,,,,,81c772bc-95b4-494a-b120-9b72e065fadc,RFID,17.15,BBD,
0f2696cd-4b9d-49ad-945b-081188f35a52,2025-03-18 04:30:33,2025-03-18 05:18:42,2025-03-18 00:30:33,2025-03-18 01:18:42,America/Barbados,48.15,10.85,11.9,28.1,17.9,03c821d6-6274-427c-937a-ad91c6bc020d,MP-025,51210097772981,03c821d6-6274-427c-937a-ad91c6bc020d.1,CCS_2,25.0,79b72a61-f5ca-433f-b824-0c7df1204859,Massy Warrens,Massy Warrens - Massy Stores Supercenter,Warrens,St. Michael,BB,,Massy,578dca79-afd1-4b04-816a-322a7067114b,dd4c88acde25753674e21b473fe166ef,,,,,033b321f-9ea1-4604-93a9-0160f0c2ca9c,RFID,20.83,BBD,
db6646bd-6246-4a59-9976-38625ddad777,2025-03-18 09:27:50,2025-03-18 11:31:03,2025-03-18 05:27:50,2025-03-18 07:31:03,America/Barbados,123.22,1.33,57.2,155.8,29.3,03c821d6-6274-427c-937a-ad91c6bc020d,MP-025,51210097772981,03c821d6-6274-427c-937a-ad91c6bc020d.1,CCS_2,25.0,79b72a61-f5ca-433f-b824-0c7df1204859,Massy Warrens,Massy Warrens - Massy Stores Supercenter,Warrens,St. Michael,BB,,Massy,578dca79-afd1-4b04-816a-322a7067114b,35b6f6f99ae2087ef24aff4869dea359,,,,,9210ee0a-d99f-4855-9c03-cdf9ee6fab7d,RFID,100.10,BBD,
62ed6ba6-0b2a-4b7c-a0a1-e5dd952caabf,2025-03-18 18:24:45,2025-03-18 18:24:45,2025-03-18 14:24:45,2025-03-18 14:24:45,America/Barbados,0.00,0.00,0.0,0.0,0.0,03c821d6-6274-427c-937a-ad91c6bc020d,MP-025,51210097772981,03c821d6-6274-427c-937a-ad91c6bc020d.1,CCS_2,25.0,79b72a61-f5ca-433f-b824-0c7df1204859,Massy Warrens,Massy Warrens - Massy Stores Supercenter,Warrens,St. Michael,BB,,Massy,578dca79-afd1-4b04-816a-322a7067114b,c2df43870bd22ec6401f02bfaa6a934b,,,,,bf95b7b2-b725-4f11-8aee-5c882f16d07e,RFID,0.00,BBD,
58cadbff-7aa5-4bcd-9155-90728c9eb3d1,2025-03-18 22:18:25,2025-03-18 22:18:25,2025-03-18 18:18:25,2025-03-18 18:18:25,America/Barbados,0.00,0.00,0.0,0.0,0.0,03c821d6-6274-427c-937a-ad91c6bc020d,MP-025,51210097772981,03c821d6-6274-427c-937a-ad91c6bc020d.1,CCS_2,25.0,79b72a61-f5ca-433f-b824-0c7df1204859,Massy Warrens,Massy Warrens - Massy Stores Supercenter,Warrens,St. Michael,BB,,Massy,578dca79-afd1-4b04-816a-322a7067114b,9a0aa3c4b0310980ab78bd4ad3e6744a,,,,,8c7a084b-ebbc-4912-b13b-4783148e94ff,RFID,0.00,BBD,
579f55ca-ddfc-4c00-9809-65df6e62a4eb,2025-03-19 08:46:20,2025-03-19 09:38:36,2025-03-19 04:46:20,2025-03-19 05:38:36,America/Barbados,52.27,1.60,22.1,28.1,25.4,03c821d6-6274-427c-937a-ad91c6bc020d,MP-025,51210097772981,03c821d6-6274-427c-937a-ad91c6bc020d.1,CCS_2,25.0,79b72a61-f5ca-433f-b824-0c7df1204859,Massy Warrens,Massy Warrens - Massy Stores Supercenter,Warrens,St. Michael,BB,,Massy,578dca79-afd1-4b04-816a-322a7067114b,e74d2ff814ba3f55ddbe58946f62c27e,,,,,,SYSTEM,38.68,BBD,
b379072e-c58d-47f0-914b-507a316df9f8,2025-03-19 13:23:45,2025-03-19 13:23:45,2025-03-19 09:23:45,2025-03-19 09:23:45,America/Barbados,0.00,0.00,0.0,0.0,0.0,03c821d6-6274-427c-937a-ad91c6bc020d,MP-025,51210097772981,03c821d6-6274-427c-937a-ad91c6bc020d.2,CHADEMO,25.0,79b72a61-f5ca-433f-b824-0c7df1204859,Massy Warrens,Massy Warrens - Massy Stores Supercenter,Warrens,St. Michael,BB,,Massy,578dca79-afd1-4b04-816a-322a7067114b,564363f1092f00b6d8b93b0dffe923e8,,,,,ff8272b9-b9c0-4e2c-a725-65cbd037a327,RFID,0.00,BBD,
fe636b54-137b-4f84-a718-da99b9dc42ff,2025-03-19 17:04:21,2025-03-19 18:13:32,2025-03-19 13:04:21,2025-03-19 14:13:32,America/Barbados,69.18,2.25,29.3,238.2,29.3,03c821d6-6274-427c-937a-ad91c6bc020d,MP-025,51210097772981,03c821d6-6274-427c-937a-ad91c6bc020d.1,CCS_2,25.0,79b72a61-f5ca-433f-b824-0c7df1204859,Massy Warrens,Massy Warrens - Massy Stores Supercenter,Warrens,St. Michael,BB,,Massy,578dca79-afd1-4b04-816a-322a7067114b,5911ffba106a13f8c146db3cc5fdaaf2,,,,,f4154aa6-6205-47f5-bff4-856043d935c8,RFID,51.28,BBD,
ad253f59-ecec-4673-a6c7-7bfd6caef810,2025-03-19 19:32:45,2025-03-19 19:32:51,2025-03-19 15:32:45,2025-03-19 15:32:51,America/Barbados,0.10,0.00,0.0,0.0,0.0,03c821d6-6274-427c-937a-ad91c6bc020d,MP-025,51210097772981,03c821d6-6274-427c-937a-ad91c6bc020d.1,CCS_2,25.0,79b72a61-f5ca-433f-b824-0c7df1204859,Massy Warrens,Massy Warrens - Massy Stores Supercenter,Warrens,St. Michael,BB,,Massy,578dca79-afd1-4b04-816a-322a7067114b,9524292787ec90c1c0d210497cc1166e,,,,,81c772bc-95b4-494a-b120-9b72e065fadc,RFID,0.00,BBD,
e8811b23-2f19-447e-831f-b496f3eb9a11,2025-03-19 19:39:23,2025-03-19 21:38:41,2025-03-19 15:39:23,2025-03-19 17:38:41,America/Barbados,119.30,3.83,50.9,28.1,25.6,03c821d6-6274-427c-937a-ad91c6bc020d,MP-025,51210097772981,03c821d6-6274-427c-937a-ad91c6bc020d.1,CCS_2,25.0,79b72a61-f5ca-433f-b824-0c7df1204859,Massy Warrens,Massy Warrens - Massy Stores Supercenter,Warrens,St. Michael,BB,,Massy,578dca79-afd1-4b04-816a-322a7067114b,9524292787ec90c1c0d210497cc1166e,,,,,,WEB_APP,89.08,BBD,
a3171215-702e-4bda-9a76-e0a203690c78,2025-03-20 00:07:16,2025-03-20 00:07:17,2025-03-19 20:07:16,2025-03-19 20:07:17,America/Barbados,0.02,0.00,0.0,0.0,0.0,03c821d6-6274-427c-937a-ad91c6bc020d,MP-025,51210097772981,03c821d6-6274-427c-937a-ad91c6bc020d.1,CCS_2,25.0,79b72a61-f5ca-433f-b824-0c7df1204859,Massy Warrens,Massy Warrens - Massy Stores Supercenter,Warrens,St. Michael,BB,,Massy,578dca79-afd1-4b04-816a-322a7067114b,53c3e7f13adc18ac7473c99ec64d56c5,,,,,5b11676b-0383-4ad8-a16f-6da4cd89f3e3,RFID,0.00,BBD,
c30b4835-28e2-4d55-afba-01fc53a2a74a,2025-03-20 00:11:47,2025-03-20 01:09:58,2025-03-19 20:11:47,2025-03-19 21:09:58,America/Barbados,58.18,0.00,24.3,0.0,0.0,03c821d6-6274-427c-937a-ad91c6bc020d,MP-025,51210097772981,03c821d6-6274-427c-937a-ad91c6bc020d.1,CCS_2,25.0,79b72a61-f5ca-433f-b824-0c7df1204859,Massy Warrens,Massy Warrens - Massy Stores Supercenter,Warrens,St. Michael,BB,,Massy,578dca79-afd1-4b04-816a-322a7067114b,53c3e7f13adc18ac7473c99ec64d56c5,,,,,5b11676b-0383-4ad8-a16f-6da4cd89f3e3,RFID,42.53,BBD,
8c22a0f8-4c3f-4484-addb-285a4b39f742,2025-03-20 06:39:26,2025-03-20 08:01:14,2025-03-20 02:39:26,2025-03-20 04:01:14,America/Barbados,81.80,0.80,36.2,32.7,26.6,03c821d6-6274-427c-937a-ad91c6bc020d,MP-025,51210097772981,03c821d6-6274-427c-937a-ad91c6bc020d.1,CCS_2,25.0,79b72a61-f5ca-433f-b824-0c7df1204859,Massy Warrens,Massy Warrens - Massy Stores Supercenter,Warrens,St. Michael,BB,,Massy,578dca79-afd1-4b04-816a-322a7067114b,a8947df47909a29cbcea48406b5b1f7f,,,,,,SYSTEM,63.35,BBD,
fb9b6723-da2f-44a9-a18d-025f947a1684,2025-03-20 09:40:38,2025-03-20 11:45:26,2025-03-20 05:40:38,2025-03-20 07:45:26,America/Barbados,124.80,0.53,58.0,196.9,29.7,03c821d6-6274-427c-937a-ad91c6bc020d,MP-025,51210097772981,03c821d6-6274-427c-937a-ad91c6bc020d.1,CCS_2,25.0,79b72a61-f5ca-433f-b824-0c7df1204859,Massy Warrens,Massy Warrens - Massy Stores Supercenter,Warrens,St. Michael,BB,,Massy,578dca79-afd1-4b04-816a-322a7067114b,35b6f6f99ae2087ef24aff4869dea359,,,,,9210ee0a-d99f-4855-9c03-cdf9ee6fab7d,RFID,101.50,BBD,
b33ad0ab-a935-4606-b9a8-acdf62724835,2025-03-20 17:38:27,2025-03-20 17:59:42,2025-03-20 13:38:27,2025-03-20 13:59:42,America/Barbados,21.25,0.47,10.3,33.8,29.2,03c821d6-6274-427c-937a-ad91c6bc020d,MP-025,51210097772981,03c821d6-6274-427c-937a-ad91c6bc020d.1,CCS_2,25.0,79b72a61-f5ca-433f-b824-0c7df1204859,Massy Warrens,Massy Warrens - Massy Stores Supercenter,Warrens,St. Michael,BB,,Massy,578dca79-afd1-4b04-816a-322a7067114b,6ccd1ca21a320b88e81fde50415fc2cf,,,,,,SYSTEM,18.03,BBD,
9bfe4d76-f9a3-472b-92c8-8b9c842b79b5,2025-03-20 18:27:39,2025-03-20 19:11:25,2025-03-20 14:27:39,2025-03-20 15:11:25,America/Barbados,43.77,0.00,18.6,0.0,0.0,03c821d6-6274-427c-937a-ad91c6bc020d,MP-025,51210097772981,03c821d6-6274-427c-937a-ad91c6bc020d.1,CCS_2,25.0,79b72a61-f5ca-433f-b824-0c7df1204859,Massy Warrens,Massy Warrens - Massy Stores Supercenter,Warrens,St. Michael,BB,,Massy,578dca79-afd1-4b04-816a-322a7067114b,c2df43870bd22ec6401f02bfaa6a934b,,,,,bf95b7b2-b725-4f11-8aee-5c882f16d07e,RFID,0.00,BBD,
e3ab2f8d-feaf-4fee-93e0-ff8f78ff3d03,2025-03-21 11:46:09,2025-03-21 11:46:09,2025-03-21 07:46:09,2025-03-21 07:46:09,America/Barbados,0.00,0.00,0.0,0.0,0.0,03c821d6-6274-427c-937a-ad91c6bc020d,MP-025,51210097772981,03c821d6-6274-427c-937a-ad91c6bc020d.1,CCS_2,25.0,79b72a61-f5ca-433f-b824-0c7df1204859,Massy Warrens,Massy Warrens - Massy Stores Supercenter,Warrens,St. Michael,BB,,Massy,578dca79-afd1-4b04-816a-322a7067114b,d01f8298c4aa0be4b825cec87e3512c6,,,,,7c802f13-3acc-4c06-8717-a63c9d015e7e,RFID,0.00,BBD,
0324715f-8690-45aa-b03d-ba20ae5f94ff,2025-03-21 15:02:15,2025-03-21 15:02:15,2025-03-21 11:02:15,2025-03-21 11:02:15,America/Barbados,0.00,0.00,0.0,0.0,0.0,03c821d6-6274-427c-937a-ad91c6bc020d,MP-025,51210097772981,03c821d6-6274-427c-937a-ad91c6bc020d.1,CCS_2,25.0,79b72a61-f5ca-433f-b824-0c7df1204859,Massy Warrens,Massy Warrens - Massy Stores Supercenter,Warrens,St. Michael,BB,,Massy,578dca79-afd1-4b04-816a-322a7067114b,d453d2a25df7ffae24023c2de6e302c4,,,,,482acb3d-7cac-4bf8-be36-4a082efc95eb,RFID,0.00,BBD,
8baa65fe-d508-4c4e-8ef4-a5f152d82b56,2025-03-21 20:53:15,2025-03-21 20:54:36,2025-03-21 16:53:15,2025-03-21 16:54:36,America/Barbados,1.35,0.00,0.1,4.5,4.5,8d27dae5-8d1f-48d0-bfe1-8875d5d568a5,MP-0079,M5012464-2,8d27dae5-8d1f-48d0-bfe1-8875d5d568a5.1,TYPE_2,22.0,1977c2c7-cd44-4e6f-a827-370cd9aad5bd,Massy Sunset Crest,"Massy Stores Supercenter, Sunset Crest",Holetown,St James,BB,,Massy,578dca79-afd1-4b04-816a-322a7067114b,768d1282fc5a8c161355988d1098736a,,,,,,SYSTEM,0.15,BBD,
678fa524-7dc3-4351-8fa2-bf545282a00b,2025-03-21 20:55:42,2025-03-21 21:10:59,2025-03-21 16:55:42,2025-03-21 17:10:59,America/Barbados,15.28,0.28,0.9,4.0,3.6,8d27dae5-8d1f-48d0-bfe1-8875d5d568a5,MP-0079,M5012464-2,8d27dae5-8d1f-48d0-bfe1-8875d5d568a5.1,TYPE_2,22.0,1977c2c7-cd44-4e6f-a827-370cd9aad5bd,Massy Sunset Crest,"Massy Stores Supercenter, Sunset Crest",Holetown,St James,BB,,Massy,578dca79-afd1-4b04-816a-322a7067114b,768d1282fc5a8c161355988d1098736a,,,,,,SYSTEM,1.35,BBD,
d8628688-af31-43bc-830b-525b7b419df7,2025-03-22 03:06:19,2025-03-22 04:06:17,2025-03-21 23:06:19,2025-03-22 00:06:17,America/Barbados,59.97,0.27,31.4,48.0,31.7,03c821d6-6274-427c-937a-ad91c6bc020d,MP-025,51210097772981,03c821d6-6274-427c-937a-ad91c6bc020d.1,CCS_2,25.0,79b72a61-f5ca-433f-b824-0c7df1204859,Massy Warrens,Massy Warrens - Massy Stores Supercenter,Warrens,St. Michael,BB,,Massy,578dca79-afd1-4b04-816a-322a7067114b,c72847ec674bfe6cbddfe488c140a36e,,,,,,SYSTEM,54.95,BBD,
441de50b-c1d0-43b5-81d3-552957efd06e,2025-03-22 12:33:40,2025-03-22 13:46:21,2025-03-22 08:33:40,2025-03-22 09:46:21,America/Barbados,72.68,2.40,30.9,80.0,26.2,03c821d6-6274-427c-937a-ad91c6bc020d,MP-025,51210097772981,03c821d6-6274-427c-937a-ad91c6bc020d.1,CCS_2,25.0,79b72a61-f5ca-433f-b824-0c7df1204859,Massy Warrens,Massy Warrens - Massy Stores Supercenter,Warrens,St. Michael,BB,,Massy,578dca79-afd1-4b04-816a-322a7067114b,40a16d94208fdc757cd189b90808792e,,,,,,SYSTEM,54.08,BBD,
35555bc6-9ea9-4a58-9732-cd75cf99c041,2025-03-22 13:53:07,2025-03-22 15:01:23,2025-03-22 09:53:07,2025-03-22 11:01:23,America/Barbados,68.27,2.42,28.7,28.1,25.3,03c821d6-6274-427c-937a-ad91c6bc020d,MP-025,51210097772981,03c821d6-6274-427c-937a-ad91c6bc020d.1,CCS_2,25.0,79b72a61-f5ca-433f-b824-0c7df1204859,Massy Warrens,Massy Warrens - Massy Stores Supercenter,Warrens,St. Michael,BB,,Massy,578dca79-afd1-4b04-816a-322a7067114b,e74d2ff814ba3f55ddbe58946f62c27e,,,,,,SYSTEM,50.23,BBD,
93d78a54-3ba5-496c-a2db-129160bc6b45,2025-03-22 13:47:59,2025-03-22 15:01:28,2025-03-22 09:47:59,2025-03-22 11:01:28,America/Barbados,73.48,0.00,8.4,8.1,6.9,8d27dae5-8d1f-48d0-bfe1-8875d5d568a5,MP-0079,M5012464-2,8d27dae5-8d1f-48d0-bfe1-8875d5d568a5.2,TYPE_2,22.0,1977c2c7-cd44-4e6f-a827-370cd9aad5bd,Massy Sunset Crest,"Massy Stores Supercenter, Sunset Crest",Holetown,St James,BB,,Massy,578dca79-afd1-4b04-816a-322a7067114b,67555a4166f2ba1595a1f05f149cc76f,,,,,,SYSTEM,12.60,BBD,
214e52df-9799-4a99-ba5a-d838e4a56d6f,2025-03-22 17:57:26,2025-03-22 18:40:18,2025-03-22 13:57:26,2025-03-22 14:40:18,America/Barbados,42.87,9.00,13.9,28.1,19.6,03c821d6-6274-427c-937a-ad91c6bc020d,MP-025,51210097772981,03c821d6-6274-427c-937a-ad91c6bc020d.1,CCS_2,25.0,79b72a61-f5ca-433f-b824-0c7df1204859,Massy Warrens,Massy Warrens - Massy Stores Supercenter,Warrens,St. Michael,BB,,Massy,578dca79-afd1-4b04-816a-322a7067114b,dd4c88acde25753674e21b473fe166ef,,,,,,SYSTEM,24.33,BBD,
50b1c683-f0f8-4f09-866a-f37f6f64b601,2025-03-22 19:37:27,2025-03-22 19:37:27,2025-03-22 15:37:27,2025-03-22 15:37:27,America/Barbados,0.00,0.00,0.0,0.0,0.0,03c821d6-6274-427c-937a-ad91c6bc020d,MP-025,51210097772981,03c821d6-6274-427c-937a-ad91c6bc020d.1,CCS_2,25.0,79b72a61-f5ca-433f-b824-0c7df1204859,Massy Warrens,Massy Warrens - Massy Stores Supercenter,Warrens,St. Michael,BB,,Massy,578dca79-afd1-4b04-816a-322a7067114b,5911ffba106a13f8c146db3cc5fdaaf2,,,,,f4154aa6-6205-47f5-bff4-856043d935c8,RFID,0.00,BBD,
6a4b9bc3-de85-49e5-923b-2e8156067b91,2025-03-23 02:34:00,2025-03-23 03:01:52,2025-03-22 22:34:00,2025-03-22 23:01:52,America/Barbados,27.87,0.85,1.6,4.0,3.6,8d27dae5-8d1f-48d0-bfe1-8875d5d568a5,MP-0079,M5012464-2,8d27dae5-8d1f-48d0-bfe1-8875d5d568a5.1,TYPE_2,22.0,1977c2c7-cd44-4e6f-a827-370cd9aad5bd,Massy Sunset Crest,"Massy Stores Supercenter, Sunset Crest",Holetown,St James,BB,,Massy,578dca79-afd1-4b04-816a-322a7067114b,39bdd057540638ed40fc8ba9f292ca73,,,,,,SYSTEM,2.40,BBD,
9f33e9f6-5348-4849-83b1-fda4796a4ba5,2025-03-23 03:30:34,2025-03-23 06:04:57,2025-03-22 23:30:34,2025-03-23 02:04:57,America/Barbados,154.38,80.30,14.7,12.0,7.0,024e77fc-3da1-4e73-930e-b76e45511419,MP-001,M5005918-7,024e77fc-3da1-4e73-930e-b76e45511419.1,TYPE_2,7.4,1977c2c7-cd44-4e6f-a827-370cd9aad5bd,Massy Sunset Crest,"Massy Stores Supercenter, Sunset Crest",Holetown,St James,BB,,Massy,578dca79-afd1-4b04-816a-322a7067114b,e6ccdc78f742c2ebda943c4506b7ab80,,,,,,WEB_APP,22.05,BBD,
7a90dde1-759f-40c0-8d19-6ec43c9f443c,2025-03-23 10:30:40,2025-03-23 13:21:12,2025-03-23 06:30:40,2025-03-23 09:21:12,America/Barbados,170.53,2.02,78.0,435.5,30.6,03c821d6-6274-427c-937a-ad91c6bc020d,MP-025,51210097772981,03c821d6-6274-427c-937a-ad91c6bc020d.1,CCS_2,25.0,79b72a61-f5ca-433f-b824-0c7df1204859,Massy Warrens,Massy Warrens - Massy Stores Supercenter,Warrens,St. Michael,BB,,Massy,578dca79-afd1-4b04-816a-322a7067114b,35b6f6f99ae2087ef24aff4869dea359,,,,,9210ee0a-d99f-4855-9c03-cdf9ee6fab7d,RFID,136.50,BBD,
031ee394-019f-449f-94f6-36069c65932a,2025-03-23 14:45:00,2025-03-23 16:09:28,2025-03-23 10:45:00,2025-03-23 12:09:28,America/Barbados,84.47,0.80,37.0,400.0,32.3,03c821d6-6274-427c-937a-ad91c6bc020d,MP-025,51210097772981,03c821d6-6274-427c-937a-ad91c6bc020d.1,CCS_2,25.0,79b72a61-f5ca-433f-b824-0c7df1204859,Massy Warrens,Massy Warrens - Massy Stores Supercenter,Warrens,St. Michael,BB,,Massy,578dca79-afd1-4b04-816a-322a7067114b,7c8e615ce14bb8e36dd7b15e3f08cec7,,,,,f6bf4b4c-9ce0-49bd-b0ce-4097f2ead238,RFID,64.75,BBD,
674c629f-a8e9-4fd4-aaa5-45acebdaadc4,2025-03-23 17:53:05,2025-03-23 17:56:08,2025-03-23 13:53:05,2025-03-23 13:56:08,America/Barbados,3.05,2.03,0.0,0.0,0.0,024e77fc-3da1-4e73-930e-b76e45511419,MP-001,M5005918-7,024e77fc-3da1-4e73-930e-b76e45511419.2,TYPE_2,7.4,1977c2c7-cd44-4e6f-a827-370cd9aad5bd,Massy Sunset Crest,"Massy Stores Supercenter, Sunset Crest",Holetown,St James,BB,,Massy,578dca79-afd1-4b04-816a-322a7067114b,39bdd057540638ed40fc8ba9f292ca73,,,,,,SYSTEM,0.00,BBD,
6755beba-1e4e-4642-9083-39759638fbda,2025-03-23 17:56:28,2025-03-23 17:58:55,2025-03-23 13:56:28,2025-03-23 13:58:55,America/Barbados,2.45,1.45,0.0,0.0,0.0,024e77fc-3da1-4e73-930e-b76e45511419,MP-001,M5005918-7,024e77fc-3da1-4e73-930e-b76e45511419.2,TYPE_2,7.4,1977c2c7-cd44-4e6f-a827-370cd9aad5bd,Massy Sunset Crest,"Massy Stores Supercenter, Sunset Crest",Holetown,St James,BB,,Massy,578dca79-afd1-4b04-816a-322a7067114b,39bdd057540638ed40fc8ba9f292ca73,,,,,,SYSTEM,0.00,BBD,
3887092b-bc21-4243-b518-68b960f81441,2025-03-23 17:59:34,2025-03-23 18:17:44,2025-03-23 13:59:34,2025-03-23 14:17:44,America/Barbados,18.17,12.13,1.0,6.0,5.8,024e77fc-3da1-4e73-930e-b76e45511419,MP-001,M5005918-7,024e77fc-3da1-4e73-930e-b76e45511419.1,TYPE_2,7.4,1977c2c7-cd44-4e6f-a827-370cd9aad5bd,Massy Sunset Crest,"Massy Stores Supercenter, Sunset Crest",Holetown,St James,BB,,Massy,578dca79-afd1-4b04-816a-322a7067114b,39bdd057540638ed40fc8ba9f292ca73,,,,,,SYSTEM,1.50,BBD,
e7ee0b08-41f0-4c6b-bcd5-80105ed8c5ef,2025-03-23 18:30:08,2025-03-23 18:34:30,2025-03-23 14:30:08,2025-03-23 14:34:30,America/Barbados,4.37,0.02,0.0,0.0,0.0,03c821d6-6274-427c-937a-ad91c6bc020d,MP-025,51210097772981,03c821d6-6274-427c-937a-ad91c6bc020d.2,CHADEMO,25.0,79b72a61-f5ca-433f-b824-0c7df1204859,Massy Warrens,Massy Warrens - Massy Stores Supercenter,Warrens,St. Michael,BB,,Massy,578dca79-afd1-4b04-816a-322a7067114b,564363f1092f00b6d8b93b0dffe923e8,,,,,ff8272b9-b9c0-4e2c-a725-65cbd037a327,RFID,0.00,BBD,
e783667b-89fb-4985-8ec1-5dc91057e1aa,2025-03-23 19:52:22,2025-03-23 21:15:04,2025-03-23 15:52:22,2025-03-23 17:15:04,America/Barbados,82.70,35.15,9.4,14.4,7.5,024e77fc-3da1-4e73-930e-b76e45511419,MP-001,M5005918-7,024e77fc-3da1-4e73-930e-b76e45511419.1,TYPE_2,7.4,1977c2c7-cd44-4e6f-a827-370cd9aad5bd,Massy Sunset Crest,"Massy Stores Supercenter, Sunset Crest",Holetown,St James,BB,,Massy,578dca79-afd1-4b04-816a-322a7067114b,e6ccdc78f742c2ebda943c4506b7ab80,,,,,,WEB_APP,14.10,BBD,
a046fed4-e8cc-4851-be19-b0ca48a0dc68,2025-03-24 00:55:21,2025-03-24 01:37:55,2025-03-23 20:55:21,2025-03-23 21:37:55,America/Barbados,42.57,0.97,17.9,59.1,25.7,03c821d6-6274-427c-937a-ad91c6bc020d,MP-025,51210097772981,03c821d6-6274-427c-937a-ad91c6bc020d.1,CCS_2,25.0,79b72a61-f5ca-433f-b824-0c7df1204859,Massy Warrens,Massy Warrens - Massy Stores Supercenter,Warrens,St. Michael,BB,,Massy,578dca79-afd1-4b04-816a-322a7067114b,94e8e4b0eb0aa7255b881fdb54a13cf1,,,,,9bd6a29a-01fe-4dae-8c38-5975195efc91,RFID,31.33,BBD,
6b14e113-1d36-4c8f-9e1a-aaa0bccb83b6,2025-03-24 01:41:48,2025-03-24 02:22:15,2025-03-23 21:41:48,2025-03-23 22:22:15,America/Barbados,40.45,0.03,6.0,0.0,0.0,03c821d6-6274-427c-937a-ad91c6bc020d,MP-025,51210097772981,03c821d6-6274-427c-937a-ad91c6bc020d.2,CHADEMO,25.0,79b72a61-f5ca-433f-b824-0c7df1204859,Massy Warrens,Massy Warrens - Massy Stores Supercenter,Warrens,St. Michael,BB,,Massy,578dca79-afd1-4b04-816a-322a7067114b,564363f1092f00b6d8b93b0dffe923e8,,,,,ff8272b9-b9c0-4e2c-a725-65cbd037a327,RFID,10.50,BBD,
427619e5-513f-4227-ab2b-b5398623ae46,2025-03-24 02:23:48,2025-03-24 02:45:57,2025-03-23 22:23:48,2025-03-23 22:45:57,America/Barbados,22.15,7.77,4.6,162.6,20.7,03c821d6-6274-427c-937a-ad91c6bc020d,MP-025,51210097772981,03c821d6-6274-427c-937a-ad91c6bc020d.1,CCS_2,25.0,79b72a61-f5ca-433f-b824-0c7df1204859,Massy Warrens,Massy Warrens - Massy Stores Supercenter,Warrens,St. Michael,BB,,Massy,578dca79-afd1-4b04-816a-322a7067114b,dd4c88acde25753674e21b473fe166ef,,,,,033b321f-9ea1-4604-93a9-0160f0c2ca9c,RFID,8.05,BBD,
40bc2995-d0e0-4edf-b0be-d61a626602ba,2025-03-24 06:31:33,2025-03-24 08:53:54,2025-03-24 02:31:33,2025-03-24 04:53:54,America/Barbados,142.35,3.97,65.0,33.8,27.6,03c821d6-6274-427c-937a-ad91c6bc020d,MP-025,51210097772981,03c821d6-6274-427c-937a-ad91c6bc020d.1,CCS_2,25.0,79b72a61-f5ca-433f-b824-0c7df1204859,Massy Warrens,Massy Warrens - Massy Stores Supercenter,Warrens,St. Michael,BB,,Massy,578dca79-afd1-4b04-816a-322a7067114b,03d1ce26fa49936b6e72eb9eafef6e3f,,,,,97fceca9-6706-421a-89f2-0f307f042c89,RFID,113.75,BBD,
289d3e7a-cb1c-459c-b67b-6be9d373ec3b,2025-03-24 10:27:05,2025-03-24 11:42:49,2025-03-24 06:27:05,2025-03-24 07:42:49,America/Barbados,75.73,1.08,31.8,28.1,25.2,03c821d6-6274-427c-937a-ad91c6bc020d,MP-025,51210097772981,03c821d6-6274-427c-937a-ad91c6bc020d.1,CCS_2,25.0,79b72a61-f5ca-433f-b824-0c7df1204859,Massy Warrens,Massy Warrens - Massy Stores Supercenter,Warrens,St. Michael,BB,,Massy,578dca79-afd1-4b04-816a-322a7067114b,53c3e7f13adc18ac7473c99ec64d56c5,,,,,5b11676b-0383-4ad8-a16f-6da4cd89f3e3,RFID,55.65,BBD,
5fd796cb-2d20-4b43-bfcd-662426afbde8,2025-03-24 13:10:39,2025-03-24 14:35:45,2025-03-24 09:10:39,2025-03-24 10:35:45,America/Barbados,85.10,0.05,40.4,33.8,28.7,03c821d6-6274-427c-937a-ad91c6bc020d,MP-025,51210097772981,03c821d6-6274-427c-937a-ad91c6bc020d.1,CCS_2,25.0,79b72a61-f5ca-433f-b824-0c7df1204859,Massy Warrens,Massy Warrens - Massy Stores Supercenter,Warrens,St. Michael,BB,,Massy,578dca79-afd1-4b04-816a-322a7067114b,35b6f6f99ae2087ef24aff4869dea359,,,,,9210ee0a-d99f-4855-9c03-cdf9ee6fab7d,RFID,70.70,BBD,
2bfa9f28-c15d-48d8-9ab0-d6cf01b596d2,2025-03-24 15:35:08,2025-03-24 15:35:08,2025-03-24 11:35:08,2025-03-24 11:35:08,America/Barbados,0.00,0.00,0.0,0.0,0.0,03c821d6-6274-427c-937a-ad91c6bc020d,MP-025,51210097772981,03c821d6-6274-427c-937a-ad91c6bc020d.2,CHADEMO,25.0,79b72a61-f5ca-433f-b824-0c7df1204859,Massy Warrens,Massy Warrens - Massy Stores Supercenter,Warrens,St. Michael,BB,,Massy,578dca79-afd1-4b04-816a-322a7067114b,564363f1092f00b6d8b93b0dffe923e8,,,,,ff8272b9-b9c0-4e2c-a725-65cbd037a327,RFID,0.00,BBD,
35e0607e-6626-45d7-9f02-0648ba1287ac,2025-03-24 16:32:37,2025-03-24 17:43:30,2025-03-24 12:32:37,2025-03-24 13:43:30,America/Barbados,70.88,1.07,33.8,112.5,30.3,03c821d6-6274-427c-937a-ad91c6bc020d,MP-025,51210097772981,03c821d6-6274-427c-937a-ad91c6bc020d.1,CCS_2,25.0,79b72a61-f5ca-433f-b824-0c7df1204859,Massy Warrens,Massy Warrens - Massy Stores Supercenter,Warrens,St. Michael,BB,,Massy,578dca79-afd1-4b04-816a-322a7067114b,d01f8298c4aa0be4b825cec87e3512c6,,,,,7c802f13-3acc-4c06-8717-a63c9d015e7e,RFID,59.15,BBD,
c7c3b61d-cbfb-4224-a460-a50b2ea99c4b,2025-03-24 21:43:45,2025-03-24 23:36:26,2025-03-24 17:43:45,2025-03-24 19:36:26,America/Barbados,112.68,51.15,12.1,14.4,7.1,024e77fc-3da1-4e73-930e-b76e45511419,MP-001,M5005918-7,024e77fc-3da1-4e73-930e-b76e45511419.1,TYPE_2,7.4,1977c2c7-cd44-4e6f-a827-370cd9aad5bd,Massy Sunset Crest,"Massy Stores Supercenter, Sunset Crest",Holetown,St James,BB,,Massy,578dca79-afd1-4b04-816a-322a7067114b,e6ccdc78f742c2ebda943c4506b7ab80,,,,,,WEB_APP,18.15,BBD,
b3cb0198-a6a6-4f05-ba5c-90a6308de435,2025-03-24 23:26:08,2025-03-25 00:00:53,2025-03-24 19:26:08,2025-03-24 20:00:53,America/Barbados,34.75,0.00,3.8,8.0,6.6,8d27dae5-8d1f-48d0-bfe1-8875d5d568a5,MP-0079,M5012464-2,8d27dae5-8d1f-48d0-bfe1-8875d5d568a5.1,TYPE_2,22.0,1977c2c7-cd44-4e6f-a827-370cd9aad5bd,Massy Sunset Crest,"Massy Stores Supercenter, Sunset Crest",Holetown,St James,BB,,Massy,578dca79-afd1-4b04-816a-322a7067114b,73377daa2d3cb958aba04972d63a52fc,,,,,,SYSTEM,5.70,BBD,
bb0b7f58-8fe2-408c-888c-47c8ed72767d,2025-03-24 22:50:35,2025-03-25 00:52:26,2025-03-24 18:50:35,2025-03-24 20:52:26,America/Barbados,121.85,2.93,56.2,33.8,27.7,03c821d6-6274-427c-937a-ad91c6bc020d,MP-025,51210097772981,03c821d6-6274-427c-937a-ad91c6bc020d.1,CCS_2,25.0,79b72a61-f5ca-433f-b824-0c7df1204859,Massy Warrens,Massy Warrens - Massy Stores Supercenter,Warrens,St. Michael,BB,,Massy,578dca79-afd1-4b04-816a-322a7067114b,de496c2b0c06805735691033fa5f0366,,,,,,SYSTEM,98.35,BBD,
9370ad78-09cc-4803-9f80-51fda2f41acb,2025-03-25 11:22:33,2025-03-25 12:19:09,2025-03-25 07:22:33,2025-03-25 08:19:09,America/Barbados,56.60,0.00,3.4,4.6,3.6,8d27dae5-8d1f-48d0-bfe1-8875d5d568a5,MP-0079,M5012464-2,8d27dae5-8d1f-48d0-bfe1-8875d5d568a5.2,TYPE_2,22.0,1977c2c7-cd44-4e6f-a827-370cd9aad5bd,Massy Sunset Crest,"Massy Stores Supercenter, Sunset Crest",Holetown,St James,BB,,Massy,578dca79-afd1-4b04-816a-322a7067114b,39bdd057540638ed40fc8ba9f292ca73,,,,,1598bfdd-a770-4581-a38c-bbb0757848c2,RFID,5.10,BBD,
ca0f74de-8899-4a95-af96-0e1202ec19ef,2025-03-25 15:29:02,2025-03-25 15:27:13,2025-03-25 11:29:02,2025-03-25 11:27:13,America/Barbados,0.00,0.00,0.0,0.0,0.0,03c821d6-6274-427c-937a-ad91c6bc020d,MP-025,51210097772981,03c821d6-6274-427c-937a-ad91c6bc020d.1,CCS_2,25.0,79b72a61-f5ca-433f-b824-0c7df1204859,Massy Warrens,Massy Warrens - Massy Stores Supercenter,Warrens,St. Michael,BB,,Massy,578dca79-afd1-4b04-816a-322a7067114b,7c8e615ce14bb8e36dd7b15e3f08cec7,,,,,f6bf4b4c-9ce0-49bd-b0ce-4097f2ead238,RFID,0.00,BBD,
cb31b032-a6a2-4eea-9adc-de584c547b63,2025-03-25 16:53:52,2025-03-25 17:17:20,2025-03-25 12:53:52,2025-03-25 13:17:20,America/Barbados,23.47,9.97,2.6,12.0,7.5,024e77fc-3da1-4e73-930e-b76e45511419,MP-001,M5005918-7,024e77fc-3da1-4e73-930e-b76e45511419.1,TYPE_2,7.4,1977c2c7-cd44-4e6f-a827-370cd9aad5bd,Massy Sunset Crest,"Massy Stores Supercenter, Sunset Crest",Holetown,St James,BB,,Massy,578dca79-afd1-4b04-816a-322a7067114b,e6ccdc78f742c2ebda943c4506b7ab80,,,,,,WEB_APP,3.90,BBD,
787f9b14-52c6-45d9-b396-6555eac02ffc,2025-03-25 22:02:31,2025-03-26 00:23:52,2025-03-25 18:02:31,2025-03-25 20:23:52,America/Barbados,141.35,3.23,56.4,31.8,24.6,03c821d6-6274-427c-937a-ad91c6bc020d,MP-025,51210097772981,03c821d6-6274-427c-937a-ad91c6bc020d.2,CHADEMO,25.0,79b72a61-f5ca-433f-b824-0c7df1204859,Massy Warrens,Massy Warrens - Massy Stores Supercenter,Warrens,St. Michael,BB,,Massy,578dca79-afd1-4b04-816a-322a7067114b,8f8a1bc53cfa9904f8ceebad0a28992a,,,,,2b43a680-6c0f-4d9c-937d-40d2fa634566,RFID,98.70,BBD,
d9ea4433-ab2c-449a-8dc3-21552ad6a228,2025-03-26 00:31:38,2025-03-26 02:25:16,2025-03-25 20:31:38,2025-03-25 22:25:16,America/Barbados,113.63,1.37,55.9,33.8,29.6,03c821d6-6274-427c-937a-ad91c6bc020d,MP-025,51210097772981,03c821d6-6274-427c-937a-ad91c6bc020d.1,CCS_2,25.0,79b72a61-f5ca-433f-b824-0c7df1204859,Massy Warrens,Massy Warrens - Massy Stores Supercenter,Warrens,St. Michael,BB,,Massy,578dca79-afd1-4b04-816a-322a7067114b,c72847ec674bfe6cbddfe488c140a36e,,,,,,SYSTEM,97.83,BBD,
7b3b416a-85a0-4d3b-825b-493273eaa521,2025-03-26 10:07:25,2025-03-26 10:12:22,2025-03-26 06:07:25,2025-03-26 06:12:22,America/Barbados,4.96,0.00,0.0,0.0,0.0,03c821d6-6274-427c-937a-ad91c6bc020d,MP-025,51210097772981,03c821d6-6274-427c-937a-ad91c6bc020d.1,CCS_2,25.0,79b72a61-f5ca-433f-b824-0c7df1204859,Massy Warrens,Massy Warrens - Massy Stores Supercenter,Warrens,St. Michael,BB,,Massy,578dca79-afd1-4b04-816a-322a7067114b,d453d2a25df7ffae24023c2de6e302c4,,,,,482acb3d-7cac-4bf8-be36-4a082efc95eb,RFID,0.00,BBD,
7aa13bc5-f18a-45fb-88a4-3271a332ecf4,2025-03-26 21:23:04,2025-03-26 22:05:42,2025-03-26 17:23:04,2025-03-26 18:05:42,America/Barbados,42.63,0.78,18.0,28.1,25.3,03c821d6-6274-427c-937a-ad91c6bc020d,MP-025,51210097772981,03c821d6-6274-427c-937a-ad91c6bc020d.1,CCS_2,25.0,79b72a61-f5ca-433f-b824-0c7df1204859,Massy Warrens,Massy Warrens - Massy Stores Supercenter,Warrens,St. Michael,BB,,Massy,578dca79-afd1-4b04-816a-322a7067114b,5911ffba106a13f8c146db3cc5fdaaf2,,,,,f4154aa6-6205-47f5-bff4-856043d935c8,RFID,31.50,BBD,
d6f7e391-8dc1-4d77-b0f2-9e77b560a2e3,2025-03-26 22:18:32,2025-03-26 22:46:50,2025-03-26 18:18:32,2025-03-26 18:46:50,America/Barbados,28.30,0.00,1.7,4.6,3.7,8d27dae5-8d1f-48d0-bfe1-8875d5d568a5,MP-0079,M5012464-2,8d27dae5-8d1f-48d0-bfe1-8875d5d568a5.2,TYPE_2,22.0,1977c2c7-cd44-4e6f-a827-370cd9aad5bd,Massy Sunset Crest,"Massy Stores Supercenter, Sunset Crest",Holetown,St James,BB,,Massy,578dca79-afd1-4b04-816a-322a7067114b,768d1282fc5a8c161355988d1098736a,,,,,,SYSTEM,2.55,BBD,
59229bc5-ab7c-4348-bb80-6b980995ef9f,2025-03-27 03:10:49,2025-03-27 06:07:09,2025-03-26 23:10:49,2025-03-27 02:07:09,America/Barbados,176.33,3.67,68.6,33.8,27.6,03c821d6-6274-427c-937a-ad91c6bc020d,MP-025,51210097772981,03c821d6-6274-427c-937a-ad91c6bc020d.1,CCS_2,25.0,79b72a61-f5ca-433f-b824-0c7df1204859,Massy Warrens,Massy Warrens - Massy Stores Supercenter,Warrens,St. Michael,BB,,Massy,578dca79-afd1-4b04-816a-322a7067114b,35b6f6f99ae2087ef24aff4869dea359,,,,,9210ee0a-d99f-4855-9c03-cdf9ee6fab7d,RFID,120.05,BBD,
cf5044a1-cb14-4452-a79f-82d59774409b,2025-03-27 08:15:39,2025-03-27 09:56:34,2025-03-27 04:15:39,2025-03-27 05:56:34,America/Barbados,100.92,10.00,39.0,28.1,23.2,03c821d6-6274-427c-937a-ad91c6bc020d,MP-025,51210097772981,03c821d6-6274-427c-937a-ad91c6bc020d.1,CCS_2,25.0,79b72a61-f5ca-433f-b824-0c7df1204859,Massy Warrens,Massy Warrens - Massy Stores Supercenter,Warrens,St. Michael,BB,,Massy,578dca79-afd1-4b04-816a-322a7067114b,dd4c88acde25753674e21b473fe166ef,,,,,,SYSTEM,68.25,BBD,
635e7bdc-1a0d-4573-8591-e148e729d1c8,2025-03-27 13:17:10,2025-03-27 13:38:00,2025-03-27 09:17:10,2025-03-27 09:38:00,America/Barbados,21.02,0.00,2.4,8.0,6.9,8d27dae5-8d1f-48d0-bfe1-8875d5d568a5,MP-0079,M5012464-2,8d27dae5-8d1f-48d0-bfe1-8875d5d568a5.1,TYPE_2,22.0,1977c2c7-cd44-4e6f-a827-370cd9aad5bd,Massy Sunset Crest,"Massy Stores Supercenter, Sunset Crest",Holetown,St James,BB,,Massy,578dca79-afd1-4b04-816a-322a7067114b,dd45ba246b049b48bc5a179f123e9786,,,,,,SYSTEM,3.57,BBD,
a5536645-4791-45e7-a99f-495c603efa6e,2025-03-27 13:05:33,2025-03-27 14:58:40,2025-03-27 09:05:33,2025-03-27 10:58:40,America/Barbados,125.72,0.80,51.4,866.1,39.1,03c821d6-6274-427c-937a-ad91c6bc020d,MP-025,51210097772981,03c821d6-6274-427c-937a-ad91c6bc020d.1,CCS_2,25.0,79b72a61-f5ca-433f-b824-0c7df1204859,Massy Warrens,Massy Warrens - Massy Stores Supercenter,Warrens,St. Michael,BB,,Massy,578dca79-afd1-4b04-816a-322a7067114b,d01f8298c4aa0be4b825cec87e3512c6,,,,,7c802f13-3acc-4c06-8717-a63c9d015e7e,RFID,88.29,BBD,
3fd245e3-a99e-4e10-a7e5-b63a3d3a3c8b,2025-03-27 16:31:03,2025-03-27 17:18:02,2025-03-27 12:31:03,2025-03-27 13:18:02,America/Barbados,46.98,0.00,20.1,0.0,0.0,03c821d6-6274-427c-937a-ad91c6bc020d,MP-025,51210097772981,03c821d6-6274-427c-937a-ad91c6bc020d.1,CCS_2,25.0,79b72a61-f5ca-433f-b824-0c7df1204859,Massy Warrens,Massy Warrens - Massy Stores Supercenter,Warrens,St. Michael,BB,,Massy,578dca79-afd1-4b04-816a-322a7067114b,03d1ce26fa49936b6e72eb9eafef6e3f,,,,,97fceca9-6706-421a-89f2-0f307f042c89,RFID,35.18,BBD,
8b2407b4-b5c0-428e-9f90-6330454ac3a5,2025-03-27 20:46:02,2025-03-27 21:48:11,2025-03-27 16:46:02,2025-03-27 17:48:11,America/Barbados,62.15,1.62,26.3,28.1,25.4,03c821d6-6274-427c-937a-ad91c6bc020d,MP-025,51210097772981,03c821d6-6274-427c-937a-ad91c6bc020d.1,CCS_2,25.0,79b72a61-f5ca-433f-b824-0c7df1204859,Massy Warrens,Massy Warrens - Massy Stores Supercenter,Warrens,St. Michael,BB,,Massy,578dca79-afd1-4b04-816a-322a7067114b,e74d2ff814ba3f55ddbe58946f62c27e,,,,,,SYSTEM,46.03,BBD,
b89ff6a2-a411-4058-86d0-8b58af0e0e3f,2025-03-27 21:56:46,2025-03-27 23:22:55,2025-03-27 17:56:46,2025-03-27 19:22:55,America/Barbados,86.15,0.55,39.6,33.8,27.6,03c821d6-6274-427c-937a-ad91c6bc020d,MP-025,51210097772981,03c821d6-6274-427c-937a-ad91c6bc020d.1,CCS_2,25.0,79b72a61-f5ca-433f-b824-0c7df1204859,Massy Warrens,Massy Warrens - Massy Stores Supercenter,Warrens,St. Michael,BB,,Massy,578dca79-afd1-4b04-816a-322a7067114b,de496c2b0c06805735691033fa5f0366,,,,,,SYSTEM,69.30,BBD,
2c557ed0-d33c-47e7-b32c-2c7409c7b39f,2025-03-28 00:37:39,2025-03-28 01:40:56,2025-03-27 20:37:39,2025-03-27 21:40:56,America/Barbados,63.28,2.13,26.5,32.7,25.2,03c821d6-6274-427c-937a-ad91c6bc020d,MP-025,51210097772981,03c821d6-6274-427c-937a-ad91c6bc020d.1,CCS_2,25.0,79b72a61-f5ca-433f-b824-0c7df1204859,Massy Warrens,Massy Warrens - Massy Stores Supercenter,Warrens,St. Michael,BB,,Massy,578dca79-afd1-4b04-816a-322a7067114b,53c3e7f13adc18ac7473c99ec64d56c5,,,,,5b11676b-0383-4ad8-a16f-6da4cd89f3e3,RFID,46.38,BBD,
eb93effd-6438-445a-836d-e28ddd674025,2025-03-28 11:15:13,2025-03-28 11:15:13,2025-03-28 07:15:13,2025-03-28 07:15:13,America/Barbados,0.00,0.00,0.0,0.0,0.0,03c821d6-6274-427c-937a-ad91c6bc020d,MP-025,51210097772981,03c821d6-6274-427c-937a-ad91c6bc020d.1,CCS_2,25.0,79b72a61-f5ca-433f-b824-0c7df1204859,Massy Warrens,Massy Warrens - Massy Stores Supercenter,Warrens,St. Michael,BB,,Massy,578dca79-afd1-4b04-816a-322a7067114b,d01f8298c4aa0be4b825cec87e3512c6,,,,,7c802f13-3acc-4c06-8717-a63c9d015e7e,RFID,0.00,BBD,
fd0717a6-1bb4-4ec9-8afa-932ec2ac6fe4,2025-03-28 14:00:46,2025-03-28 15:18:37,2025-03-28 10:00:46,2025-03-28 11:18:37,America/Barbados,77.85,1.08,35.3,45.0,28.8,03c821d6-6274-427c-937a-ad91c6bc020d,MP-025,51210097772981,03c821d6-6274-427c-937a-ad91c6bc020d.1,CCS_2,25.0,79b72a61-f5ca-433f-b824-0c7df1204859,Massy Warrens,Massy Warrens - Massy Stores Supercenter,Warrens,St. Michael,BB,,Massy,578dca79-afd1-4b04-816a-322a7067114b,757655c3976bb27bcf24b456d24fd387,,,,,f63c233f-bf0f-4c6b-b7cb-de67bc672b06,RFID,61.78,BBD,
6828c0a9-ccff-4f26-af37-3f32027beae9,2025-03-28 19:25:22,2025-03-28 17:06:18,2025-03-28 15:25:22,2025-03-28 13:06:18,America/Barbados,0.00,0.00,0.0,0.0,0.0,03c821d6-6274-427c-937a-ad91c6bc020d,MP-025,51210097772981,03c821d6-6274-427c-937a-ad91c6bc020d.1,CCS_2,25.0,79b72a61-f5ca-433f-b824-0c7df1204859,Massy Warrens,Massy Warrens - Massy Stores Supercenter,Warrens,St. Michael,BB,,Massy,578dca79-afd1-4b04-816a-322a7067114b,35b6f6f99ae2087ef24aff4869dea359,,,,,9210ee0a-d99f-4855-9c03-cdf9ee6fab7d,RFID,0.00,BBD,
cc082d5c-7248-4dee-814d-579a5b3ded40,2025-03-28 21:20:39,2025-03-28 21:41:01,2025-03-28 17:20:39,2025-03-28 17:41:01,America/Barbados,20.37,11.30,2.6,50.0,10.8,03c821d6-6274-427c-937a-ad91c6bc020d,MP-025,51210097772981,03c821d6-6274-427c-937a-ad91c6bc020d.2,CHADEMO,25.0,79b72a61-f5ca-433f-b824-0c7df1204859,Massy Warrens,Massy Warrens - Massy Stores Supercenter,Warrens,St. Michael,BB,,Massy,578dca79-afd1-4b04-816a-322a7067114b,564363f1092f00b6d8b93b0dffe923e8,,,,,ff8272b9-b9c0-4e2c-a725-65cbd037a327,RFID,4.55,BBD,
375c1949-27f7-41a9-975b-52ba33e9259d,2025-03-29 00:08:49,2025-03-29 01:04:01,2025-03-28 20:08:49,2025-03-28 21:04:01,America/Barbados,55.20,1.07,23.4,145.2,28.3,03c821d6-6274-427c-937a-ad91c6bc020d,MP-025,51210097772981,03c821d6-6274-427c-937a-ad91c6bc020d.1,CCS_2,25.0,79b72a61-f5ca-433f-b824-0c7df1204859,Massy Warrens,Massy Warrens - Massy Stores Supercenter,Warrens,St. Michael,BB,,Massy,578dca79-afd1-4b04-816a-322a7067114b,d9ac14dcfeeb81692e375c0a863a5adc,,,,,966a5929-4bde-45f1-917b-159abcfa7ae8,RFID,40.95,BBD,
c792b069-dee3-4b7b-a391-95d00f6c3120,2025-03-29 01:19:10,2025-03-29 03:02:37,2025-03-28 21:19:10,2025-03-28 23:02:37,America/Barbados,103.45,13.60,37.9,213.0,24.0,03c821d6-6274-427c-937a-ad91c6bc020d,MP-025,51210097772981,03c821d6-6274-427c-937a-ad91c6bc020d.1,CCS_2,25.0,79b72a61-f5ca-433f-b824-0c7df1204859,Massy Warrens,Massy Warrens - Massy Stores Supercenter,Warrens,St. Michael,BB,,Massy,578dca79-afd1-4b04-816a-322a7067114b,677d88bb83a91963e061ae8a70c86a51,,,,,545e7042-ec87-4932-88ff-b50d3666c9af,RFID,66.33,BBD,
4caefeda-63b2-4d7b-88f7-84c2d00bb09f,2025-03-29 13:24:55,2025-03-29 13:47:02,2025-03-29 09:24:55,2025-03-29 09:47:02,America/Barbados,22.12,0.00,2.4,8.0,6.5,8d27dae5-8d1f-48d0-bfe1-8875d5d568a5,MP-0079,M5012464-2,8d27dae5-8d1f-48d0-bfe1-8875d5d568a5.1,TYPE_2,22.0,1977c2c7-cd44-4e6f-a827-370cd9aad5bd,Massy Sunset Crest,"Massy Stores Supercenter, Sunset Crest",Holetown,St James,BB,,Massy,578dca79-afd1-4b04-816a-322a7067114b,8b3284118e704bfe3e13cda7a98798a8,,,,,2ed114ba-a745-45a3-8dcd-a088d7b6a0af,RFID,3.60,BBD,
78ac79b1-ce72-44c5-a4bf-ef1c21590735,2025-03-29 18:34:59,2025-03-29 19:37:19,2025-03-29 14:34:59,2025-03-29 15:37:19,America/Barbados,62.33,0.00,3.7,4.0,3.6,8d27dae5-8d1f-48d0-bfe1-8875d5d568a5,MP-0079,M5012464-2,8d27dae5-8d1f-48d0-bfe1-8875d5d568a5.2,TYPE_2,22.0,1977c2c7-cd44-4e6f-a827-370cd9aad5bd,Massy Sunset Crest,"Massy Stores Supercenter, Sunset Crest",Holetown,St James,BB,,Massy,578dca79-afd1-4b04-816a-322a7067114b,39bdd057540638ed40fc8ba9f292ca73,,,,,1598bfdd-a770-4581-a38c-bbb0757848c2,RFID,5.55,BBD,
906ed6a4-bb7e-49e6-a772-276321d149ce,2025-03-29 18:44:08,2025-03-29 20:35:58,2025-03-29 14:44:08,2025-03-29 16:35:58,America/Barbados,111.83,2.78,47.4,34.1,25.6,03c821d6-6274-427c-937a-ad91c6bc020d,MP-025,51210097772981,03c821d6-6274-427c-937a-ad91c6bc020d.1,CCS_2,25.0,79b72a61-f5ca-433f-b824-0c7df1204859,Massy Warrens,Massy Warrens - Massy Stores Supercenter,Warrens,St. Michael,BB,,Massy,578dca79-afd1-4b04-816a-322a7067114b,9524292787ec90c1c0d210497cc1166e,,,,,81c772bc-95b4-494a-b120-9b72e065fadc,RFID,82.95,BBD,
700fc686-23d5-487e-a7ae-ff1829383d59,2025-03-29 22:40:11,2025-03-29 23:54:11,2025-03-29 18:40:11,2025-03-29 19:54:11,America/Barbados,74.00,0.93,31.3,28.1,25.3,03c821d6-6274-427c-937a-ad91c6bc020d,MP-025,51210097772981,03c821d6-6274-427c-937a-ad91c6bc020d.1,CCS_2,25.0,79b72a61-f5ca-433f-b824-0c7df1204859,Massy Warrens,Massy Warrens - Massy Stores Supercenter,Warrens,St. Michael,BB,,Massy,578dca79-afd1-4b04-816a-322a7067114b,40a16d94208fdc757cd189b90808792e,,,,,,SYSTEM,54.78,BBD,
dc87bb3b-7c1a-4ce7-bf85-4b522f4f14ae,2025-03-30 04:54:10,2025-03-30 05:47:38,2025-03-30 00:54:10,2025-03-30 01:47:38,America/Barbados,53.47,0.00,5.7,8.0,6.4,8d27dae5-8d1f-48d0-bfe1-8875d5d568a5,MP-0079,M5012464-2,8d27dae5-8d1f-48d0-bfe1-8875d5d568a5.1,TYPE_2,22.0,1977c2c7-cd44-4e6f-a827-370cd9aad5bd,Massy Sunset Crest,"Massy Stores Supercenter, Sunset Crest",Holetown,St James,BB,,Massy,578dca79-afd1-4b04-816a-322a7067114b,85238d638918d8b6ce011cd702d78404,,,,,,SYSTEM,8.55,BBD,
a4439922-2564-49e3-b80f-64e683f86f1a,2025-03-30 11:57:02,2025-03-30 11:55:02,2025-03-30 07:57:02,2025-03-30 07:55:02,America/Barbados,0.00,0.00,0.0,0.0,0.0,03c821d6-6274-427c-937a-ad91c6bc020d,MP-025,51210097772981,03c821d6-6274-427c-937a-ad91c6bc020d.1,CCS_2,25.0,79b72a61-f5ca-433f-b824-0c7df1204859,Massy Warrens,Massy Warrens - Massy Stores Supercenter,Warrens,St. Michael,BB,,Massy,578dca79-afd1-4b04-816a-322a7067114b,35b6f6f99ae2087ef24aff4869dea359,,,,,9210ee0a-d99f-4855-9c03-cdf9ee6fab7d,RFID,0.00,BBD,
255fdfdf-adb6-43eb-95b4-7cc71b316743,2025-03-30 15:39:57,2025-03-30 17:14:32,2025-03-30 11:39:57,2025-03-30 13:14:32,America/Barbados,94.58,1.25,44.3,33.8,28.1,03c821d6-6274-427c-937a-ad91c6bc020d,MP-025,51210097772981,03c821d6-6274-427c-937a-ad91c6bc020d.1,CCS_2,25.0,79b72a61-f5ca-433f-b824-0c7df1204859,Massy Warrens,Massy Warrens - Massy Stores Supercenter,Warrens,St. Michael,BB,,Massy,578dca79-afd1-4b04-816a-322a7067114b,de496c2b0c06805735691033fa5f0366,,,,,,SYSTEM,77.53,BBD,
2f8cd596-8e81-4b01-bda8-2f7b3a73c908,2025-03-30 17:56:36,2025-03-30 18:45:26,2025-03-30 13:56:36,2025-03-30 14:45:26,America/Barbados,48.83,0.85,20.7,28.1,25.6,03c821d6-6274-427c-937a-ad91c6bc020d,MP-025,51210097772981,03c821d6-6274-427c-937a-ad91c6bc020d.1,CCS_2,25.0,79b72a61-f5ca-433f-b824-0c7df1204859,Massy Warrens,Massy Warrens - Massy Stores Supercenter,Warrens,St. Michael,BB,,Massy,578dca79-afd1-4b04-816a-322a7067114b,5911ffba106a13f8c146db3cc5fdaaf2,,,,,f4154aa6-6205-47f5-bff4-856043d935c8,RFID,36.23,BBD,
006a7bb9-cc72-4785-9c28-1b5b8dc1ff53,2025-03-30 20:01:42,2025-03-31 01:33:07,2025-03-30 16:01:42,2025-03-30 21:33:07,America/Barbados,331.42,13.20,42.6,0.0,0.0,03c821d6-6274-427c-937a-ad91c6bc020d,MP-025,51210097772981,03c821d6-6274-427c-937a-ad91c6bc020d.2,CHADEMO,25.0,79b72a61-f5ca-433f-b824-0c7df1204859,Massy Warrens,Massy Warrens - Massy Stores Supercenter,Warrens,St. Michael,BB,,Massy,578dca79-afd1-4b04-816a-322a7067114b,8f8a1bc53cfa9904f8ceebad0a28992a,,,,,2b43a680-6c0f-4d9c-937d-40d2fa634566,RFID,74.55,BBD,
78928a7f-8ad0-493d-acf2-fc2e46df9c0e,2025-03-31 02:42:50,2025-03-31 03:03:21,2025-03-30 22:42:50,2025-03-30 23:03:21,America/Barbados,20.52,0.00,4.9,0.0,0.0,03c821d6-6274-427c-937a-ad91c6bc020d,MP-025,51210097772981,03c821d6-6274-427c-937a-ad91c6bc020d.1,CCS_2,25.0,79b72a61-f5ca-433f-b824-0c7df1204859,Massy Warrens,Massy Warrens - Massy Stores Supercenter,Warrens,St. Michael,BB,,Massy,578dca79-afd1-4b04-816a-322a7067114b,dd4c88acde25753674e21b473fe166ef,,,,,033b321f-9ea1-4604-93a9-0160f0c2ca9c,RFID,8.58,BBD,
de66a9fd-f244-44ed-a051-8b48bb948db8,2025-03-31 12:01:07,2025-03-31 12:01:07,2025-03-31 08:01:07,2025-03-31 08:01:07,America/Barbados,0.00,0.00,0.0,0.0,0.0,03c821d6-6274-427c-937a-ad91c6bc020d,MP-025,51210097772981,03c821d6-6274-427c-937a-ad91c6bc020d.1,CCS_2,25.0,79b72a61-f5ca-433f-b824-0c7df1204859,Massy Warrens,Massy Warrens - Massy Stores Supercenter,Warrens,St. Michael,BB,,Massy,578dca79-afd1-4b04-816a-322a7067114b,d01f8298c4aa0be4b825cec87e3512c6,,,,,7c802f13-3acc-4c06-8717-a63c9d015e7e,RFID,0.00,BBD,
2ef01b63-2e98-4b8f-93a1-e84e0e9a57d7,2025-03-31 17:18:23,2025-03-31 18:09:28,2025-03-31 13:18:23,2025-03-31 14:09:28,America/Barbados,51.08,2.28,20.9,196.8,29.3,03c821d6-6274-427c-937a-ad91c6bc020d,MP-025,51210097772981,03c821d6-6274-427c-937a-ad91c6bc020d.1,CCS_2,25.0,79b72a61-f5ca-433f-b824-0c7df1204859,Massy Warrens,Massy Warrens - Massy Stores Supercenter,Warrens,St. Michael,BB,,Massy,578dca79-afd1-4b04-816a-322a7067114b,d453d2a25df7ffae24023c2de6e302c4,,,,,482acb3d-7cac-4bf8-be36-4a082efc95eb,RFID,18.29,BBD,
162eeb37-b06d-4cb2-a687-a3a087f5a77d,2025-03-31 19:49:05,2025-03-31 20:12:55,2025-03-31 15:49:05,2025-03-31 16:12:55,America/Barbados,23.83,10.23,5.0,22.5,12.9,03c821d6-6274-427c-937a-ad91c6bc020d,MP-025,51210097772981,03c821d6-6274-427c-937a-ad91c6bc020d.2,CHADEMO,25.0,79b72a61-f5ca-433f-b824-0c7df1204859,Massy Warrens,Massy Warrens - Massy Stores Supercenter,Warrens,St. Michael,BB,,Massy,578dca79-afd1-4b04-816a-322a7067114b,db3e62ad8d365e37e9d2fbcca8e6af4b,,,,,,SYSTEM,8.75,BBD,
cc401353-33a7-49c7-b189-a602594d11f2,2025-03-31 22:45:30,2025-03-31 23:02:22,2025-03-31 18:45:30,2025-03-31 19:02:22,America/Barbados,16.87,0.00,1.0,4.0,3.5,8d27dae5-8d1f-48d0-bfe1-8875d5d568a5,MP-0079,M5012464-2,8d27dae5-8d1f-48d0-bfe1-8875d5d568a5.1,TYPE_2,22.0,1977c2c7-cd44-4e6f-a827-370cd9aad5bd,Massy Sunset Crest,"Massy Stores Supercenter, Sunset Crest",Holetown,St James,BB,,Massy,578dca79-afd1-4b04-816a-322a7067114b,768d1282fc5a8c161355988d1098736a,,,,,,SYSTEM,1.50,BBD,
aba358c5-a05a-4332-bfd6-1560a699b485,2025-04-01 02:10:53,2025-04-01 04:03:36,2025-03-31 22:10:53,2025-04-01 00:03:36,America/Barbados,112.72,0.80,56.5,472.5,33.5,03c821d6-6274-427c-937a-ad91c6bc020d,MP-025,51210097772981,03c821d6-6274-427c-937a-ad91c6bc020d.1,CCS_2,25.0,79b72a61-f5ca-433f-b824-0c7df1204859,Massy Warrens,Massy Warrens - Massy Stores Supercenter,Warrens,St. Michael,BB,,Massy,578dca79-afd1-4b04-816a-322a7067114b,35b6f6f99ae2087ef24aff4869dea359,,,,,9210ee0a-d99f-4855-9c03-cdf9ee6fab7d,RFID,98.88,BBD,
bd1a2440-a897-4f90-9f8c-33925ea5342c,2025-04-01 14:05:30,2025-04-01 15:35:39,2025-04-01 10:05:30,2025-04-01 11:35:39,America/Barbados,90.15,1.37,39.5,33.8,28.5,03c821d6-6274-427c-937a-ad91c6bc020d,MP-025,51210097772981,03c821d6-6274-427c-937a-ad91c6bc020d.1,CCS_2,25.0,79b72a61-f5ca-433f-b824-0c7df1204859,Massy Warrens,Massy Warrens - Massy Stores Supercenter,Warrens,St. Michael,BB,,Massy,578dca79-afd1-4b04-816a-322a7067114b,757655c3976bb27bcf24b456d24fd387,,,,,f63c233f-bf0f-4c6b-b7cb-de67bc672b06,RFID,69.13,BBD,
d1a4ded8-4ac3-46d6-81c8-52bfe481086a,2025-04-01 16:33:04,2025-04-01 17:11:27,2025-04-01 12:33:04,2025-04-01 13:11:27,America/Barbados,38.38,1.33,16.2,28.1,25.5,03c821d6-6274-427c-937a-ad91c6bc020d,MP-025,51210097772981,03c821d6-6274-427c-937a-ad91c6bc020d.1,CCS_2,25.0,79b72a61-f5ca-433f-b824-0c7df1204859,Massy Warrens,Massy Warrens - Massy Stores Supercenter,Warrens,St. Michael,BB,,Massy,578dca79-afd1-4b04-816a-322a7067114b,080eb6f3ca035209586fad3b452199c2,,,,,12a311e6-c8c8-4c1e-a086-6aa23bc92f92,RFID,28.35,BBD,
f1e51a83-e47a-45bf-b0de-8cbcba3a71fe,2025-04-01 22:10:41,2025-04-01 23:24:10,2025-04-01 18:10:41,2025-04-01 19:24:10,America/Barbados,73.48,1.60,32.5,28.1,26.6,03c821d6-6274-427c-937a-ad91c6bc020d,MP-025,51210097772981,03c821d6-6274-427c-937a-ad91c6bc020d.1,CCS_2,25.0,79b72a61-f5ca-433f-b824-0c7df1204859,Massy Warrens,Massy Warrens - Massy Stores Supercenter,Warrens,St. Michael,BB,,Massy,578dca79-afd1-4b04-816a-322a7067114b,a8947df47909a29cbcea48406b5b1f7f,,,,,,SYSTEM,56.88,BBD,
3f37d34f-2b42-4795-855e-6b6a46b5bf68,2025-04-02 10:58:01,2025-04-02 11:09:52,2025-04-02 06:58:01,2025-04-02 07:09:52,America/Barbados,11.86,0.00,4.4,28.1,25.0,03c821d6-6274-427c-937a-ad91c6bc020d,MP-025,51210097772981,03c821d6-6274-427c-937a-ad91c6bc020d.1,CCS_2,25.0,79b72a61-f5ca-433f-b824-0c7df1204859,Massy Warrens,Massy Warrens - Massy Stores Supercenter,Warrens,St. Michael,BB,,Massy,578dca79-afd1-4b04-816a-322a7067114b,e74d2ff814ba3f55ddbe58946f62c27e,,,,,,SYSTEM,7.70,BBD,
68c34e7c-8215-40f3-aa76-4fd19c3f6bd4,2025-04-02 21:11:14,2025-04-02 21:26:03,2025-04-02 17:11:14,2025-04-02 17:26:03,America/Barbados,14.82,0.80,6.2,31.6,25.3,03c821d6-6274-427c-937a-ad91c6bc020d,MP-025,51210097772981,03c821d6-6274-427c-937a-ad91c6bc020d.1,CCS_2,25.0,79b72a61-f5ca-433f-b824-0c7df1204859,Massy Warrens,Massy Warrens - Massy Stores Supercenter,Warrens,St. Michael,BB,,Massy,578dca79-afd1-4b04-816a-322a7067114b,dd4c88acde25753674e21b473fe166ef,,,,,,SYSTEM,10.85,BBD,
67ecfd19-3430-4d3c-be21-244ddfa2d5ab,2025-04-02 21:28:11,2025-04-02 22:47:33,2025-04-02 17:28:11,2025-04-02 18:47:33,America/Barbados,79.37,1.33,33.8,34.8,25.7,03c821d6-6274-427c-937a-ad91c6bc020d,MP-025,51210097772981,03c821d6-6274-427c-937a-ad91c6bc020d.1,CCS_2,25.0,79b72a61-f5ca-433f-b824-0c7df1204859,Massy Warrens,Massy Warrens - Massy Stores Supercenter,Warrens,St. Michael,BB,,Massy,578dca79-afd1-4b04-816a-322a7067114b,5911ffba106a13f8c146db3cc5fdaaf2,,,,,f4154aa6-6205-47f5-bff4-856043d935c8,RFID,59.15,BBD,
7ac4aff6-b771-446f-98f3-c74434c3696e,2025-04-03 02:56:25,2025-04-03 02:56:25,2025-04-02 22:56:25,2025-04-02 22:56:25,America/Barbados,0.00,0.00,0.0,0.0,0.0,03c821d6-6274-427c-937a-ad91c6bc020d,MP-025,51210097772981,03c821d6-6274-427c-937a-ad91c6bc020d.1,CCS_2,25.0,79b72a61-f5ca-433f-b824-0c7df1204859,Massy Warrens,Massy Warrens - Massy Stores Supercenter,Warrens,St. Michael,BB,,Massy,578dca79-afd1-4b04-816a-322a7067114b,35b6f6f99ae2087ef24aff4869dea359,,,,,9210ee0a-d99f-4855-9c03-cdf9ee6fab7d,RFID,0.00,BBD,
f3b7ab0d-120a-49f9-9be9-f3f9faa44296,2025-04-03 08:46:03,2025-04-03 08:46:03,2025-04-03 04:46:03,2025-04-03 04:46:03,America/Barbados,0.00,0.00,0.0,0.0,0.0,03c821d6-6274-427c-937a-ad91c6bc020d,MP-025,51210097772981,03c821d6-6274-427c-937a-ad91c6bc020d.1,CCS_2,25.0,79b72a61-f5ca-433f-b824-0c7df1204859,Massy Warrens,Massy Warrens - Massy Stores Supercenter,Warrens,St. Michael,BB,,Massy,578dca79-afd1-4b04-816a-322a7067114b,dd4c88acde25753674e21b473fe166ef,,,,,033b321f-9ea1-4604-93a9-0160f0c2ca9c,RFID,0.00,BBD,
d48e367e-9580-45b4-8dcf-e7ea71ebc34b,2025-04-03 12:16:49,2025-04-03 13:08:39,2025-04-03 08:16:49,2025-04-03 09:08:39,America/Barbados,51.83,0.00,6.1,8.0,7.1,8d27dae5-8d1f-48d0-bfe1-8875d5d568a5,MP-0079,M5012464-2,8d27dae5-8d1f-48d0-bfe1-8875d5d568a5.1,TYPE_2,22.0,1977c2c7-cd44-4e6f-a827-370cd9aad5bd,Massy Sunset Crest,"Massy Stores Supercenter, Sunset Crest",Holetown,St James,BB,,Massy,578dca79-afd1-4b04-816a-322a7067114b,dd45ba246b049b48bc5a179f123e9786,,,,,,SYSTEM,9.15,BBD,
f1bcb400-e472-4e94-aef8-3f24cb3878cf,2025-04-03 13:47:19,2025-04-03 14:00:57,2025-04-03 09:47:19,2025-04-03 10:00:57,America/Barbados,13.63,4.58,2.4,63.9,16.7,03c821d6-6274-427c-937a-ad91c6bc020d,MP-025,51210097772981,03c821d6-6274-427c-937a-ad91c6bc020d.2,CHADEMO,25.0,79b72a61-f5ca-433f-b824-0c7df1204859,Massy Warrens,Massy Warrens - Massy Stores Supercenter,Warrens,St. Michael,BB,,Massy,578dca79-afd1-4b04-816a-322a7067114b,564363f1092f00b6d8b93b0dffe923e8,,,,,ff8272b9-b9c0-4e2c-a725-65cbd037a327,RFID,4.20,BBD,
d00a22c7-251a-42c8-abb5-d905cf96e25b,2025-04-03 19:01:17,2025-04-03 19:39:44,2025-04-03 15:01:17,2025-04-03 15:39:44,America/Barbados,38.45,14.50,4.7,25.7,7.7,024e77fc-3da1-4e73-930e-b76e45511419,MP-001,M5005918-7,024e77fc-3da1-4e73-930e-b76e45511419.1,TYPE_2,7.4,1977c2c7-cd44-4e6f-a827-370cd9aad5bd,Massy Sunset Crest,"Massy Stores Supercenter, Sunset Crest",Holetown,St James,BB,,Massy,578dca79-afd1-4b04-816a-322a7067114b,8b3284118e704bfe3e13cda7a98798a8,,,,,2ed114ba-a745-45a3-8dcd-a088d7b6a0af,RFID,7.05,BBD,
0d61276d-cd97-461f-9264-068e6b0a7521,2025-04-03 19:13:57,2025-04-03 19:51:45,2025-04-03 15:13:57,2025-04-03 15:51:45,America/Barbados,37.80,8.75,11.7,28.1,18.5,03c821d6-6274-427c-937a-ad91c6bc020d,MP-025,51210097772981,03c821d6-6274-427c-937a-ad91c6bc020d.1,CCS_2,25.0,79b72a61-f5ca-433f-b824-0c7df1204859,Massy Warrens,Massy Warrens - Massy Stores Supercenter,Warrens,St. Michael,BB,,Massy,578dca79-afd1-4b04-816a-322a7067114b,0e411a7aae18e5bf462136072fec76ab,,,,,,SYSTEM,20.48,BBD,
524606cd-ddd7-4448-957a-8df4cb18d319,2025-04-03 18:21:33,2025-04-03 21:41:39,2025-04-03 14:21:33,2025-04-03 17:41:39,America/Barbados,200.10,125.10,4.0,4.0,3.2,8d27dae5-8d1f-48d0-bfe1-8875d5d568a5,MP-0079,M5012464-2,8d27dae5-8d1f-48d0-bfe1-8875d5d568a5.1,TYPE_2,22.0,1977c2c7-cd44-4e6f-a827-370cd9aad5bd,Massy Sunset Crest,"Massy Stores Supercenter, Sunset Crest",Holetown,St James,BB,,Massy,578dca79-afd1-4b04-816a-322a7067114b,39bdd057540638ed40fc8ba9f292ca73,,,,,1598bfdd-a770-4581-a38c-bbb0757848c2,RFID,6.00,BBD,
e8407500-89ef-41ca-80a0-f21a8ec6f66d,2025-04-03 22:35:52,2025-04-04 00:19:28,2025-04-03 18:35:52,2025-04-03 20:19:28,America/Barbados,103.60,1.07,48.2,45.0,28.1,03c821d6-6274-427c-937a-ad91c6bc020d,MP-025,51210097772981,03c821d6-6274-427c-937a-ad91c6bc020d.1,CCS_2,25.0,79b72a61-f5ca-433f-b824-0c7df1204859,Massy Warrens,Massy Warrens - Massy Stores Supercenter,Warrens,St. Michael,BB,,Massy,578dca79-afd1-4b04-816a-322a7067114b,de496c2b0c06805735691033fa5f0366,,,,,,SYSTEM,84.35,BBD,
28da1ef2-6aea-487d-aac5-f43ce66bf99f,2025-04-04 00:59:00,2025-04-04 02:22:09,2025-04-03 20:59:00,2025-04-03 22:22:09,America/Barbados,83.15,1.07,35.2,28.1,25.4,03c821d6-6274-427c-937a-ad91c6bc020d,MP-025,51210097772981,03c821d6-6274-427c-937a-ad91c6bc020d.1,CCS_2,25.0,79b72a61-f5ca-433f-b824-0c7df1204859,Massy Warrens,Massy Warrens - Massy Stores Supercenter,Warrens,St. Michael,BB,,Massy,578dca79-afd1-4b04-816a-322a7067114b,40a16d94208fdc757cd189b90808792e,,,,,,SYSTEM,61.60,BBD,
0a494946-e664-4256-88ce-36bc37201549,2025-04-04 11:25:50,2025-04-04 11:25:50,2025-04-04 07:25:50,2025-04-04 07:25:50,America/Barbados,0.00,0.00,0.0,0.0,0.0,03c821d6-6274-427c-937a-ad91c6bc020d,MP-025,51210097772981,03c821d6-6274-427c-937a-ad91c6bc020d.1,CCS_2,25.0,79b72a61-f5ca-433f-b824-0c7df1204859,Massy Warrens,Massy Warrens - Massy Stores Supercenter,Warrens,St. Michael,BB,,Massy,578dca79-afd1-4b04-816a-322a7067114b,d01f8298c4aa0be4b825cec87e3512c6,,,,,7c802f13-3acc-4c06-8717-a63c9d015e7e,RFID,0.00,BBD,
2e5bd703-ecce-424e-b081-077de7105c82,2025-04-04 16:08:34,2025-04-04 16:42:24,2025-04-04 12:08:34,2025-04-04 12:42:24,America/Barbados,33.83,1.83,13.9,314.4,34.3,03c821d6-6274-427c-937a-ad91c6bc020d,MP-025,51210097772981,03c821d6-6274-427c-937a-ad91c6bc020d.1,CCS_2,25.0,79b72a61-f5ca-433f-b824-0c7df1204859,Massy Warrens,Massy Warrens - Massy Stores Supercenter,Warrens,St. Michael,BB,,Massy,578dca79-afd1-4b04-816a-322a7067114b,d453d2a25df7ffae24023c2de6e302c4,,,,,482acb3d-7cac-4bf8-be36-4a082efc95eb,RFID,12.16,BBD,
2dc6d1b4-3dd3-4ce2-a704-788c8a40cfdf,2025-04-04 17:44:30,2025-04-04 18:28:28,2025-04-04 13:44:30,2025-04-04 14:28:28,America/Barbados,43.97,0.00,5.2,8.0,7.2,8d27dae5-8d1f-48d0-bfe1-8875d5d568a5,MP-0079,M5012464-2,8d27dae5-8d1f-48d0-bfe1-8875d5d568a5.1,TYPE_2,22.0,1977c2c7-cd44-4e6f-a827-370cd9aad5bd,Massy Sunset Crest,"Massy Stores Supercenter, Sunset Crest",Holetown,St James,BB,,Massy,578dca79-afd1-4b04-816a-322a7067114b,07a077acd1df0fe6d535fa7725a622fe,,,,,,SYSTEM,7.80,BBD,
1f7e3aa6-623c-4c03-80a0-70dec4e414f8,2025-04-04 18:46:12,2025-04-04 19:11:49,2025-04-04 14:46:12,2025-04-04 15:11:49,America/Barbados,25.62,24.60,0.0,0.0,0.0,024e77fc-3da1-4e73-930e-b76e45511419,MP-001,M5005918-7,024e77fc-3da1-4e73-930e-b76e45511419.2,TYPE_2,7.4,1977c2c7-cd44-4e6f-a827-370cd9aad5bd,Massy Sunset Crest,"Massy Stores Supercenter, Sunset Crest",Holetown,St James,BB,,Massy,578dca79-afd1-4b04-816a-322a7067114b,91eea880ab7f2ca51fa7d2a0ebe5d341,,,,,,SYSTEM,0.00,BBD,
2c89e1b2-7bf8-4b89-8884-523780e024a4,2025-04-04 18:45:55,2025-04-04 19:20:32,2025-04-04 14:45:55,2025-04-04 15:20:32,America/Barbados,34.62,1.60,14.0,28.1,22.8,03c821d6-6274-427c-937a-ad91c6bc020d,MP-025,51210097772981,03c821d6-6274-427c-937a-ad91c6bc020d.1,CCS_2,25.0,79b72a61-f5ca-433f-b824-0c7df1204859,Massy Warrens,Massy Warrens - Massy Stores Supercenter,Warrens,St. Michael,BB,,Massy,578dca79-afd1-4b04-816a-322a7067114b,53c3e7f13adc18ac7473c99ec64d56c5,,,,,5b11676b-0383-4ad8-a16f-6da4cd89f3e3,RFID,24.50,BBD,
e608daeb-9870-420f-a700-e4e048c6acc0,2025-04-04 19:32:58,2025-04-04 19:50:48,2025-04-04 15:32:58,2025-04-04 15:50:48,America/Barbados,17.83,6.67,4.1,18.8,13.8,03c821d6-6274-427c-937a-ad91c6bc020d,MP-025,51210097772981,03c821d6-6274-427c-937a-ad91c6bc020d.2,CHADEMO,25.0,79b72a61-f5ca-433f-b824-0c7df1204859,Massy Warrens,Massy Warrens - Massy Stores Supercenter,Warrens,St. Michael,BB,,Massy,578dca79-afd1-4b04-816a-322a7067114b,564363f1092f00b6d8b93b0dffe923e8,,,,,ff8272b9-b9c0-4e2c-a725-65cbd037a327,RFID,7.18,BBD,
9f8c27c2-1368-43f9-b623-785bd31a8086,2025-04-05 00:38:11,2025-04-05 00:57:29,2025-04-04 20:38:11,2025-04-04 20:57:29,America/Barbados,19.30,0.00,8.1,0.0,0.0,03c821d6-6274-427c-937a-ad91c6bc020d,MP-025,51210097772981,03c821d6-6274-427c-937a-ad91c6bc020d.1,CCS_2,25.0,79b72a61-f5ca-433f-b824-0c7df1204859,Massy Warrens,Massy Warrens - Massy Stores Supercenter,Warrens,St. Michael,BB,,Massy,578dca79-afd1-4b04-816a-322a7067114b,4df9c2d386f9bad2c1558ef9674edfdb,,,,,cfb2a15d-c3ab-477a-b0c5-e81228d7ae3c,RFID,14.18,BBD,
c85bc6e2-de28-4e7b-8ef0-0d09ce43266b,2025-04-05 00:59:36,2025-04-05 02:45:40,2025-04-04 20:59:36,2025-04-04 22:45:40,America/Barbados,106.07,10.33,41.3,28.1,23.4,03c821d6-6274-427c-937a-ad91c6bc020d,MP-025,51210097772981,03c821d6-6274-427c-937a-ad91c6bc020d.1,CCS_2,25.0,79b72a61-f5ca-433f-b824-0c7df1204859,Massy Warrens,Massy Warrens - Massy Stores Supercenter,Warrens,St. Michael,BB,,Massy,578dca79-afd1-4b04-816a-322a7067114b,677d88bb83a91963e061ae8a70c86a51,,,,,545e7042-ec87-4932-88ff-b50d3666c9af,RFID,72.28,BBD,
e7ef1800-929a-4b47-89a8-e02ec462be59,2025-04-05 15:50:02,2025-04-05 15:52:02,2025-04-05 11:50:02,2025-04-05 11:52:02,America/Barbados,2.00,0.15,0.7,25.3,22.2,03c821d6-6274-427c-937a-ad91c6bc020d,MP-025,51210097772981,03c821d6-6274-427c-937a-ad91c6bc020d.1,CCS_2,25.0,79b72a61-f5ca-433f-b824-0c7df1204859,Massy Warrens,Massy Warrens - Massy Stores Supercenter,Warrens,St. Michael,BB,,Massy,578dca79-afd1-4b04-816a-322a7067114b,cf344553ced4d549e08e64f8d399534c,,,,,,SYSTEM,1.23,BBD,
4f3f5b72-0baf-4a84-8985-4b54bbc2de46,2025-04-05 17:10:12,2025-04-05 17:39:05,2025-04-05 13:10:12,2025-04-05 13:39:05,America/Barbados,28.88,11.32,5.4,153.4,16.1,03c821d6-6274-427c-937a-ad91c6bc020d,MP-025,51210097772981,03c821d6-6274-427c-937a-ad91c6bc020d.2,CHADEMO,25.0,79b72a61-f5ca-433f-b824-0c7df1204859,Massy Warrens,Massy Warrens - Massy Stores Supercenter,Warrens,St. Michael,BB,,Massy,578dca79-afd1-4b04-816a-322a7067114b,564363f1092f00b6d8b93b0dffe923e8,,,,,ff8272b9-b9c0-4e2c-a725-65cbd037a327,RFID,9.45,BBD,
cfb5abde-95d1-42b7-ab8b-03bea684d3b6,2025-04-05 18:37:14,2025-04-05 21:22:51,2025-04-05 14:37:14,2025-04-05 17:22:51,America/Barbados,165.62,7.23,73.2,157.5,27.7,03c821d6-6274-427c-937a-ad91c6bc020d,MP-025,51210097772981,03c821d6-6274-427c-937a-ad91c6bc020d.1,CCS_2,25.0,79b72a61-f5ca-433f-b824-0c7df1204859,Massy Warrens,Massy Warrens - Massy Stores Supercenter,Warrens,St. Michael,BB,,Massy,578dca79-afd1-4b04-816a-322a7067114b,03d1ce26fa49936b6e72eb9eafef6e3f,,,,,97fceca9-6706-421a-89f2-0f307f042c89,RFID,128.10,BBD,
988b5b09-e4fc-4435-b0fa-03c13b9640c0,2025-04-05 22:53:11,2025-04-06 01:45:50,2025-04-05 18:53:11,2025-04-05 21:45:50,America/Barbados,172.65,1.72,68.1,28.1,24.3,03c821d6-6274-427c-937a-ad91c6bc020d,MP-025,51210097772981,03c821d6-6274-427c-937a-ad91c6bc020d.2,CHADEMO,25.0,79b72a61-f5ca-433f-b824-0c7df1204859,Massy Warrens,Massy Warrens - Massy Stores Supercenter,Warrens,St. Michael,BB,,Massy,578dca79-afd1-4b04-816a-322a7067114b,8f8a1bc53cfa9904f8ceebad0a28992a,,,,,2b43a680-6c0f-4d9c-937d-40d2fa634566,RFID,119.18,BBD,
481fc050-c133-42cb-8af6-8712c452846b,2025-04-06 02:25:43,2025-04-06 02:56:01,2025-04-05 22:25:43,2025-04-05 22:56:01,America/Barbados,30.30,0.53,12.8,200.0,34.3,03c821d6-6274-427c-937a-ad91c6bc020d,MP-025,51210097772981,03c821d6-6274-427c-937a-ad91c6bc020d.1,CCS_2,25.0,79b72a61-f5ca-433f-b824-0c7df1204859,Massy Warrens,Massy Warrens - Massy Stores Supercenter,Warrens,St. Michael,BB,,Massy,578dca79-afd1-4b04-816a-322a7067114b,9524292787ec90c1c0d210497cc1166e,,,,,81c772bc-95b4-494a-b120-9b72e065fadc,RFID,22.40,BBD,
37abdd22-4da1-44fc-bcba-f73265ecaa58,2025-04-06 02:08:52,2025-04-06 02:08:52,2025-04-05 22:08:52,2025-04-05 22:08:52,America/Barbados,0.00,0.00,0.0,0.0,0.0,03c821d6-6274-427c-937a-ad91c6bc020d,MP-025,51210097772981,03c821d6-6274-427c-937a-ad91c6bc020d.2,CHADEMO,25.0,79b72a61-f5ca-433f-b824-0c7df1204859,Massy Warrens,Massy Warrens - Massy Stores Supercenter,Warrens,St. Michael,BB,,Massy,578dca79-afd1-4b04-816a-322a7067114b,564363f1092f00b6d8b93b0dffe923e8,,,,,ff8272b9-b9c0-4e2c-a725-65cbd037a327,RFID,0.00,BBD,
0cc6cac7-1968-4905-bf24-415e67b925a0,2025-04-06 05:52:16,2025-04-06 07:33:00,2025-04-06 01:52:16,2025-04-06 03:33:00,America/Barbados,100.73,10.35,38.5,28.1,22.7,03c821d6-6274-427c-937a-ad91c6bc020d,MP-025,51210097772981,03c821d6-6274-427c-937a-ad91c6bc020d.1,CCS_2,25.0,79b72a61-f5ca-433f-b824-0c7df1204859,Massy Warrens,Massy Warrens - Massy Stores Supercenter,Warrens,St. Michael,BB,,Massy,578dca79-afd1-4b04-816a-322a7067114b,dd4c88acde25753674e21b473fe166ef,,,,,033b321f-9ea1-4604-93a9-0160f0c2ca9c,RFID,67.38,BBD,
0e771eb2-fc34-4e48-9715-7f4395df26a6,2025-04-06 09:53:18,2025-04-06 12:38:23,2025-04-06 05:53:18,2025-04-06 08:38:23,America/Barbados,165.08,1.88,75.6,33.8,28.2,03c821d6-6274-427c-937a-ad91c6bc020d,MP-025,51210097772981,03c821d6-6274-427c-937a-ad91c6bc020d.1,CCS_2,25.0,79b72a61-f5ca-433f-b824-0c7df1204859,Massy Warrens,Massy Warrens - Massy Stores Supercenter,Warrens,St. Michael,BB,,Massy,578dca79-afd1-4b04-816a-322a7067114b,35b6f6f99ae2087ef24aff4869dea359,,,,,9210ee0a-d99f-4855-9c03-cdf9ee6fab7d,RFID,132.30,BBD,
37d16b72-09f8-49b3-82fe-993d29fb624f,2025-04-06 14:29:59,2025-04-06 15:46:59,2025-04-06 10:29:59,2025-04-06 11:46:59,America/Barbados,77.00,4.53,30.5,41.3,23.9,03c821d6-6274-427c-937a-ad91c6bc020d,MP-025,51210097772981,03c821d6-6274-427c-937a-ad91c6bc020d.1,CCS_2,25.0,79b72a61-f5ca-433f-b824-0c7df1204859,Massy Warrens,Massy Warrens - Massy Stores Supercenter,Warrens,St. Michael,BB,,Massy,578dca79-afd1-4b04-816a-322a7067114b,5911ffba106a13f8c146db3cc5fdaaf2,,,,,f4154aa6-6205-47f5-bff4-856043d935c8,RFID,53.38,BBD,
8817b200-8fef-416d-ad7f-ca4ff10986e0,2025-04-06 16:34:11,2025-04-06 17:00:27,2025-04-06 12:34:11,2025-04-06 13:00:27,America/Barbados,26.27,0.00,2.4,0.0,0.0,03c821d6-6274-427c-937a-ad91c6bc020d,MP-025,51210097772981,03c821d6-6274-427c-937a-ad91c6bc020d.2,CHADEMO,25.0,79b72a61-f5ca-433f-b824-0c7df1204859,Massy Warrens,Massy Warrens - Massy Stores Supercenter,Warrens,St. Michael,BB,,Massy,578dca79-afd1-4b04-816a-322a7067114b,564363f1092f00b6d8b93b0dffe923e8,,,,,ff8272b9-b9c0-4e2c-a725-65cbd037a327,RFID,4.20,BBD,
9aa74953-ba50-4d72-9898-6d2e66c37ecc,2025-04-06 18:09:55,2025-04-06 20:01:16,2025-04-06 14:09:55,2025-04-06 16:01:16,America/Barbados,111.35,18.03,39.7,28.1,21.5,03c821d6-6274-427c-937a-ad91c6bc020d,MP-025,51210097772981,03c821d6-6274-427c-937a-ad91c6bc020d.1,CCS_2,25.0,79b72a61-f5ca-433f-b824-0c7df1204859,Massy Warrens,Massy Warrens - Massy Stores Supercenter,Warrens,St. Michael,BB,,Massy,578dca79-afd1-4b04-816a-322a7067114b,94d59d847d0e9a02e7470a4a67a720a9,,,,,,SYSTEM,69.48,BBD,
a1077467-1536-43cd-b7a4-0e4a5d4f98cc,2025-04-06 20:38:06,2025-04-06 22:26:51,2025-04-06 16:38:06,2025-04-06 18:26:51,America/Barbados,108.75,5.55,44.5,157.8,25.9,03c821d6-6274-427c-937a-ad91c6bc020d,MP-025,51210097772981,03c821d6-6274-427c-937a-ad91c6bc020d.1,CCS_2,25.0,79b72a61-f5ca-433f-b824-0c7df1204859,Massy Warrens,Massy Warrens - Massy Stores Supercenter,Warrens,St. Michael,BB,,Massy,578dca79-afd1-4b04-816a-322a7067114b,7daacebf9b4ad61d93ad71b9621b0320,,,,,45cae3be-c3ab-416e-bd87-9209a7e62bd3,RFID,77.88,BBD,
5916f781-303e-4553-be9c-8b756c4abd6b,2025-04-07 14:15:39,2025-04-07 14:58:41,2025-04-07 10:15:39,2025-04-07 10:58:41,America/Barbados,43.03,0.92,17.3,185.0,29.1,03c821d6-6274-427c-937a-ad91c6bc020d,MP-025,51210097772981,03c821d6-6274-427c-937a-ad91c6bc020d.1,CCS_2,25.0,79b72a61-f5ca-433f-b824-0c7df1204859,Massy Warrens,Massy Warrens - Massy Stores Supercenter,Warrens,St. Michael,BB,,Massy,578dca79-afd1-4b04-816a-322a7067114b,d453d2a25df7ffae24023c2de6e302c4,,,,,482acb3d-7cac-4bf8-be36-4a082efc95eb,RFID,15.14,BBD,
4f9eee2c-ca4f-4f05-b445-ff82fba4e608,2025-04-07 17:56:44,2025-04-07 18:48:03,2025-04-07 13:56:44,2025-04-07 14:48:03,America/Barbados,51.32,1.18,21.4,249.7,31.1,03c821d6-6274-427c-937a-ad91c6bc020d,MP-025,51210097772981,03c821d6-6274-427c-937a-ad91c6bc020d.1,CCS_2,25.0,79b72a61-f5ca-433f-b824-0c7df1204859,Massy Warrens,Massy Warrens - Massy Stores Supercenter,Warrens,St. Michael,BB,,Massy,578dca79-afd1-4b04-816a-322a7067114b,6be63789cf5b91884a371cf338afa67e,,,,,0981d8af-d967-4317-931a-2e4de62f2195,RFID,37.45,BBD,
2fca5537-620e-4ae9-acd4-8147dce4a9d7,2025-04-07 23:02:31,2025-04-08 00:46:14,2025-04-07 19:02:31,2025-04-07 20:46:14,America/Barbados,103.72,9.33,40.4,28.1,23.4,03c821d6-6274-427c-937a-ad91c6bc020d,MP-025,51210097772981,03c821d6-6274-427c-937a-ad91c6bc020d.1,CCS_2,25.0,79b72a61-f5ca-433f-b824-0c7df1204859,Massy Warrens,Massy Warrens - Massy Stores Supercenter,Warrens,St. Michael,BB,,Massy,578dca79-afd1-4b04-816a-322a7067114b,677d88bb83a91963e061ae8a70c86a51,,,,,545e7042-ec87-4932-88ff-b50d3666c9af,RFID,70.70,BBD,
417a068c-6b66-4d86-ad51-c54564ca3345,2025-04-08 01:06:50,2025-04-08 02:45:41,2025-04-07 21:06:50,2025-04-07 22:45:41,America/Barbados,98.85,1.60,42.2,38.6,25.8,03c821d6-6274-427c-937a-ad91c6bc020d,MP-025,51210097772981,03c821d6-6274-427c-937a-ad91c6bc020d.1,CCS_2,25.0,79b72a61-f5ca-433f-b824-0c7df1204859,Massy Warrens,Massy Warrens - Massy Stores Supercenter,Warrens,St. Michael,BB,,Massy,578dca79-afd1-4b04-816a-322a7067114b,a37650d10cfbec0b3a09686403b781b0,,,,,cd1a6858-23e4-44b4-86ef-6893b5e2c87d,RFID,73.85,BBD,
d5262947-cf1a-43df-9360-111689903768,2025-04-08 09:12:17,2025-04-08 10:26:37,2025-04-08 05:12:17,2025-04-08 06:26:37,America/Barbados,74.33,9.53,27.5,28.1,22.4,03c821d6-6274-427c-937a-ad91c6bc020d,MP-025,51210097772981,03c821d6-6274-427c-937a-ad91c6bc020d.1,CCS_2,25.0,79b72a61-f5ca-433f-b824-0c7df1204859,Massy Warrens,Massy Warrens - Massy Stores Supercenter,Warrens,St. Michael,BB,,Massy,578dca79-afd1-4b04-816a-322a7067114b,dd4c88acde25753674e21b473fe166ef,,,,,,SYSTEM,48.13,BBD,
1cc034f6-43ca-43c2-b454-e068c1bacf64,2025-04-08 14:43:44,2025-04-08 14:42:39,2025-04-08 10:43:44,2025-04-08 10:42:39,America/Barbados,7.98,0.00,3.8,33.8,29.2,03c821d6-6274-427c-937a-ad91c6bc020d,MP-025,51210097772981,03c821d6-6274-427c-937a-ad91c6bc020d.1,CCS_2,25.0,79b72a61-f5ca-433f-b824-0c7df1204859,Massy Warrens,Massy Warrens - Massy Stores Supercenter,Warrens,St. Michael,BB,,Massy,578dca79-afd1-4b04-816a-322a7067114b,757655c3976bb27bcf24b456d24fd387,,,,,f63c233f-bf0f-4c6b-b7cb-de67bc672b06,RFID,0.00,BBD,
aec03e2b-85c9-4368-933e-44141762639d,2025-04-08 17:46:52,2025-04-08 17:46:52,2025-04-08 13:46:52,2025-04-08 13:46:52,America/Barbados,0.00,0.00,0.0,0.0,0.0,03c821d6-6274-427c-937a-ad91c6bc020d,MP-025,51210097772981,03c821d6-6274-427c-937a-ad91c6bc020d.1,CCS_2,25.0,79b72a61-f5ca-433f-b824-0c7df1204859,Massy Warrens,Massy Warrens - Massy Stores Supercenter,Warrens,St. Michael,BB,,Massy,578dca79-afd1-4b04-816a-322a7067114b,03d1ce26fa49936b6e72eb9eafef6e3f,,,,,97fceca9-6706-421a-89f2-0f307f042c89,RFID,0.00,BBD,
de697d38-5653-4b70-9437-240ce334130f,2025-04-08 21:33:50,2025-04-08 23:22:36,2025-04-08 17:33:50,2025-04-08 19:22:36,America/Barbados,108.77,2.67,50.5,33.8,27.9,03c821d6-6274-427c-937a-ad91c6bc020d,MP-025,51210097772981,03c821d6-6274-427c-937a-ad91c6bc020d.1,CCS_2,25.0,79b72a61-f5ca-433f-b824-0c7df1204859,Massy Warrens,Massy Warrens - Massy Stores Supercenter,Warrens,St. Michael,BB,,Massy,578dca79-afd1-4b04-816a-322a7067114b,de496c2b0c06805735691033fa5f0366,,,,,,SYSTEM,88.38,BBD,
99c746cb-799c-4637-8cc6-b94a19ba9656,2025-04-09 01:10:40,2025-04-09 01:10:40,2025-04-08 21:10:40,2025-04-08 21:10:40,America/Barbados,0.00,0.00,0.0,0.0,0.0,03c821d6-6274-427c-937a-ad91c6bc020d,MP-025,51210097772981,03c821d6-6274-427c-937a-ad91c6bc020d.2,CHADEMO,25.0,79b72a61-f5ca-433f-b824-0c7df1204859,Massy Warrens,Massy Warrens - Massy Stores Supercenter,Warrens,St. Michael,BB,,Massy,578dca79-afd1-4b04-816a-322a7067114b,564363f1092f00b6d8b93b0dffe923e8,,,,,ff8272b9-b9c0-4e2c-a725-65cbd037a327,RFID,0.00,BBD,
2d54ba30-03e6-4ba8-aae8-52d88a923f47,2025-04-09 12:25:56,2025-04-09 13:41:28,2025-04-09 08:25:56,2025-04-09 09:41:28,America/Barbados,75.53,7.53,28.8,1699.5,50.7,03c821d6-6274-427c-937a-ad91c6bc020d,MP-025,51210097772981,03c821d6-6274-427c-937a-ad91c6bc020d.1,CCS_2,25.0,79b72a61-f5ca-433f-b824-0c7df1204859,Massy Warrens,Massy Warrens - Massy Stores Supercenter,Warrens,St. Michael,BB,,Massy,578dca79-afd1-4b04-816a-322a7067114b,677d88bb83a91963e061ae8a70c86a51,,,,,545e7042-ec87-4932-88ff-b50d3666c9af,RFID,50.40,BBD,
dc8806f7-492a-48d6-9481-27d4e8efc23d,2025-04-09 14:41:00,2025-04-09 15:17:06,2025-04-09 10:41:00,2025-04-09 11:17:06,America/Barbados,36.10,0.80,14.9,28.1,24.7,03c821d6-6274-427c-937a-ad91c6bc020d,MP-025,51210097772981,03c821d6-6274-427c-937a-ad91c6bc020d.1,CCS_2,25.0,79b72a61-f5ca-433f-b824-0c7df1204859,Massy Warrens,Massy Warrens - Massy Stores Supercenter,Warrens,St. Michael,BB,,Massy,578dca79-afd1-4b04-816a-322a7067114b,d453d2a25df7ffae24023c2de6e302c4,,,,,482acb3d-7cac-4bf8-be36-4a082efc95eb,RFID,13.04,BBD,
3dfca742-4b5f-4de5-94d2-d67063c48e1c,2025-04-09 17:35:51,2025-04-09 18:10:19,2025-04-09 13:35:51,2025-04-09 14:10:19,America/Barbados,34.47,0.00,2.1,4.1,3.7,8d27dae5-8d1f-48d0-bfe1-8875d5d568a5,MP-0079,M5012464-2,8d27dae5-8d1f-48d0-bfe1-8875d5d568a5.2,TYPE_2,22.0,1977c2c7-cd44-4e6f-a827-370cd9aad5bd,Massy Sunset Crest,"Massy Stores Supercenter, Sunset Crest",Holetown,St James,BB,,Massy,578dca79-afd1-4b04-816a-322a7067114b,39bdd057540638ed40fc8ba9f292ca73,,,,,1598bfdd-a770-4581-a38c-bbb0757848c2,RFID,3.15,BBD,
131a6fb6-a4dd-4f53-b582-1863ed4fd2c5,2025-04-09 16:01:31,2025-04-09 16:01:31,2025-04-09 12:01:31,2025-04-09 12:01:31,America/Barbados,0.00,0.00,0.0,0.0,0.0,03c821d6-6274-427c-937a-ad91c6bc020d,MP-025,51210097772981,03c821d6-6274-427c-937a-ad91c6bc020d.2,CHADEMO,25.0,79b72a61-f5ca-433f-b824-0c7df1204859,Massy Warrens,Massy Warrens - Massy Stores Supercenter,Warrens,St. Michael,BB,,Massy,578dca79-afd1-4b04-816a-322a7067114b,564363f1092f00b6d8b93b0dffe923e8,,,,,,RFID,0.00,BBD,
903a55ab-d507-42b7-860a-8b4cb74f1dcc,2025-04-10 02:58:39,2025-04-10 04:06:09,2025-04-09 22:58:39,2025-04-10 00:06:09,America/Barbados,67.50,9.93,24.0,28.1,21.5,03c821d6-6274-427c-937a-ad91c6bc020d,MP-025,51210097772981,03c821d6-6274-427c-937a-ad91c6bc020d.1,CCS_2,25.0,79b72a61-f5ca-433f-b824-0c7df1204859,Massy Warrens,Massy Warrens - Massy Stores Supercenter,Warrens,St. Michael,BB,,Massy,578dca79-afd1-4b04-816a-322a7067114b,dd4c88acde25753674e21b473fe166ef,,,,,,SYSTEM,42.00,BBD,
73c08486-e117-4cfa-9b74-48f583376ed3,2025-04-10 12:59:01,2025-04-10 13:15:40,2025-04-10 08:59:01,2025-04-10 09:15:40,America/Barbados,16.65,7.05,2.9,16.9,11.4,03c821d6-6274-427c-937a-ad91c6bc020d,MP-025,51210097772981,03c821d6-6274-427c-937a-ad91c6bc020d.2,CHADEMO,25.0,79b72a61-f5ca-433f-b824-0c7df1204859,Massy Warrens,Massy Warrens - Massy Stores Supercenter,Warrens,St. Michael,BB,,Massy,578dca79-afd1-4b04-816a-322a7067114b,564363f1092f00b6d8b93b0dffe923e8,,,,,ff8272b9-b9c0-4e2c-a725-65cbd037a327,RFID,5.08,BBD,
014d8c46-cd36-4c42-aaab-d6bfab4a8a75,2025-04-10 15:04:00,2025-04-10 16:17:39,2025-04-10 11:04:00,2025-04-10 12:17:39,America/Barbados,73.65,0.00,31.1,0.0,0.0,03c821d6-6274-427c-937a-ad91c6bc020d,MP-025,51210097772981,03c821d6-6274-427c-937a-ad91c6bc020d.1,CCS_2,25.0,79b72a61-f5ca-433f-b824-0c7df1204859,Massy Warrens,Massy Warrens - Massy Stores Supercenter,Warrens,St. Michael,BB,,Massy,578dca79-afd1-4b04-816a-322a7067114b,53c3e7f13adc18ac7473c99ec64d56c5,,,,,5b11676b-0383-4ad8-a16f-6da4cd89f3e3,RFID,54.43,BBD,
fc147805-e1b7-4494-b4d5-3cee20dd95f8,2025-04-10 16:35:31,2025-04-10 16:58:39,2025-04-10 12:35:31,2025-04-10 12:58:39,America/Barbados,23.13,0.80,9.8,30.0,25.7,03c821d6-6274-427c-937a-ad91c6bc020d,MP-025,51210097772981,03c821d6-6274-427c-937a-ad91c6bc020d.1,CCS_2,25.0,79b72a61-f5ca-433f-b824-0c7df1204859,Massy Warrens,Massy Warrens - Massy Stores Supercenter,Warrens,St. Michael,BB,,Massy,578dca79-afd1-4b04-816a-322a7067114b,080eb6f3ca035209586fad3b452199c2,,,,,12a311e6-c8c8-4c1e-a086-6aa23bc92f92,RFID,17.15,BBD,
70ab6491-8693-4062-9bb9-da7ebdb5b7ab,2025-04-10 17:04:44,2025-04-10 18:16:09,2025-04-10 13:04:44,2025-04-10 14:16:09,America/Barbados,71.42,0.00,30.4,0.0,0.0,03c821d6-6274-427c-937a-ad91c6bc020d,MP-025,51210097772981,03c821d6-6274-427c-937a-ad91c6bc020d.1,CCS_2,25.0,79b72a61-f5ca-433f-b824-0c7df1204859,Massy Warrens,Massy Warrens - Massy Stores Supercenter,Warrens,St. Michael,BB,,Massy,578dca79-afd1-4b04-816a-322a7067114b,033047ab5a40bfd2d0d1a39ccc476e1f,,,,,94698601-e207-4baf-81c0-bfc5a783e0d7,RFID,53.20,BBD,
fe793872-f473-4d60-adaf-085ba159cdff,2025-04-11 12:48:02,2025-04-11 13:15:29,2025-04-11 08:48:02,2025-04-11 09:15:29,America/Barbados,27.45,9.32,7.0,28.1,15.3,03c821d6-6274-427c-937a-ad91c6bc020d,MP-025,51210097772981,03c821d6-6274-427c-937a-ad91c6bc020d.1,CCS_2,25.0,79b72a61-f5ca-433f-b824-0c7df1204859,Massy Warrens,Massy Warrens - Massy Stores Supercenter,Warrens,St. Michael,BB,,Massy,578dca79-afd1-4b04-816a-322a7067114b,0e411a7aae18e5bf462136072fec76ab,,,,,,SYSTEM,12.25,BBD,
243ff427-1e73-4632-999f-65e803ae667c,2025-04-11 15:18:12,2025-04-11 17:32:30,2025-04-11 11:18:12,2025-04-11 13:32:30,America/Barbados,134.30,4.27,54.0,36.0,24.5,03c821d6-6274-427c-937a-ad91c6bc020d,MP-025,51210097772981,03c821d6-6274-427c-937a-ad91c6bc020d.2,CHADEMO,25.0,79b72a61-f5ca-433f-b824-0c7df1204859,Massy Warrens,Massy Warrens - Massy Stores Supercenter,Warrens,St. Michael,BB,,Massy,578dca79-afd1-4b04-816a-322a7067114b,8f8a1bc53cfa9904f8ceebad0a28992a,,,,,2b43a680-6c0f-4d9c-937d-40d2fa634566,RFID,94.50,BBD,
949388c5-62c5-4d53-b62e-19f017783923,2025-04-11 17:35:38,2025-04-11 18:21:49,2025-04-11 13:35:38,2025-04-11 14:21:49,America/Barbados,46.18,1.15,19.6,28.1,25.4,03c821d6-6274-427c-937a-ad91c6bc020d,MP-025,51210097772981,03c821d6-6274-427c-937a-ad91c6bc020d.1,CCS_2,25.0,79b72a61-f5ca-433f-b824-0c7df1204859,Massy Warrens,Massy Warrens - Massy Stores Supercenter,Warrens,St. Michael,BB,,Massy,578dca79-afd1-4b04-816a-322a7067114b,11710b1b8b25e79ab1506278bec9e537,,,,,,SYSTEM,34.30,BBD,
a93695bb-5970-4522-9d61-f0aa56ae4656,2025-04-11 18:26:31,2025-04-11 18:51:44,2025-04-11 14:26:31,2025-04-11 14:51:44,America/Barbados,25.22,0.00,10.7,0.0,0.0,03c821d6-6274-427c-937a-ad91c6bc020d,MP-025,51210097772981,03c821d6-6274-427c-937a-ad91c6bc020d.1,CCS_2,25.0,79b72a61-f5ca-433f-b824-0c7df1204859,Massy Warrens,Massy Warrens - Massy Stores Supercenter,Warrens,St. Michael,BB,,Massy,578dca79-afd1-4b04-816a-322a7067114b,080eb6f3ca035209586fad3b452199c2,,,,,12a311e6-c8c8-4c1e-a086-6aa23bc92f92,RFID,18.73,BBD,
095940df-f91e-429b-b27b-0a0e736820df,2025-04-11 19:29:19,2025-04-11 19:44:33,2025-04-11 15:29:19,2025-04-11 15:44:33,America/Barbados,15.23,0.27,6.5,56.8,27.2,03c821d6-6274-427c-937a-ad91c6bc020d,MP-025,51210097772981,03c821d6-6274-427c-937a-ad91c6bc020d.1,CCS_2,25.0,79b72a61-f5ca-433f-b824-0c7df1204859,Massy Warrens,Massy Warrens - Massy Stores Supercenter,Warrens,St. Michael,BB,,Massy,578dca79-afd1-4b04-816a-322a7067114b,dd4c88acde25753674e21b473fe166ef,,,,,,SYSTEM,11.38,BBD,
1ebd29fb-fa2b-4068-848a-03ca64d8a78d,2025-04-11 20:33:59,2025-04-11 21:24:14,2025-04-11 16:33:59,2025-04-11 17:24:14,America/Barbados,50.25,0.40,21.4,1172.6,55.0,03c821d6-6274-427c-937a-ad91c6bc020d,MP-025,51210097772981,03c821d6-6274-427c-937a-ad91c6bc020d.1,CCS_2,25.0,79b72a61-f5ca-433f-b824-0c7df1204859,Massy Warrens,Massy Warrens - Massy Stores Supercenter,Warrens,St. Michael,BB,,Massy,578dca79-afd1-4b04-816a-322a7067114b,cd92d85509cabfa3602f555d7ecd069b,,,,,29ff2658-51ea-4bd2-9f90-4c7e47a91271,RFID,37.45,BBD,
19c4c507-8860-4d81-bc95-16c1f0e94282,2025-04-11 23:21:15,2025-04-12 01:10:49,2025-04-11 19:21:15,2025-04-11 21:10:49,America/Barbados,109.57,16.78,39.4,28.1,21.7,03c821d6-6274-427c-937a-ad91c6bc020d,MP-025,51210097772981,03c821d6-6274-427c-937a-ad91c6bc020d.1,CCS_2,25.0,79b72a61-f5ca-433f-b824-0c7df1204859,Massy Warrens,Massy Warrens - Massy Stores Supercenter,Warrens,St. Michael,BB,,Massy,578dca79-afd1-4b04-816a-322a7067114b,94d59d847d0e9a02e7470a4a67a720a9,,,,,,SYSTEM,68.95,BBD,
370699d2-229f-4d14-bf14-ec4dda4d9d93,2025-04-12 03:18:32,2025-04-12 05:05:43,2025-04-11 23:18:32,2025-04-12 01:05:43,America/Barbados,107.18,1.60,49.9,65454.5,710.2,03c821d6-6274-427c-937a-ad91c6bc020d,MP-025,51210097772981,03c821d6-6274-427c-937a-ad91c6bc020d.1,CCS_2,25.0,79b72a61-f5ca-433f-b824-0c7df1204859,Massy Warrens,Massy Warrens - Massy Stores Supercenter,Warrens,St. Michael,BB,,Massy,578dca79-afd1-4b04-816a-322a7067114b,35b6f6f99ae2087ef24aff4869dea359,,,,,9210ee0a-d99f-4855-9c03-cdf9ee6fab7d,RFID,87.33,BBD,
e6b4d822-ae2d-4f6b-8ef2-44d5307c58f0,2025-04-12 21:07:17,2025-04-12 21:55:08,2025-04-12 17:07:17,2025-04-12 17:55:08,America/Barbados,47.85,2.80,20.3,33.8,25.5,03c821d6-6274-427c-937a-ad91c6bc020d,MP-025,51210097772981,03c821d6-6274-427c-937a-ad91c6bc020d.1,CCS_2,25.0,79b72a61-f5ca-433f-b824-0c7df1204859,Massy Warrens,Massy Warrens - Massy Stores Supercenter,Warrens,St. Michael,BB,,Massy,578dca79-afd1-4b04-816a-322a7067114b,81df1d0b1c1de2bbd71638e3d540c601,,,,,,SYSTEM,35.53,BBD,
0e40ba6a-c1a5-4212-9cd6-009599b6612f,2025-04-12 16:27:54,2025-04-12 22:22:51,2025-04-12 12:27:54,2025-04-12 18:22:51,America/Barbados,354.95,57.92,31.2,8.0,6.3,8d27dae5-8d1f-48d0-bfe1-8875d5d568a5,MP-0079,M5012464-2,8d27dae5-8d1f-48d0-bfe1-8875d5d568a5.2,TYPE_2,22.0,1977c2c7-cd44-4e6f-a827-370cd9aad5bd,Massy Sunset Crest,"Massy Stores Supercenter, Sunset Crest",Holetown,St James,BB,,Massy,578dca79-afd1-4b04-816a-322a7067114b,dd45ba246b049b48bc5a179f123e9786,,,,,,SYSTEM,46.80,BBD,
93a10a55-da7c-4b4c-aa7e-4825b786b363,2025-04-13 00:17:28,2025-04-13 00:30:26,2025-04-12 20:17:28,2025-04-12 20:30:26,America/Barbados,12.97,11.95,0.0,0.0,0.0,024e77fc-3da1-4e73-930e-b76e45511419,MP-001,M5005918-7,024e77fc-3da1-4e73-930e-b76e45511419.2,TYPE_2,7.4,1977c2c7-cd44-4e6f-a827-370cd9aad5bd,Massy Sunset Crest,"Massy Stores Supercenter, Sunset Crest",Holetown,St James,BB,,Massy,578dca79-afd1-4b04-816a-322a7067114b,e6ccdc78f742c2ebda943c4506b7ab80,,,,,,WEB_APP,0.00,BBD,
9de1ef32-8623-4340-a091-e85624eb5e18,2025-04-13 00:32:08,2025-04-13 01:49:59,2025-04-12 20:32:08,2025-04-12 21:49:59,America/Barbados,77.85,29.82,9.5,12.0,7.4,024e77fc-3da1-4e73-930e-b76e45511419,MP-001,M5005918-7,024e77fc-3da1-4e73-930e-b76e45511419.1,TYPE_2,7.4,1977c2c7-cd44-4e6f-a827-370cd9aad5bd,Massy Sunset Crest,"Massy Stores Supercenter, Sunset Crest",Holetown,St James,BB,,Massy,578dca79-afd1-4b04-816a-322a7067114b,e6ccdc78f742c2ebda943c4506b7ab80,,,,,,WEB_APP,14.25,BBD,
4fc7c744-402f-4c3e-97fc-06c0216123af,2025-04-13 06:22:56,2025-04-13 07:03:14,2025-04-13 02:22:56,2025-04-13 03:03:14,America/Barbados,40.30,10.98,11.6,28.1,17.3,03c821d6-6274-427c-937a-ad91c6bc020d,MP-025,51210097772981,03c821d6-6274-427c-937a-ad91c6bc020d.1,CCS_2,25.0,79b72a61-f5ca-433f-b824-0c7df1204859,Massy Warrens,Massy Warrens - Massy Stores Supercenter,Warrens,St. Michael,BB,,Massy,578dca79-afd1-4b04-816a-322a7067114b,40a16d94208fdc757cd189b90808792e,,,,,,SYSTEM,20.30,BBD,
f1472099-31d0-4435-bd0d-dc5433f26ab7,2025-04-13 12:33:39,2025-04-13 14:11:55,2025-04-13 08:33:39,2025-04-13 10:11:55,America/Barbados,98.27,10.67,37.3,45.0,23.0,03c821d6-6274-427c-937a-ad91c6bc020d,MP-025,51210097772981,03c821d6-6274-427c-937a-ad91c6bc020d.1,CCS_2,25.0,79b72a61-f5ca-433f-b824-0c7df1204859,Massy Warrens,Massy Warrens - Massy Stores Supercenter,Warrens,St. Michael,BB,,Massy,578dca79-afd1-4b04-816a-322a7067114b,dd4c88acde25753674e21b473fe166ef,,,,,,SYSTEM,65.28,BBD,
55378011-a341-46c5-9e57-02c7cb1aaf81,2025-04-14 05:19:09,2025-04-14 06:20:41,2025-04-14 01:19:09,2025-04-14 02:20:41,America/Barbados,61.53,1.07,26.0,28.1,25.4,03c821d6-6274-427c-937a-ad91c6bc020d,MP-025,51210097772981,03c821d6-6274-427c-937a-ad91c6bc020d.1,CCS_2,25.0,79b72a61-f5ca-433f-b824-0c7df1204859,Massy Warrens,Massy Warrens - Massy Stores Supercenter,Warrens,St. Michael,BB,,Massy,578dca79-afd1-4b04-816a-322a7067114b,abb6ac85e363630e25f8a5ec61014fe0,,,,,,WEB_APP,45.50,BBD,
fd6553dc-33e7-4f3c-a434-6147693dc988,2025-04-14 09:00:57,2025-04-14 09:31:47,2025-04-14 05:00:57,2025-04-14 05:31:47,America/Barbados,30.83,1.60,12.1,39.5,24.1,03c821d6-6274-427c-937a-ad91c6bc020d,MP-025,51210097772981,03c821d6-6274-427c-937a-ad91c6bc020d.1,CCS_2,25.0,79b72a61-f5ca-433f-b824-0c7df1204859,Massy Warrens,Massy Warrens - Massy Stores Supercenter,Warrens,St. Michael,BB,,Massy,578dca79-afd1-4b04-816a-322a7067114b,d453d2a25df7ffae24023c2de6e302c4,,,,,482acb3d-7cac-4bf8-be36-4a082efc95eb,RFID,10.59,BBD,
1eea48d0-0230-42da-aadc-835348b99500,2025-04-14 09:58:30,2025-04-14 12:29:02,2025-04-14 05:58:30,2025-04-14 08:29:02,America/Barbados,150.53,1.33,69.6,90.0,28.7,03c821d6-6274-427c-937a-ad91c6bc020d,MP-025,51210097772981,03c821d6-6274-427c-937a-ad91c6bc020d.1,CCS_2,25.0,79b72a61-f5ca-433f-b824-0c7df1204859,Massy Warrens,Massy Warrens - Massy Stores Supercenter,Warrens,St. Michael,BB,,Massy,578dca79-afd1-4b04-816a-322a7067114b,35b6f6f99ae2087ef24aff4869dea359,,,,,9210ee0a-d99f-4855-9c03-cdf9ee6fab7d,RFID,121.80,BBD,
e9158ca6-b02e-404c-81ba-81cc4d9357fc,2025-04-14 13:07:23,2025-04-14 13:37:54,2025-04-14 09:07:23,2025-04-14 09:37:54,America/Barbados,30.52,18.80,4.2,16.9,9.1,03c821d6-6274-427c-937a-ad91c6bc020d,MP-025,51210097772981,03c821d6-6274-427c-937a-ad91c6bc020d.2,CHADEMO,25.0,79b72a61-f5ca-433f-b824-0c7df1204859,Massy Warrens,Massy Warrens - Massy Stores Supercenter,Warrens,St. Michael,BB,,Massy,578dca79-afd1-4b04-816a-322a7067114b,564363f1092f00b6d8b93b0dffe923e8,,,,,ff8272b9-b9c0-4e2c-a725-65cbd037a327,RFID,7.35,BBD,
0f7235f7-1072-421b-ae81-0ddf7b07fbbf,2025-04-14 18:04:58,2025-04-14 18:38:07,2025-04-14 14:04:58,2025-04-14 14:38:07,America/Barbados,33.15,0.13,2.0,4.0,3.6,8d27dae5-8d1f-48d0-bfe1-8875d5d568a5,MP-0079,M5012464-2,8d27dae5-8d1f-48d0-bfe1-8875d5d568a5.1,TYPE_2,22.0,1977c2c7-cd44-4e6f-a827-370cd9aad5bd,Massy Sunset Crest,"Massy Stores Supercenter, Sunset Crest",Holetown,St James,BB,,Massy,578dca79-afd1-4b04-816a-322a7067114b,39bdd057540638ed40fc8ba9f292ca73,,,,,1598bfdd-a770-4581-a38c-bbb0757848c2,RFID,3.00,BBD,
6d46181f-873c-42b3-8232-a75edf8d7a39,2025-04-14 20:42:05,2025-04-14 21:27:51,2025-04-14 16:42:05,2025-04-14 17:27:51,America/Barbados,45.77,6.58,16.3,63.9,21.8,03c821d6-6274-427c-937a-ad91c6bc020d,MP-025,51210097772981,03c821d6-6274-427c-937a-ad91c6bc020d.1,CCS_2,25.0,79b72a61-f5ca-433f-b824-0c7df1204859,Massy Warrens,Massy Warrens - Massy Stores Supercenter,Warrens,St. Michael,BB,,Massy,578dca79-afd1-4b04-816a-322a7067114b,677d88bb83a91963e061ae8a70c86a51,,,,,545e7042-ec87-4932-88ff-b50d3666c9af,RFID,28.53,BBD,
ecb75b94-c387-4ef1-a4a2-b6f60b38fe98,2025-04-15 10:41:36,2025-04-15 11:36:45,2025-04-15 06:41:36,2025-04-15 07:36:45,America/Barbados,55.15,0.00,22.7,0.0,0.0,03c821d6-6274-427c-937a-ad91c6bc020d,MP-025,51210097772981,03c821d6-6274-427c-937a-ad91c6bc020d.1,CCS_2,25.0,79b72a61-f5ca-433f-b824-0c7df1204859,Massy Warrens,Massy Warrens - Massy Stores Supercenter,Warrens,St. Michael,BB,,Massy,578dca79-afd1-4b04-816a-322a7067114b,53c3e7f13adc18ac7473c99ec64d56c5,,,,,5b11676b-0383-4ad8-a16f-6da4cd89f3e3,RFID,39.73,BBD,
5e469748-6fb1-4577-8f57-d9c482a53adb,2025-04-15 16:21:21,2025-04-15 16:21:22,2025-04-15 12:21:21,2025-04-15 12:21:22,America/Barbados,0.02,0.00,0.0,0.0,0.0,03c821d6-6274-427c-937a-ad91c6bc020d,MP-025,51210097772981,03c821d6-6274-427c-937a-ad91c6bc020d.1,CCS_2,25.0,79b72a61-f5ca-433f-b824-0c7df1204859,Massy Warrens,Massy Warrens - Massy Stores Supercenter,Warrens,St. Michael,BB,,Massy,578dca79-afd1-4b04-816a-322a7067114b,de496c2b0c06805735691033fa5f0366,,,,,,SYSTEM,0.00,BBD,
85df31de-d90f-4171-80e4-7f9a374f49ea,2025-04-15 16:23:00,2025-04-15 17:40:35,2025-04-15 12:23:00,2025-04-15 13:40:35,America/Barbados,77.58,1.60,36.7,33.8,28.4,03c821d6-6274-427c-937a-ad91c6bc020d,MP-025,51210097772981,03c821d6-6274-427c-937a-ad91c6bc020d.1,CCS_2,25.0,79b72a61-f5ca-433f-b824-0c7df1204859,Massy Warrens,Massy Warrens - Massy Stores Supercenter,Warrens,St. Michael,BB,,Massy,578dca79-afd1-4b04-816a-322a7067114b,de496c2b0c06805735691033fa5f0366,,,,,,SYSTEM,64.23,BBD,
64c1227c-1c8c-4e49-87ff-236d35afbb7e,2025-04-15 18:21:11,2025-04-15 18:31:44,2025-04-15 14:21:11,2025-04-15 14:31:44,America/Barbados,10.55,0.00,0.6,4.0,3.5,8d27dae5-8d1f-48d0-bfe1-8875d5d568a5,MP-0079,M5012464-2,8d27dae5-8d1f-48d0-bfe1-8875d5d568a5.2,TYPE_2,22.0,1977c2c7-cd44-4e6f-a827-370cd9aad5bd,Massy Sunset Crest,"Massy Stores Supercenter, Sunset Crest",Holetown,St James,BB,,Massy,578dca79-afd1-4b04-816a-322a7067114b,39bdd057540638ed40fc8ba9f292ca73,,,,,1598bfdd-a770-4581-a38c-bbb0757848c2,RFID,0.90,BBD,
a8c9425f-a4a7-4d00-8d99-b4f67ce9d520,2025-04-15 19:53:08,2025-04-15 19:53:08,2025-04-15 15:53:08,2025-04-15 15:53:08,America/Barbados,0.00,0.00,0.0,0.0,0.0,03c821d6-6274-427c-937a-ad91c6bc020d,MP-025,51210097772981,03c821d6-6274-427c-937a-ad91c6bc020d.2,CHADEMO,25.0,79b72a61-f5ca-433f-b824-0c7df1204859,Massy Warrens,Massy Warrens - Massy Stores Supercenter,Warrens,St. Michael,BB,,Massy,578dca79-afd1-4b04-816a-322a7067114b,564363f1092f00b6d8b93b0dffe923e8,,,,,,RFID,0.00,BBD,
afede95d-e153-4f4a-9e01-4eed8b6b39f5,2025-04-16 14:53:10,2025-04-16 17:29:06,2025-04-16 10:53:10,2025-04-16 13:29:06,America/Barbados,155.93,12.28,65.7,33.8,25.5,03c821d6-6274-427c-937a-ad91c6bc020d,MP-025,51210097772981,03c821d6-6274-427c-937a-ad91c6bc020d.1,CCS_2,25.0,79b72a61-f5ca-433f-b824-0c7df1204859,Massy Warrens,Massy Warrens - Massy Stores Supercenter,Warrens,St. Michael,BB,,Massy,578dca79-afd1-4b04-816a-322a7067114b,646e6f6a3dc9b3baf56730afeab800ea,,,,,,SYSTEM,114.98,BBD,
870c3f7c-424e-40bb-a68e-991960c24808,2025-04-16 14:05:44,2025-04-16 14:05:44,2025-04-16 10:05:44,2025-04-16 10:05:44,America/Barbados,0.00,0.00,0.0,0.0,0.0,03c821d6-6274-427c-937a-ad91c6bc020d,MP-025,51210097772981,03c821d6-6274-427c-937a-ad91c6bc020d.2,CHADEMO,25.0,79b72a61-f5ca-433f-b824-0c7df1204859,Massy Warrens,Massy Warrens - Massy Stores Supercenter,Warrens,St. Michael,BB,,Massy,578dca79-afd1-4b04-816a-322a7067114b,564363f1092f00b6d8b93b0dffe923e8,,,,,,RFID,0.00,BBD,
f42aa513-598e-4e3f-839d-7c9e0ee97c19,2025-04-16 20:33:13,2025-04-16 22:58:45,2025-04-16 16:33:13,2025-04-16 18:58:45,America/Barbados,145.53,3.20,67.3,337.8,30.6,03c821d6-6274-427c-937a-ad91c6bc020d,MP-025,51210097772981,03c821d6-6274-427c-937a-ad91c6bc020d.1,CCS_2,25.0,79b72a61-f5ca-433f-b824-0c7df1204859,Massy Warrens,Massy Warrens - Massy Stores Supercenter,Warrens,St. Michael,BB,,Massy,578dca79-afd1-4b04-816a-322a7067114b,35b6f6f99ae2087ef24aff4869dea359,,,,,9210ee0a-d99f-4855-9c03-cdf9ee6fab7d,RFID,117.78,BBD,
ba955491-a666-48c9-a53a-2290c251164f,2025-04-16 23:44:37,2025-04-17 01:14:33,2025-04-16 19:44:37,2025-04-16 21:14:33,America/Barbados,89.93,6.47,35.0,28.1,21.9,03c821d6-6274-427c-937a-ad91c6bc020d,MP-025,51210097772981,03c821d6-6274-427c-937a-ad91c6bc020d.1,CCS_2,25.0,79b72a61-f5ca-433f-b824-0c7df1204859,Massy Warrens,Massy Warrens - Massy Stores Supercenter,Warrens,St. Michael,BB,,Massy,578dca79-afd1-4b04-816a-322a7067114b,677d88bb83a91963e061ae8a70c86a51,,,,,545e7042-ec87-4932-88ff-b50d3666c9af,RFID,61.25,BBD,
f5d9b722-2b93-4984-820d-a03458b0ff31,2025-04-17 01:38:21,2025-04-17 02:06:22,2025-04-16 21:38:21,2025-04-16 22:06:22,America/Barbados,28.02,1.35,10.6,28.1,22.7,03c821d6-6274-427c-937a-ad91c6bc020d,MP-025,51210097772981,03c821d6-6274-427c-937a-ad91c6bc020d.2,CHADEMO,25.0,79b72a61-f5ca-433f-b824-0c7df1204859,Massy Warrens,Massy Warrens - Massy Stores Supercenter,Warrens,St. Michael,BB,,Massy,578dca79-afd1-4b04-816a-322a7067114b,85238d638918d8b6ce011cd702d78404,,,,,,SYSTEM,18.55,BBD,
79723899-5ded-432d-bd92-3a7ccae223d1,2025-04-17 10:53:45,2025-04-17 10:53:45,2025-04-17 06:53:45,2025-04-17 06:53:45,America/Barbados,0.00,0.00,0.0,0.0,0.0,03c821d6-6274-427c-937a-ad91c6bc020d,MP-025,51210097772981,03c821d6-6274-427c-937a-ad91c6bc020d.1,CCS_2,25.0,79b72a61-f5ca-433f-b824-0c7df1204859,Massy Warrens,Massy Warrens - Massy Stores Supercenter,Warrens,St. Michael,BB,,Massy,578dca79-afd1-4b04-816a-322a7067114b,d453d2a25df7ffae24023c2de6e302c4,,,,,,RFID,0.00,BBD,
7a266526-86a2-4cf3-9dca-d205b8153696,2025-04-17 12:34:17,2025-04-17 13:50:56,2025-04-17 08:34:17,2025-04-17 09:50:56,America/Barbados,76.65,1.18,36.3,33.8,28.4,03c821d6-6274-427c-937a-ad91c6bc020d,MP-025,51210097772981,03c821d6-6274-427c-937a-ad91c6bc020d.1,CCS_2,25.0,79b72a61-f5ca-433f-b824-0c7df1204859,Massy Warrens,Massy Warrens - Massy Stores Supercenter,Warrens,St. Michael,BB,,Massy,578dca79-afd1-4b04-816a-322a7067114b,757655c3976bb27bcf24b456d24fd387,,,,,f63c233f-bf0f-4c6b-b7cb-de67bc672b06,RFID,63.53,BBD,
9d12f721-f6ea-4ba6-9001-77264178c149,2025-04-17 13:55:08,2025-04-17 14:28:12,2025-04-17 09:55:08,2025-04-17 10:28:12,America/Barbados,33.07,21.62,4.0,16.9,8.4,03c821d6-6274-427c-937a-ad91c6bc020d,MP-025,51210097772981,03c821d6-6274-427c-937a-ad91c6bc020d.2,CHADEMO,25.0,79b72a61-f5ca-433f-b824-0c7df1204859,Massy Warrens,Massy Warrens - Massy Stores Supercenter,Warrens,St. Michael,BB,,Massy,578dca79-afd1-4b04-816a-322a7067114b,564363f1092f00b6d8b93b0dffe923e8,,,,,ff8272b9-b9c0-4e2c-a725-65cbd037a327,RFID,7.00,BBD,
7578b2d8-305d-4910-bdb4-aa29b368a5fd,2025-04-17 20:18:51,2025-04-17 20:40:00,2025-04-17 16:18:51,2025-04-17 16:40:00,America/Barbados,21.15,7.18,5.2,17.6,14.8,03c821d6-6274-427c-937a-ad91c6bc020d,MP-025,51210097772981,03c821d6-6274-427c-937a-ad91c6bc020d.2,CHADEMO,25.0,79b72a61-f5ca-433f-b824-0c7df1204859,Massy Warrens,Massy Warrens - Massy Stores Supercenter,Warrens,St. Michael,BB,,Massy,578dca79-afd1-4b04-816a-322a7067114b,564363f1092f00b6d8b93b0dffe923e8,,,,,ff8272b9-b9c0-4e2c-a725-65cbd037a327,RFID,9.10,BBD,
08844c9b-6b45-4029-aef7-f0ee62d4898d,2025-04-17 18:19:11,2025-04-17 18:19:11,2025-04-17 14:19:11,2025-04-17 14:19:11,America/Barbados,0.00,0.00,0.0,0.0,0.0,03c821d6-6274-427c-937a-ad91c6bc020d,MP-025,51210097772981,03c821d6-6274-427c-937a-ad91c6bc020d.1,CCS_2,25.0,79b72a61-f5ca-433f-b824-0c7df1204859,Massy Warrens,Massy Warrens - Massy Stores Supercenter,Warrens,St. Michael,BB,,Massy,578dca79-afd1-4b04-816a-322a7067114b,d01f8298c4aa0be4b825cec87e3512c6,,,,,,RFID,0.00,BBD,
37fff811-2d03-42e8-82f6-d736ab886c38,2025-04-17 22:08:52,2025-04-18 01:02:10,2025-04-17 18:08:52,2025-04-17 21:02:10,America/Barbados,173.30,7.23,68.4,28.6,23.7,03c821d6-6274-427c-937a-ad91c6bc020d,MP-025,51210097772981,03c821d6-6274-427c-937a-ad91c6bc020d.2,CHADEMO,25.0,79b72a61-f5ca-433f-b824-0c7df1204859,Massy Warrens,Massy Warrens - Massy Stores Supercenter,Warrens,St. Michael,BB,,Massy,578dca79-afd1-4b04-816a-322a7067114b,8f8a1bc53cfa9904f8ceebad0a28992a,,,,,2b43a680-6c0f-4d9c-937d-40d2fa634566,RFID,119.70,BBD,
b4284184-0f4e-404d-b9c1-f1ae16db7d94,2025-04-18 02:23:49,2025-04-18 02:56:22,2025-04-17 22:23:49,2025-04-17 22:56:22,America/Barbados,32.55,0.02,13.8,32.7,25.6,03c821d6-6274-427c-937a-ad91c6bc020d,MP-025,51210097772981,03c821d6-6274-427c-937a-ad91c6bc020d.1,CCS_2,25.0,79b72a61-f5ca-433f-b824-0c7df1204859,Massy Warrens,Massy Warrens - Massy Stores Supercenter,Warrens,St. Michael,BB,,Massy,578dca79-afd1-4b04-816a-322a7067114b,40a16d94208fdc757cd189b90808792e,,,,,,SYSTEM,24.15,BBD,
4b922da7-5e45-4838-b07a-15cd6e8861bf,2025-04-18 13:26:55,2025-04-18 14:46:56,2025-04-18 09:26:55,2025-04-18 10:46:56,America/Barbados,80.02,0.80,34.1,382.5,33.5,03c821d6-6274-427c-937a-ad91c6bc020d,MP-025,51210097772981,03c821d6-6274-427c-937a-ad91c6bc020d.1,CCS_2,25.0,79b72a61-f5ca-433f-b824-0c7df1204859,Massy Warrens,Massy Warrens - Massy Stores Supercenter,Warrens,St. Michael,BB,,Massy,578dca79-afd1-4b04-816a-322a7067114b,4df9c2d386f9bad2c1558ef9674edfdb,,,,,cfb2a15d-c3ab-477a-b0c5-e81228d7ae3c,RFID,59.68,BBD,
4e2161e4-2b76-4e6f-8188-8875b56d5dab,2025-04-18 16:06:38,2025-04-18 16:06:38,2025-04-18 12:06:38,2025-04-18 12:06:38,America/Barbados,0.00,0.00,0.0,0.0,0.0,03c821d6-6274-427c-937a-ad91c6bc020d,MP-025,51210097772981,03c821d6-6274-427c-937a-ad91c6bc020d.2,CHADEMO,25.0,79b72a61-f5ca-433f-b824-0c7df1204859,Massy Warrens,Massy Warrens - Massy Stores Supercenter,Warrens,St. Michael,BB,,Massy,578dca79-afd1-4b04-816a-322a7067114b,564363f1092f00b6d8b93b0dffe923e8,,,,,,RFID,0.00,BBD,
a31a36e3-426f-4e1b-9c09-a29512ae343e,2025-04-18 18:26:07,2025-04-18 20:59:53,2025-04-18 14:26:07,2025-04-18 16:59:53,America/Barbados,153.77,2.30,67.6,33.8,26.6,03c821d6-6274-427c-937a-ad91c6bc020d,MP-025,51210097772981,03c821d6-6274-427c-937a-ad91c6bc020d.1,CCS_2,25.0,79b72a61-f5ca-433f-b824-0c7df1204859,Massy Warrens,Massy Warrens - Massy Stores Supercenter,Warrens,St. Michael,BB,,Massy,578dca79-afd1-4b04-816a-322a7067114b,36103e32ca748011fafd0684597de9b8,,,,,28fa464f-755d-408f-b101-69e31a4fb5cf,RFID,118.30,BBD,
ea0484a2-5473-4ddd-a8d5-d713c8e3586c,2025-04-19 01:04:12,2025-04-19 01:53:41,2025-04-18 21:04:12,2025-04-18 21:53:41,America/Barbados,49.48,0.80,23.7,180.0,30.5,03c821d6-6274-427c-937a-ad91c6bc020d,MP-025,51210097772981,03c821d6-6274-427c-937a-ad91c6bc020d.1,CCS_2,25.0,79b72a61-f5ca-433f-b824-0c7df1204859,Massy Warrens,Massy Warrens - Massy Stores Supercenter,Warrens,St. Michael,BB,,Massy,578dca79-afd1-4b04-816a-322a7067114b,5911ffba106a13f8c146db3cc5fdaaf2,,,,,f4154aa6-6205-47f5-bff4-856043d935c8,RFID,41.48,BBD,
107c8804-e7af-4846-8fa0-6445b4596874,2025-04-19 13:57:27,2025-04-19 13:54:01,2025-04-19 09:57:27,2025-04-19 09:54:01,America/Barbados,22.40,0.00,9.3,28.1,25.0,03c821d6-6274-427c-937a-ad91c6bc020d,MP-025,51210097772981,03c821d6-6274-427c-937a-ad91c6bc020d.1,CCS_2,25.0,79b72a61-f5ca-433f-b824-0c7df1204859,Massy Warrens,Massy Warrens - Massy Stores Supercenter,Warrens,St. Michael,BB,,Massy,578dca79-afd1-4b04-816a-322a7067114b,0e411a7aae18e5bf462136072fec76ab,,,,,,SYSTEM,0.00,BBD,
890a2fbc-b448-454b-ab8d-69a4b4a37884,2025-04-19 15:31:41,2025-04-19 16:19:09,2025-04-19 11:31:41,2025-04-19 12:19:09,America/Barbados,47.47,0.27,20.4,28.1,26.5,03c821d6-6274-427c-937a-ad91c6bc020d,MP-025,51210097772981,03c821d6-6274-427c-937a-ad91c6bc020d.1,CCS_2,25.0,79b72a61-f5ca-433f-b824-0c7df1204859,Massy Warrens,Massy Warrens - Massy Stores Supercenter,Warrens,St. Michael,BB,,Massy,578dca79-afd1-4b04-816a-322a7067114b,a8947df47909a29cbcea48406b5b1f7f,,,,,,SYSTEM,35.70,BBD,
33f466a4-c777-4cca-adec-5b5fa0797538,2025-04-20 07:11:40,2025-04-20 07:01:17,2025-04-20 03:11:40,2025-04-20 03:01:17,America/Barbados,1.92,0.00,0.8,27.7,26.5,03c821d6-6274-427c-937a-ad91c6bc020d,MP-025,51210097772981,03c821d6-6274-427c-937a-ad91c6bc020d.1,CCS_2,25.0,79b72a61-f5ca-433f-b824-0c7df1204859,Massy Warrens,Massy Warrens - Massy Stores Supercenter,Warrens,St. Michael,BB,,Massy,578dca79-afd1-4b04-816a-322a7067114b,2918965ee2fd1dd3b52623688aa563a5,,,,,,SYSTEM,0.00,BBD,
250bccbe-47b9-47f8-8108-70c18203fbe7,2025-04-20 17:10:02,2025-04-20 17:10:02,2025-04-20 13:10:02,2025-04-20 13:10:02,America/Barbados,0.00,0.00,0.0,0.0,0.0,03c821d6-6274-427c-937a-ad91c6bc020d,MP-025,51210097772981,03c821d6-6274-427c-937a-ad91c6bc020d.1,CCS_2,25.0,79b72a61-f5ca-433f-b824-0c7df1204859,Massy Warrens,Massy Warrens - Massy Stores Supercenter,Warrens,St. Michael,BB,,Massy,578dca79-afd1-4b04-816a-322a7067114b,9524292787ec90c1c0d210497cc1166e,,,,,,RFID,0.00,BBD,
bf563342-bcbb-4851-8e9c-85dbde0b8ebd,2025-04-21 12:15:33,2025-04-21 12:15:33,2025-04-21 08:15:33,2025-04-21 08:15:33,America/Barbados,0.00,0.00,0.0,0.0,0.0,03c821d6-6274-427c-937a-ad91c6bc020d,MP-025,51210097772981,03c821d6-6274-427c-937a-ad91c6bc020d.1,CCS_2,25.0,79b72a61-f5ca-433f-b824-0c7df1204859,Massy Warrens,Massy Warrens - Massy Stores Supercenter,Warrens,St. Michael,BB,,Massy,578dca79-afd1-4b04-816a-322a7067114b,53c3e7f13adc18ac7473c99ec64d56c5,,,,,,RFID,0.00,BBD,
78abd1cf-7b45-437c-b6a2-a946a867a52e,2025-04-21 14:44:57,2025-04-21 15:29:21,2025-04-21 10:44:57,2025-04-21 11:29:21,America/Barbados,44.40,0.00,4.9,8.0,6.7,8d27dae5-8d1f-48d0-bfe1-8875d5d568a5,MP-0079,M5012464-2,8d27dae5-8d1f-48d0-bfe1-8875d5d568a5.1,TYPE_2,22.0,1977c2c7-cd44-4e6f-a827-370cd9aad5bd,Massy Sunset Crest,"Massy Stores Supercenter, Sunset Crest",Holetown,St James,BB,,Massy,578dca79-afd1-4b04-816a-322a7067114b,d094140c914a0230b6a3c3c35ba1c158,,,,,18d39925-7b1f-4232-b364-e41448dcf7bd,RFID,7.35,BBD,
51202202-77dc-4694-abe1-bb9807e44020,2025-04-21 16:18:49,2025-04-21 17:13:06,2025-04-21 12:18:49,2025-04-21 13:13:06,America/Barbados,54.28,0.80,22.9,29.5,25.4,03c821d6-6274-427c-937a-ad91c6bc020d,MP-025,51210097772981,03c821d6-6274-427c-937a-ad91c6bc020d.1,CCS_2,25.0,79b72a61-f5ca-433f-b824-0c7df1204859,Massy Warrens,Massy Warrens - Massy Stores Supercenter,Warrens,St. Michael,BB,,Massy,578dca79-afd1-4b04-816a-322a7067114b,5911ffba106a13f8c146db3cc5fdaaf2,,,,,f4154aa6-6205-47f5-bff4-856043d935c8,RFID,40.08,BBD,
b043733f-b441-4860-b821-c895fb0b230d,2025-04-21 20:49:50,2025-04-21 22:26:11,2025-04-21 16:49:50,2025-04-21 18:26:11,America/Barbados,96.35,18.48,33.2,28.1,20.7,03c821d6-6274-427c-937a-ad91c6bc020d,MP-025,51210097772981,03c821d6-6274-427c-937a-ad91c6bc020d.1,CCS_2,25.0,79b72a61-f5ca-433f-b824-0c7df1204859,Massy Warrens,Massy Warrens - Massy Stores Supercenter,Warrens,St. Michael,BB,,Massy,578dca79-afd1-4b04-816a-322a7067114b,94d59d847d0e9a02e7470a4a67a720a9,,,,,,SYSTEM,58.10,BBD,
f64ea94d-e465-4cc6-b1ce-b3a8cc65681c,2025-04-22 12:26:02,2025-04-22 13:39:01,2025-04-22 08:26:02,2025-04-22 09:39:01,America/Barbados,72.98,0.45,34.7,33.8,28.8,03c821d6-6274-427c-937a-ad91c6bc020d,MP-025,51210097772981,03c821d6-6274-427c-937a-ad91c6bc020d.1,CCS_2,25.0,79b72a61-f5ca-433f-b824-0c7df1204859,Massy Warrens,Massy Warrens - Massy Stores Supercenter,Warrens,St. Michael,BB,,Massy,578dca79-afd1-4b04-816a-322a7067114b,757655c3976bb27bcf24b456d24fd387,,,,,f63c233f-bf0f-4c6b-b7cb-de67bc672b06,RFID,60.73,BBD,
603d6c06-5dd4-494b-bfee-e97592b4b92c,2025-04-22 13:44:28,2025-04-22 14:12:16,2025-04-22 09:44:28,2025-04-22 10:12:16,America/Barbados,27.80,14.23,4.1,63.9,11.6,03c821d6-6274-427c-937a-ad91c6bc020d,MP-025,51210097772981,03c821d6-6274-427c-937a-ad91c6bc020d.2,CHADEMO,25.0,79b72a61-f5ca-433f-b824-0c7df1204859,Massy Warrens,Massy Warrens - Massy Stores Supercenter,Warrens,St. Michael,BB,,Massy,578dca79-afd1-4b04-816a-322a7067114b,564363f1092f00b6d8b93b0dffe923e8,,,,,ff8272b9-b9c0-4e2c-a725-65cbd037a327,RFID,7.18,BBD,
e6c97c6b-f7b7-4bfc-b640-5b4cf3fac60f,2025-04-22 14:36:54,2025-04-22 15:31:48,2025-04-22 10:36:54,2025-04-22 11:31:48,America/Barbados,54.90,1.07,23.2,40.6,25.6,03c821d6-6274-427c-937a-ad91c6bc020d,MP-025,51210097772981,03c821d6-6274-427c-937a-ad91c6bc020d.1,CCS_2,25.0,79b72a61-f5ca-433f-b824-0c7df1204859,Massy Warrens,Massy Warrens - Massy Stores Supercenter,Warrens,St. Michael,BB,,Massy,578dca79-afd1-4b04-816a-322a7067114b,d094140c914a0230b6a3c3c35ba1c158,,,,,18d39925-7b1f-4232-b364-e41448dcf7bd,RFID,40.60,BBD,
83287473-4921-4069-96eb-31672d0384fc,2025-04-22 15:43:22,2025-04-22 16:38:25,2025-04-22 11:43:22,2025-04-22 12:38:25,America/Barbados,55.05,0.38,24.8,33.8,27.7,03c821d6-6274-427c-937a-ad91c6bc020d,MP-025,51210097772981,03c821d6-6274-427c-937a-ad91c6bc020d.1,CCS_2,25.0,79b72a61-f5ca-433f-b824-0c7df1204859,Massy Warrens,Massy Warrens - Massy Stores Supercenter,Warrens,St. Michael,BB,,Massy,578dca79-afd1-4b04-816a-322a7067114b,03d1ce26fa49936b6e72eb9eafef6e3f,,,,,97fceca9-6706-421a-89f2-0f307f042c89,RFID,43.40,BBD,
17257f06-4d1e-470f-b30c-518be85d11c8,2025-04-22 17:39:02,2025-04-22 20:01:08,2025-04-22 13:39:02,2025-04-22 16:01:08,America/Barbados,142.10,1.60,65.2,33.8,27.9,03c821d6-6274-427c-937a-ad91c6bc020d,MP-025,51210097772981,03c821d6-6274-427c-937a-ad91c6bc020d.1,CCS_2,25.0,79b72a61-f5ca-433f-b824-0c7df1204859,Massy Warrens,Massy Warrens - Massy Stores Supercenter,Warrens,St. Michael,BB,,Massy,578dca79-afd1-4b04-816a-322a7067114b,35b6f6f99ae2087ef24aff4869dea359,,,,,9210ee0a-d99f-4855-9c03-cdf9ee6fab7d,RFID,114.10,BBD,
010f8c91-6997-4d2a-b827-b3f236bd1322,2025-04-22 20:34:17,2025-04-22 23:37:39,2025-04-22 16:34:17,2025-04-22 19:37:39,America/Barbados,183.37,3.92,83.4,33.8,27.3,03c821d6-6274-427c-937a-ad91c6bc020d,MP-025,51210097772981,03c821d6-6274-427c-937a-ad91c6bc020d.1,CCS_2,25.0,79b72a61-f5ca-433f-b824-0c7df1204859,Massy Warrens,Massy Warrens - Massy Stores Supercenter,Warrens,St. Michael,BB,,Massy,578dca79-afd1-4b04-816a-322a7067114b,6ccd1ca21a320b88e81fde50415fc2cf,,,,,,SYSTEM,145.95,BBD,
88388c08-79f6-425c-89d2-ebf7c2e4ff32,2025-04-22 23:41:46,2025-04-22 23:49:33,2025-04-22 19:41:46,2025-04-22 19:49:33,America/Barbados,7.78,1.38,1.6,66.5,30.6,03c821d6-6274-427c-937a-ad91c6bc020d,MP-025,51210097772981,03c821d6-6274-427c-937a-ad91c6bc020d.2,CHADEMO,25.0,79b72a61-f5ca-433f-b824-0c7df1204859,Massy Warrens,Massy Warrens - Massy Stores Supercenter,Warrens,St. Michael,BB,,Massy,578dca79-afd1-4b04-816a-322a7067114b,564363f1092f00b6d8b93b0dffe923e8,,,,,ff8272b9-b9c0-4e2c-a725-65cbd037a327,RFID,2.80,BBD,
09c9bc7e-b4bd-4225-bab3-535217751796,2025-04-23 00:02:47,2025-04-23 02:00:45,2025-04-22 20:02:47,2025-04-22 22:00:45,America/Barbados,117.97,14.52,44.3,28.1,22.4,03c821d6-6274-427c-937a-ad91c6bc020d,MP-025,51210097772981,03c821d6-6274-427c-937a-ad91c6bc020d.1,CCS_2,25.0,79b72a61-f5ca-433f-b824-0c7df1204859,Massy Warrens,Massy Warrens - Massy Stores Supercenter,Warrens,St. Michael,BB,,Massy,578dca79-afd1-4b04-816a-322a7067114b,677d88bb83a91963e061ae8a70c86a51,,,,,545e7042-ec87-4932-88ff-b50d3666c9af,RFID,77.53,77.53,0.00,BBD,
5ed7f985-d3f4-46b9-a702-f1d8bfa1391d,2025-04-23 10:18:13,2025-04-23 10:18:13,2025-04-23 06:18:13,2025-04-23 06:18:13,America/Barbados,0.00,0.00,0.0,0.0,0.0,03c821d6-6274-427c-937a-ad91c6bc020d,MP-025,51210097772981,03c821d6-6274-427c-937a-ad91c6bc020d.1,CCS_2,25.0,79b72a61-f5ca-433f-b824-0c7df1204859,Massy Warrens,Massy Warrens - Massy Stores Supercenter,Warrens,St. Michael,BB,,Massy,578dca79-afd1-4b04-816a-322a7067114b,d453d2a25df7ffae24023c2de6e302c4,,,,,,RFID,0.00,0.00,0.00,BBD,
c5273fb3-3f67-4b2e-8fd7-e0241746dd8a,2025-04-23 15:01:53,2025-04-23 17:01:55,2025-04-23 11:01:53,2025-04-23 13:01:55,America/Barbados,120.03,1.72,48.3,33.8,27.5,03c821d6-6274-427c-937a-ad91c6bc020d,MP-025,51210097772981,03c821d6-6274-427c-937a-ad91c6bc020d.1,CCS_2,25.0,79b72a61-f5ca-433f-b824-0c7df1204859,Massy Warrens,Massy Warrens - Massy Stores Supercenter,Warrens,St. Michael,BB,,Massy,578dca79-afd1-4b04-816a-322a7067114b,03d1ce26fa49936b6e72eb9eafef6e3f,,,,,97fceca9-6706-421a-89f2-0f307f042c89,RFID,84.53,84.53,0.00,BBD,
85928c6b-be6c-457c-8328-8ab29d83b61a,2025-04-23 18:43:54,2025-04-23 19:54:16,2025-04-23 14:43:54,2025-04-23 15:54:16,America/Barbados,70.37,1.65,28.8,33.8,28.0,03c821d6-6274-427c-937a-ad91c6bc020d,MP-025,51210097772981,03c821d6-6274-427c-937a-ad91c6bc020d.1,CCS_2,25.0,79b72a61-f5ca-433f-b824-0c7df1204859,Massy Warrens,Massy Warrens - Massy Stores Supercenter,Warrens,St. Michael,BB,,Massy,578dca79-afd1-4b04-816a-322a7067114b,35b6f6f99ae2087ef24aff4869dea359,,,,,9210ee0a-d99f-4855-9c03-cdf9ee6fab7d,RFID,50.40,50.40,0.00,BBD,
1cedeb9e-553f-4622-bee4-0df5ce4e3f96,2025-04-24 00:29:41,2025-04-24 01:11:12,2025-04-23 20:29:41,2025-04-23 21:11:12,America/Barbados,41.52,0.53,18.7,65.5,28.1,03c821d6-6274-427c-937a-ad91c6bc020d,MP-025,51210097772981,03c821d6-6274-427c-937a-ad91c6bc020d.1,CCS_2,25.0,79b72a61-f5ca-433f-b824-0c7df1204859,Massy Warrens,Massy Warrens - Massy Stores Supercenter,Warrens,St. Michael,BB,,Massy,578dca79-afd1-4b04-816a-322a7067114b,40a16d94208fdc757cd189b90808792e,,,,,,SYSTEM,32.73,32.73,0.00,BBD,
0aa98b93-2e0b-4eec-969e-b947d83dd322,2025-04-24 13:54:46,2025-04-24 15:01:19,2025-04-24 09:54:46,2025-04-24 11:01:19,America/Barbados,66.55,0.43,28.1,2524.2,74.3,03c821d6-6274-427c-937a-ad91c6bc020d,MP-025,51210097772981,03c821d6-6274-427c-937a-ad91c6bc020d.1,CCS_2,25.0,79b72a61-f5ca-433f-b824-0c7df1204859,Massy Warrens,Massy Warrens - Massy Stores Supercenter,Warrens,St. Michael,BB,,Massy,578dca79-afd1-4b04-816a-322a7067114b,53c3e7f13adc18ac7473c99ec64d56c5,,,,,5b11676b-0383-4ad8-a16f-6da4cd89f3e3,RFID,49.18,49.18,0.00,BBD,
a36774da-3d33-4a38-9098-a6e4ed706e3d,2025-04-24 15:20:48,2025-04-24 16:43:41,2025-04-24 11:20:48,2025-04-24 12:43:41,America/Barbados,82.88,0.53,44.1,39.4,31.9,03c821d6-6274-427c-937a-ad91c6bc020d,MP-025,51210097772981,03c821d6-6274-427c-937a-ad91c6bc020d.1,CCS_2,25.0,79b72a61-f5ca-433f-b824-0c7df1204859,Massy Warrens,Massy Warrens - Massy Stores Supercenter,Warrens,St. Michael,BB,,Massy,578dca79-afd1-4b04-816a-322a7067114b,b01bfccb48449dfee18ccc8179ef87ca,,,,,,SYSTEM,77.18,77.18,0.00,BBD,
d7ea1219-1b86-484d-8250-d5d7cb097a53,2025-04-24 18:03:11,2025-04-24 19:12:39,2025-04-24 14:03:11,2025-04-24 15:12:39,America/Barbados,69.47,1.07,32.2,33.8,28.3,03c821d6-6274-427c-937a-ad91c6bc020d,MP-025,51210097772981,03c821d6-6274-427c-937a-ad91c6bc020d.1,CCS_2,25.0,79b72a61-f5ca-433f-b824-0c7df1204859,Massy Warrens,Massy Warrens - Massy Stores Supercenter,Warrens,St. Michael,BB,,Massy,578dca79-afd1-4b04-816a-322a7067114b,35b6f6f99ae2087ef24aff4869dea359,,,,,9210ee0a-d99f-4855-9c03-cdf9ee6fab7d,RFID,56.35,56.35,0.00,BBD,
3b05bc61-7abd-4a13-9fc2-f62710b7c923,2025-04-24 19:14:22,2025-04-24 21:00:59,2025-04-24 15:14:22,2025-04-24 17:00:59,America/Barbados,106.62,3.20,47.4,33.8,26.7,03c821d6-6274-427c-937a-ad91c6bc020d,MP-025,51210097772981,03c821d6-6274-427c-937a-ad91c6bc020d.1,CCS_2,25.0,79b72a61-f5ca-433f-b824-0c7df1204859,Massy Warrens,Massy Warrens - Massy Stores Supercenter,Warrens,St. Michael,BB,,Massy,578dca79-afd1-4b04-816a-322a7067114b,a8947df47909a29cbcea48406b5b1f7f,,,,,,SYSTEM,82.95,82.95,0.00,BBD,
64616959-ff53-4073-9673-e5bbf31af6c0,2025-04-24 21:04:45,2025-04-24 23:32:52,2025-04-24 17:04:45,2025-04-24 19:32:52,America/Barbados,148.12,20.40,54.6,314.3,24.6,03c821d6-6274-427c-937a-ad91c6bc020d,MP-025,51210097772981,03c821d6-6274-427c-937a-ad91c6bc020d.1,CCS_2,25.0,79b72a61-f5ca-433f-b824-0c7df1204859,Massy Warrens,Massy Warrens - Massy Stores Supercenter,Warrens,St. Michael,BB,,Massy,578dca79-afd1-4b04-816a-322a7067114b,9524292787ec90c1c0d210497cc1166e,,,,,81c772bc-95b4-494a-b120-9b72e065fadc,RFID,95.55,95.55,0.00,BBD,
afd5ee58-494d-4663-8eac-534d6ad8acf2,2025-04-24 23:36:32,2025-04-25 01:52:12,2025-04-24 19:36:32,2025-04-24 21:52:12,America/Barbados,135.67,4.53,54.1,99.1,24.5,03c821d6-6274-427c-937a-ad91c6bc020d,MP-025,51210097772981,03c821d6-6274-427c-937a-ad91c6bc020d.2,CHADEMO,25.0,79b72a61-f5ca-433f-b824-0c7df1204859,Massy Warrens,Massy Warrens - Massy Stores Supercenter,Warrens,St. Michael,BB,,Massy,578dca79-afd1-4b04-816a-322a7067114b,8f8a1bc53cfa9904f8ceebad0a28992a,,,,,2b43a680-6c0f-4d9c-937d-40d2fa634566,RFID,94.68,94.68,0.00,BBD,
ccd57901-83ee-4457-b4ef-a399bb3f17d6,2025-04-25 01:57:19,2025-04-25 03:31:07,2025-04-24 21:57:19,2025-04-24 23:31:07,America/Barbados,93.80,12.73,36.0,2242.4,48.9,03c821d6-6274-427c-937a-ad91c6bc020d,MP-025,51210097772981,03c821d6-6274-427c-937a-ad91c6bc020d.1,CCS_2,25.0,79b72a61-f5ca-433f-b824-0c7df1204859,Massy Warrens,Massy Warrens - Massy Stores Supercenter,Warrens,St. Michael,BB,,Massy,578dca79-afd1-4b04-816a-322a7067114b,677d88bb83a91963e061ae8a70c86a51,,,,,545e7042-ec87-4932-88ff-b50d3666c9af,RFID,63.00,63.00,0.00,BBD,
5c4d9238-d560-44d9-8d7e-d9cea8d38f38,2025-04-25 10:20:19,2025-04-25 10:20:19,2025-04-25 06:20:19,2025-04-25 06:20:19,America/Barbados,0.00,0.00,0.0,0.0,0.0,03c821d6-6274-427c-937a-ad91c6bc020d,MP-025,51210097772981,03c821d6-6274-427c-937a-ad91c6bc020d.1,CCS_2,25.0,79b72a61-f5ca-433f-b824-0c7df1204859,Massy Warrens,Massy Warrens - Massy Stores Supercenter,Warrens,St. Michael,BB,,Massy,578dca79-afd1-4b04-816a-322a7067114b,d453d2a25df7ffae24023c2de6e302c4,,,,,,RFID,0.00,0.00,0.00,BBD,
b38df0da-3375-409d-95b0-6b743243e8ac,2025-04-25 16:29:55,2025-04-25 17:09:15,2025-04-25 12:29:55,2025-04-25 13:09:15,America/Barbados,39.33,0.32,4.2,8.0,6.5,8d27dae5-8d1f-48d0-bfe1-8875d5d568a5,MP-0079,M5012464-2,8d27dae5-8d1f-48d0-bfe1-8875d5d568a5.2,TYPE_2,22.0,1977c2c7-cd44-4e6f-a827-370cd9aad5bd,Massy Sunset Crest,"Massy Stores Supercenter, Sunset Crest",Holetown,St James,BB,,Massy,578dca79-afd1-4b04-816a-322a7067114b,d094140c914a0230b6a3c3c35ba1c158,,,,,18d39925-7b1f-4232-b364-e41448dcf7bd,RFID,6.30,6.30,0.00,BBD,
99ba7349-2845-48bd-9e5e-d42f00813caf,2025-04-25 14:49:08,2025-04-25 14:49:08,2025-04-25 10:49:08,2025-04-25 10:49:08,America/Barbados,0.00,0.00,0.0,0.0,0.0,03c821d6-6274-427c-937a-ad91c6bc020d,MP-025,51210097772981,03c821d6-6274-427c-937a-ad91c6bc020d.1,CCS_2,25.0,79b72a61-f5ca-433f-b824-0c7df1204859,Massy Warrens,Massy Warrens - Massy Stores Supercenter,Warrens,St. Michael,BB,,Massy,578dca79-afd1-4b04-816a-322a7067114b,d453d2a25df7ffae24023c2de6e302c4,,,,,,RFID,0.00,0.00,0.00,BBD,
94945203-3563-4cf9-9d1d-6f55a90174ea,2025-04-26 11:19:31,2025-04-26 11:58:45,2025-04-26 07:19:31,2025-04-26 07:58:45,America/Barbados,39.23,1.07,17.8,34.6,27.3,03c821d6-6274-427c-937a-ad91c6bc020d,MP-025,51210097772981,03c821d6-6274-427c-937a-ad91c6bc020d.1,CCS_2,25.0,79b72a61-f5ca-433f-b824-0c7df1204859,Massy Warrens,Massy Warrens - Massy Stores Supercenter,Warrens,St. Michael,BB,,Massy,578dca79-afd1-4b04-816a-322a7067114b,40a16d94208fdc757cd189b90808792e,,,,,,SYSTEM,31.15,31.15,0.00,BBD,
0e5ee248-e961-4a3c-b404-859da4dab242,2025-04-26 05:54:11,2025-04-26 14:05:05,2025-04-26 01:54:11,2025-04-26 10:05:05,America/Barbados,490.90,1.60,25.8,0.0,0.0,03c821d6-6274-427c-937a-ad91c6bc020d,MP-025,51210097772981,03c821d6-6274-427c-937a-ad91c6bc020d.2,CHADEMO,25.0,79b72a61-f5ca-433f-b824-0c7df1204859,Massy Warrens,Massy Warrens - Massy Stores Supercenter,Warrens,St. Michael,BB,,Massy,578dca79-afd1-4b04-816a-322a7067114b,564363f1092f00b6d8b93b0dffe923e8,,,,,ff8272b9-b9c0-4e2c-a725-65cbd037a327,RFID,45.15,45.15,0.00,BBD,
6ede2ba1-e86b-445d-8855-ea8ea9d1a736,2025-04-26 13:04:19,2025-04-26 13:04:19,2025-04-26 09:04:19,2025-04-26 09:04:19,America/Barbados,0.00,0.00,0.0,0.0,0.0,03c821d6-6274-427c-937a-ad91c6bc020d,MP-025,51210097772981,03c821d6-6274-427c-937a-ad91c6bc020d.1,CCS_2,25.0,79b72a61-f5ca-433f-b824-0c7df1204859,Massy Warrens,Massy Warrens - Massy Stores Supercenter,Warrens,St. Michael,BB,,Massy,578dca79-afd1-4b04-816a-322a7067114b,7daacebf9b4ad61d93ad71b9621b0320,,,,,,RFID,0.00,0.00,0.00,BBD,
aee69755-95e7-4706-a319-b798f17672e6,2025-04-26 14:27:48,2025-04-26 14:57:39,2025-04-26 10:27:48,2025-04-26 10:57:39,America/Barbados,29.85,0.00,3.4,8.0,6.8,8d27dae5-8d1f-48d0-bfe1-8875d5d568a5,MP-0079,M5012464-2,8d27dae5-8d1f-48d0-bfe1-8875d5d568a5.2,TYPE_2,22.0,1977c2c7-cd44-4e6f-a827-370cd9aad5bd,Massy Sunset Crest,"Massy Stores Supercenter, Sunset Crest",Holetown,St James,BB,,Massy,578dca79-afd1-4b04-816a-322a7067114b,7ab036cc8d9ead0b6219408809788300,,,,,a4659945-cce4-46c9-9400-aed43c0669f2,RFID,5.10,5.10,0.00,BBD,
770b8b3c-bf26-4158-bdd4-6ab2288de732,2025-04-26 19:43:22,2025-04-26 19:43:22,2025-04-26 15:43:22,2025-04-26 15:43:22,America/Barbados,0.00,0.00,0.0,0.0,0.0,03c821d6-6274-427c-937a-ad91c6bc020d,MP-025,51210097772981,03c821d6-6274-427c-937a-ad91c6bc020d.1,CCS_2,25.0,79b72a61-f5ca-433f-b824-0c7df1204859,Massy Warrens,Massy Warrens - Massy Stores Supercenter,Warrens,St. Michael,BB,,Massy,578dca79-afd1-4b04-816a-322a7067114b,5911ffba106a13f8c146db3cc5fdaaf2,,,,,,RFID,0.00,0.00,0.00,BBD,
b96efcdf-28ea-4d6f-8f4d-1d5245851779,2025-04-26 23:27:53,2025-04-27 00:03:43,2025-04-26 19:27:53,2025-04-26 20:03:43,America/Barbados,35.83,0.40,6.2,31.3,26.1,03c821d6-6274-427c-937a-ad91c6bc020d,MP-025,51210097772981,03c821d6-6274-427c-937a-ad91c6bc020d.1,CCS_2,25.0,79b72a61-f5ca-433f-b824-0c7df1204859,Massy Warrens,Massy Warrens - Massy Stores Supercenter,Warrens,St. Michael,BB,,Massy,578dca79-afd1-4b04-816a-322a7067114b,033047ab5a40bfd2d0d1a39ccc476e1f,,,,,94698601-e207-4baf-81c0-bfc5a783e0d7,RFID,10.85,10.85,0.00,BBD,
bd3d1499-c95f-463a-a3b4-7a87df959db4,2025-04-27 04:02:37,2025-04-27 04:02:50,2025-04-27 00:02:37,2025-04-27 00:02:50,America/Barbados,0.22,0.00,0.0,0.0,0.0,03c821d6-6274-427c-937a-ad91c6bc020d,MP-025,51210097772981,03c821d6-6274-427c-937a-ad91c6bc020d.1,CCS_2,25.0,79b72a61-f5ca-433f-b824-0c7df1204859,Massy Warrens,Massy Warrens - Massy Stores Supercenter,Warrens,St. Michael,BB,,Massy,578dca79-afd1-4b04-816a-322a7067114b,40a16d94208fdc757cd189b90808792e,,,,,,SYSTEM,0.00,0.00,0.00,BBD,
3dbd08af-eaf7-4dc5-8521-dd8047ab2640,2025-04-27 09:13:37,2025-04-27 09:30:16,2025-04-27 05:13:37,2025-04-27 05:30:16,America/Barbados,16.66,0.27,6.4,28.1,25.9,03c821d6-6274-427c-937a-ad91c6bc020d,MP-025,51210097772981,03c821d6-6274-427c-937a-ad91c6bc020d.1,CCS_2,25.0,79b72a61-f5ca-433f-b824-0c7df1204859,Massy Warrens,Massy Warrens - Massy Stores Supercenter,Warrens,St. Michael,BB,,Massy,578dca79-afd1-4b04-816a-322a7067114b,40a16d94208fdc757cd189b90808792e,,,,,,SYSTEM,11.20,11.20,0.00,BBD,
01b2f535-181c-4299-872a-df65822b15f3,2025-04-27 12:58:34,2025-04-27 12:58:34,2025-04-27 08:58:34,2025-04-27 08:58:34,America/Barbados,0.00,0.00,0.0,0.0,0.0,03c821d6-6274-427c-937a-ad91c6bc020d,MP-025,51210097772981,03c821d6-6274-427c-937a-ad91c6bc020d.1,CCS_2,25.0,79b72a61-f5ca-433f-b824-0c7df1204859,Massy Warrens,Massy Warrens - Massy Stores Supercenter,Warrens,St. Michael,BB,,Massy,578dca79-afd1-4b04-816a-322a7067114b,677d88bb83a91963e061ae8a70c86a51,,,,,,RFID,0.00,0.00,0.00,BBD,
5a47bf56-0ad5-4fdb-ab31-cf4c0f8b867f,2025-04-27 17:34:27,2025-04-27 18:20:37,2025-04-27 13:34:27,2025-04-27 14:20:37,America/Barbados,46.17,0.00,2.8,5.1,3.7,8d27dae5-8d1f-48d0-bfe1-8875d5d568a5,MP-0079,M5012464-2,8d27dae5-8d1f-48d0-bfe1-8875d5d568a5.2,TYPE_2,22.0,1977c2c7-cd44-4e6f-a827-370cd9aad5bd,Massy Sunset Crest,"Massy Stores Supercenter, Sunset Crest",Holetown,St James,BB,,Massy,578dca79-afd1-4b04-816a-322a7067114b,39bdd057540638ed40fc8ba9f292ca73,,,,,1598bfdd-a770-4581-a38c-bbb0757848c2,RFID,4.20,4.20,0.00,BBD,
2f01518e-70fe-4a54-8a9d-1ca5c553fcbf,2025-04-27 17:34:12,2025-04-27 18:27:32,2025-04-27 13:34:12,2025-04-27 14:27:32,America/Barbados,53.33,0.00,23.8,33.8,26.7,03c821d6-6274-427c-937a-ad91c6bc020d,MP-025,51210097772981,03c821d6-6274-427c-937a-ad91c6bc020d.1,CCS_2,25.0,79b72a61-f5ca-433f-b824-0c7df1204859,Massy Warrens,Massy Warrens - Massy Stores Supercenter,Warrens,St. Michael,BB,,Massy,578dca79-afd1-4b04-816a-322a7067114b,35b6f6f99ae2087ef24aff4869dea359,,,,,9210ee0a-d99f-4855-9c03-cdf9ee6fab7d,RFID,41.65,41.65,0.00,BBD,
01b152a8-a89b-48ba-8120-11757962f277,2025-04-27 18:57:29,2025-04-27 19:36:30,2025-04-27 14:57:29,2025-04-27 15:36:30,America/Barbados,39.02,27.83,4.0,16.9,8.7,03c821d6-6274-427c-937a-ad91c6bc020d,MP-025,51210097772981,03c821d6-6274-427c-937a-ad91c6bc020d.2,CHADEMO,25.0,79b72a61-f5ca-433f-b824-0c7df1204859,Massy Warrens,Massy Warrens - Massy Stores Supercenter,Warrens,St. Michael,BB,,Massy,578dca79-afd1-4b04-816a-322a7067114b,564363f1092f00b6d8b93b0dffe923e8,,,,,ff8272b9-b9c0-4e2c-a725-65cbd037a327,RFID,7.00,7.00,0.00,BBD,
71fd9a0f-6d2e-4b2d-9ce8-aa3ed44b3895,2025-04-28 16:18:05,2025-04-28 17:17:34,2025-04-28 12:18:05,2025-04-28 13:17:34,America/Barbados,59.48,0.00,25.2,0.0,0.0,03c821d6-6274-427c-937a-ad91c6bc020d,MP-025,51210097772981,03c821d6-6274-427c-937a-ad91c6bc020d.1,CCS_2,25.0,79b72a61-f5ca-433f-b824-0c7df1204859,Massy Warrens,Massy Warrens - Massy Stores Supercenter,Warrens,St. Michael,BB,,Massy,578dca79-afd1-4b04-816a-322a7067114b,033047ab5a40bfd2d0d1a39ccc476e1f,,,,,94698601-e207-4baf-81c0-bfc5a783e0d7,RFID,44.10,44.10,0.00,BBD,
9a731054-b3f8-484f-a2ca-f7bf7fedd09f,2025-04-28 19:21:48,2025-04-28 19:21:48,2025-04-28 15:21:48,2025-04-28 15:21:48,America/Barbados,0.00,0.00,0.0,0.0,0.0,03c821d6-6274-427c-937a-ad91c6bc020d,MP-025,51210097772981,03c821d6-6274-427c-937a-ad91c6bc020d.1,CCS_2,25.0,79b72a61-f5ca-433f-b824-0c7df1204859,Massy Warrens,Massy Warrens - Massy Stores Supercenter,Warrens,St. Michael,BB,,Massy,578dca79-afd1-4b04-816a-322a7067114b,35b6f6f99ae2087ef24aff4869dea359,,,,,,RFID,0.00,0.00,0.00,BBD,
422858f9-8219-4d69-b98b-ab9dcdf87809,2025-04-28 22:50:56,2025-04-29 00:30:51,2025-04-28 18:50:56,2025-04-28 20:30:51,America/Barbados,99.92,12.18,37.2,157.5,24.1,03c821d6-6274-427c-937a-ad91c6bc020d,MP-025,51210097772981,03c821d6-6274-427c-937a-ad91c6bc020d.1,CCS_2,25.0,79b72a61-f5ca-433f-b824-0c7df1204859,Massy Warrens,Massy Warrens - Massy Stores Supercenter,Warrens,St. Michael,BB,,Massy,578dca79-afd1-4b04-816a-322a7067114b,677d88bb83a91963e061ae8a70c86a51,,,,,545e7042-ec87-4932-88ff-b50d3666c9af,RFID,65.10,65.10,0.00,BBD,
22dfbf25-6deb-459d-863a-18d0b005b9c5,2025-04-29 09:31:19,2025-04-29 10:22:33,2025-04-29 05:31:19,2025-04-29 06:22:33,America/Barbados,51.23,0.83,23.0,33.8,27.0,03c821d6-6274-427c-937a-ad91c6bc020d,MP-025,51210097772981,03c821d6-6274-427c-937a-ad91c6bc020d.1,CCS_2,25.0,79b72a61-f5ca-433f-b824-0c7df1204859,Massy Warrens,Massy Warrens - Massy Stores Supercenter,Warrens,St. Michael,BB,,Massy,578dca79-afd1-4b04-816a-322a7067114b,40a16d94208fdc757cd189b90808792e,,,,,,SYSTEM,40.25,40.25,0.00,BBD,
1c8399fb-4d95-4dff-8524-46b6da6eab6c,2025-04-29 12:21:42,2025-04-29 12:56:07,2025-04-29 08:21:42,2025-04-29 08:56:07,America/Barbados,34.42,0.80,15.1,67.5,27.3,03c821d6-6274-427c-937a-ad91c6bc020d,MP-025,51210097772981,03c821d6-6274-427c-937a-ad91c6bc020d.1,CCS_2,25.0,79b72a61-f5ca-433f-b824-0c7df1204859,Massy Warrens,Massy Warrens - Massy Stores Supercenter,Warrens,St. Michael,BB,,Massy,578dca79-afd1-4b04-816a-322a7067114b,0c142dd78238afcc2d090981e495ff39,,,,,,SYSTEM,26.43,26.43,0.00,BBD,
bc0c52a4-6ac1-4fa0-b8e6-ded4512baac6,2025-04-29 13:36:03,2025-04-29 14:14:45,2025-04-29 09:36:03,2025-04-29 10:14:45,America/Barbados,38.70,0.00,17.4,0.0,0.0,03c821d6-6274-427c-937a-ad91c6bc020d,MP-025,51210097772981,03c821d6-6274-427c-937a-ad91c6bc020d.1,CCS_2,25.0,79b72a61-f5ca-433f-b824-0c7df1204859,Massy Warrens,Massy Warrens - Massy Stores Supercenter,Warrens,St. Michael,BB,,Massy,578dca79-afd1-4b04-816a-322a7067114b,757655c3976bb27bcf24b456d24fd387,,,,,f63c233f-bf0f-4c6b-b7cb-de67bc672b06,RFID,30.45,30.45,0.00,BBD,
e2ae0448-b536-4f77-982c-023390a5432e,2025-04-29 15:00:41,2025-04-29 15:38:05,2025-04-29 11:00:41,2025-04-29 11:38:05,America/Barbados,37.40,0.60,17.3,144.0,31.8,03c821d6-6274-427c-937a-ad91c6bc020d,MP-025,51210097772981,03c821d6-6274-427c-937a-ad91c6bc020d.1,CCS_2,25.0,79b72a61-f5ca-433f-b824-0c7df1204859,Massy Warrens,Massy Warrens - Massy Stores Supercenter,Warrens,St. Michael,BB,,Massy,578dca79-afd1-4b04-816a-322a7067114b,757655c3976bb27bcf24b456d24fd387,,,,,f63c233f-bf0f-4c6b-b7cb-de67bc672b06,RFID,30.28,30.28,0.00,BBD,
a0ab3382-4617-4c4b-8396-dab84cb3d6cd,2025-04-29 17:58:05,2025-04-29 20:11:06,2025-04-29 13:58:05,2025-04-29 16:11:06,America/Barbados,133.02,2.40,62.0,33.8,28.0,03c821d6-6274-427c-937a-ad91c6bc020d,MP-025,51210097772981,03c821d6-6274-427c-937a-ad91c6bc020d.1,CCS_2,25.0,79b72a61-f5ca-433f-b824-0c7df1204859,Massy Warrens,Massy Warrens - Massy Stores Supercenter,Warrens,St. Michael,BB,,Massy,578dca79-afd1-4b04-816a-322a7067114b,6ccd1ca21a320b88e81fde50415fc2cf,,,,,,SYSTEM,108.50,108.50,0.00,BBD,
1726633b-1a3f-48bf-bde7-6f2e9c83d518,2025-04-30 14:15:39,2025-04-30 14:34:05,2025-04-30 10:15:39,2025-04-30 10:34:05,America/Barbados,18.43,3.57,3.7,14.4,10.6,03c821d6-6274-427c-937a-ad91c6bc020d,MP-025,51210097772981,03c821d6-6274-427c-937a-ad91c6bc020d.2,CHADEMO,25.0,79b72a61-f5ca-433f-b824-0c7df1204859,Massy Warrens,Massy Warrens - Massy Stores Supercenter,Warrens,St. Michael,BB,,Massy,578dca79-afd1-4b04-816a-322a7067114b,564363f1092f00b6d8b93b0dffe923e8,,,,,ff8272b9-b9c0-4e2c-a725-65cbd037a327,RFID,6.48,6.48,0.00,BBD,
4520fb35-340d-4627-9684-0308493a3d71,2025-04-30 18:13:15,2025-04-30 18:25:19,2025-04-30 14:13:15,2025-04-30 14:25:19,America/Barbados,12.07,4.88,2.7,25.7,14.1,03c821d6-6274-427c-937a-ad91c6bc020d,MP-025,51210097772981,03c821d6-6274-427c-937a-ad91c6bc020d.2,CHADEMO,25.0,79b72a61-f5ca-433f-b824-0c7df1204859,Massy Warrens,Massy Warrens - Massy Stores Supercenter,Warrens,St. Michael,BB,,Massy,578dca79-afd1-4b04-816a-322a7067114b,876c5be78ae0af525fac5d4891ec4c79,,,,,,SYSTEM,4.73,4.73,0.00,BBD,
ed5ecf3e-9823-4f8c-9108-5ccb033cd4f3,2025-04-30 18:26:21,2025-04-30 19:26:25,2025-04-30 14:26:21,2025-04-30 15:26:25,America/Barbados,60.07,50.75,3.2,11.3,6.0,03c821d6-6274-427c-937a-ad91c6bc020d,MP-025,51210097772981,03c821d6-6274-427c-937a-ad91c6bc020d.2,CHADEMO,25.0,79b72a61-f5ca-433f-b824-0c7df1204859,Massy Warrens,Massy Warrens - Massy Stores Supercenter,Warrens,St. Michael,BB,,Massy,578dca79-afd1-4b04-816a-322a7067114b,876c5be78ae0af525fac5d4891ec4c79,,,,,,SYSTEM,5.60,5.60,0.00,BBD,
f6445f6a-33a3-4082-a62e-7b9a9457883c,2025-04-30 19:38:31,2025-04-30 19:47:05,2025-04-30 15:38:31,2025-04-30 15:47:05,America/Barbados,8.57,0.00,0.2,0.0,0.0,03c821d6-6274-427c-937a-ad91c6bc020d,MP-025,51210097772981,03c821d6-6274-427c-937a-ad91c6bc020d.2,CHADEMO,25.0,79b72a61-f5ca-433f-b824-0c7df1204859,Massy Warrens,Massy Warrens - Massy Stores Supercenter,Warrens,St. Michael,BB,,Massy,578dca79-afd1-4b04-816a-322a7067114b,d01f8298c4aa0be4b825cec87e3512c6,,,,,7c802f13-3acc-4c06-8717-a63c9d015e7e,RFID,0.35,0.35,0.00,BBD,
4534c432-4d8c-42bb-801c-f1b7966e3a09,2025-04-30 18:17:16,2025-04-30 20:09:36,2025-04-30 14:17:16,2025-04-30 16:09:36,America/Barbados,112.33,31.37,4.4,4.0,3.3,8d27dae5-8d1f-48d0-bfe1-8875d5d568a5,MP-0079,M5012464-2,8d27dae5-8d1f-48d0-bfe1-8875d5d568a5.1,TYPE_2,22.0,1977c2c7-cd44-4e6f-a827-370cd9aad5bd,Massy Sunset Crest,"Massy Stores Supercenter, Sunset Crest",Holetown,St James,BB,,Massy,578dca79-afd1-4b04-816a-322a7067114b,39bdd057540638ed40fc8ba9f292ca73,,,,,1598bfdd-a770-4581-a38c-bbb0757848c2,RFID,6.60,6.60,0.00,BBD,
564602a3-675f-49ed-99e0-96cd48f6db24,2025-04-30 15:12:04,2025-04-30 15:12:04,2025-04-30 11:12:04,2025-04-30 11:12:04,America/Barbados,0.00,0.00,0.0,0.0,0.0,03c821d6-6274-427c-937a-ad91c6bc020d,MP-025,51210097772981,03c821d6-6274-427c-937a-ad91c6bc020d.1,CCS_2,25.0,79b72a61-f5ca-433f-b824-0c7df1204859,Massy Warrens,Massy Warrens - Massy Stores Supercenter,Warrens,St. Michael,BB,,Massy,578dca79-afd1-4b04-816a-322a7067114b,d01f8298c4aa0be4b825cec87e3512c6,,,,,,RFID,0.00,0.00,0.00,BBD,
9b64b768-4705-4d87-b33b-620a3ced8d51,2025-04-30 23:08:58,2025-04-30 23:48:45,2025-04-30 19:08:58,2025-04-30 19:48:45,America/Barbados,39.78,0.92,12.0,31.3,25.9,03c821d6-6274-427c-937a-ad91c6bc020d,MP-025,51210097772981,03c821d6-6274-427c-937a-ad91c6bc020d.1,CCS_2,25.0,79b72a61-f5ca-433f-b824-0c7df1204859,Massy Warrens,Massy Warrens - Massy Stores Supercenter,Warrens,St. Michael,BB,,Massy,578dca79-afd1-4b04-816a-322a7067114b,9a0aa3c4b0310980ab78bd4ad3e6744a,,,,,8c7a084b-ebbc-4912-b13b-4783148e94ff,RFID,21.00,21.00,0.00,BBD,
a64adf6e-c5ec-47c0-9fd5-2d8a017832a2,2025-05-01 00:56:41,2025-05-01 01:21:05,2025-04-30 20:56:41,2025-04-30 21:21:05,America/Barbados,24.40,0.00,8.2,28.8,26.6,03c821d6-6274-427c-937a-ad91c6bc020d,MP-025,51210097772981,03c821d6-6274-427c-937a-ad91c6bc020d.1,CCS_2,25.0,79b72a61-f5ca-433f-b824-0c7df1204859,Massy Warrens,Massy Warrens - Massy Stores Supercenter,Warrens,St. Michael,BB,,Massy,578dca79-afd1-4b04-816a-322a7067114b,35b6f6f99ae2087ef24aff4869dea359,,,,,9210ee0a-d99f-4855-9c03-cdf9ee6fab7d,RFID,14.35,14.35,0.00,BBD,
7d71e85a-313a-4a89-9ae3-2e972a0570c3,2025-05-01 01:40:22,2025-05-01 04:46:08,2025-04-30 21:40:22,2025-05-01 00:46:08,America/Barbados,185.77,8.00,68.2,33.8,23.4,03c821d6-6274-427c-937a-ad91c6bc020d,MP-025,51210097772981,03c821d6-6274-427c-937a-ad91c6bc020d.2,CHADEMO,25.0,79b72a61-f5ca-433f-b824-0c7df1204859,Massy Warrens,Massy Warrens - Massy Stores Supercenter,Warrens,St. Michael,BB,,Massy,578dca79-afd1-4b04-816a-322a7067114b,8f8a1bc53cfa9904f8ceebad0a28992a,,,,,2b43a680-6c0f-4d9c-937d-40d2fa634566,RFID,119.35,119.35,0.00,BBD,
00701fe3-6b33-48bd-b1cf-3cd3dd2e3420,2025-05-01 11:06:07,2025-05-01 13:00:08,2025-05-01 07:06:07,2025-05-01 09:00:08,America/Barbados,114.02,2.40,51.9,33.8,27.3,03c821d6-6274-427c-937a-ad91c6bc020d,MP-025,51210097772981,03c821d6-6274-427c-937a-ad91c6bc020d.1,CCS_2,25.0,79b72a61-f5ca-433f-b824-0c7df1204859,Massy Warrens,Massy Warrens - Massy Stores Supercenter,Warrens,St. Michael,BB,,Massy,578dca79-afd1-4b04-816a-322a7067114b,de496c2b0c06805735691033fa5f0366,,,,,,SYSTEM,90.83,90.83,0.00,BBD,
d679641e-5c3d-4a04-8528-a13296ad2f8a,2025-05-01 13:35:47,2025-05-01 14:35:00,2025-05-01 09:35:47,2025-05-01 10:35:00,America/Barbados,59.22,0.00,31.6,42.4,32.1,03c821d6-6274-427c-937a-ad91c6bc020d,MP-025,51210097772981,03c821d6-6274-427c-937a-ad91c6bc020d.1,CCS_2,25.0,79b72a61-f5ca-433f-b824-0c7df1204859,Massy Warrens,Massy Warrens - Massy Stores Supercenter,Warrens,St. Michael,BB,,Massy,578dca79-afd1-4b04-816a-322a7067114b,7d7398a0946f2b90b1ea205cff1dcd36,,,,,,WEB_APP,55.30,55.30,0.00,BBD,
51e4f4c4-80a7-4892-97d4-958d8f10d147,2025-05-01 15:21:28,2025-05-01 16:44:12,2025-05-01 11:21:28,2025-05-01 12:44:12,America/Barbados,82.73,3.27,41.7,39.4,30.2,03c821d6-6274-427c-937a-ad91c6bc020d,MP-025,51210097772981,03c821d6-6274-427c-937a-ad91c6bc020d.1,CCS_2,25.0,79b72a61-f5ca-433f-b824-0c7df1204859,Massy Warrens,Massy Warrens - Massy Stores Supercenter,Warrens,St. Michael,BB,,Massy,578dca79-afd1-4b04-816a-322a7067114b,7d7398a0946f2b90b1ea205cff1dcd36,,,,,,WEB_APP,72.98,72.98,0.00,BBD,
9d323a2a-a3b5-4472-86d5-d64332a9004c,2025-05-01 16:53:11,2025-05-01 18:57:15,2025-05-01 12:53:11,2025-05-01 14:57:15,America/Barbados,124.07,9.95,49.1,3414.7,57.4,03c821d6-6274-427c-937a-ad91c6bc020d,MP-025,51210097772981,03c821d6-6274-427c-937a-ad91c6bc020d.1,CCS_2,25.0,79b72a61-f5ca-433f-b824-0c7df1204859,Massy Warrens,Massy Warrens - Massy Stores Supercenter,Warrens,St. Michael,BB,,Massy,578dca79-afd1-4b04-816a-322a7067114b,677d88bb83a91963e061ae8a70c86a51,,,,,545e7042-ec87-4932-88ff-b50d3666c9af,RFID,85.93,85.93,0.00,BBD,
e6fe6ca4-c78d-437e-903c-cce903d0848d,2025-05-01 19:31:27,2025-05-01 20:19:25,2025-05-01 15:31:27,2025-05-01 16:19:25,America/Barbados,47.97,0.27,21.6,33.8,27.1,03c821d6-6274-427c-937a-ad91c6bc020d,MP-025,51210097772981,03c821d6-6274-427c-937a-ad91c6bc020d.1,CCS_2,25.0,79b72a61-f5ca-433f-b824-0c7df1204859,Massy Warrens,Massy Warrens - Massy Stores Supercenter,Warrens,St. Michael,BB,,Massy,578dca79-afd1-4b04-816a-322a7067114b,40a16d94208fdc757cd189b90808792e,,,,,,SYSTEM,37.80,37.80,0.00,BBD,
e1d497d2-772c-4cef-8d06-4c17e20acb77,2025-05-01 22:54:52,2025-05-01 23:16:27,2025-05-01 18:54:52,2025-05-01 19:16:27,America/Barbados,21.58,0.80,9.1,28.1,25.3,03c821d6-6274-427c-937a-ad91c6bc020d,MP-025,51210097772981,03c821d6-6274-427c-937a-ad91c6bc020d.1,CCS_2,25.0,79b72a61-f5ca-433f-b824-0c7df1204859,Massy Warrens,Massy Warrens - Massy Stores Supercenter,Warrens,St. Michael,BB,,Massy,578dca79-afd1-4b04-816a-322a7067114b,94d59d847d0e9a02e7470a4a67a720a9,,,,,,SYSTEM,15.93,15.93,0.00,BBD,
e3eb69a9-d8b0-40d0-8346-bbe39a7676ae,2025-05-02 01:05:42,2025-05-02 02:32:14,2025-05-01 21:05:42,2025-05-01 22:32:14,America/Barbados,86.54,0.00,26.6,641.3,69.8,03c821d6-6274-427c-937a-ad91c6bc020d,MP-025,51210097772981,03c821d6-6274-427c-937a-ad91c6bc020d.1,CCS_2,25.0,79b72a61-f5ca-433f-b824-0c7df1204859,Massy Warrens,Massy Warrens - Massy Stores Supercenter,Warrens,St. Michael,BB,,Massy,578dca79-afd1-4b04-816a-322a7067114b,c9f39b141441317dae066dcffaff1e69,,,,,9bff59bf-2b40-4081-9b07-1f27cc10d92b,RFID,46.55,46.55,0.00,BBD,
86d796ae-1fc3-4d9b-b9b1-086ceb00060a,2025-05-02 09:44:35,2025-05-02 10:08:02,2025-05-02 05:44:35,2025-05-02 06:08:02,America/Barbados,23.45,0.27,9.8,28.1,25.5,03c821d6-6274-427c-937a-ad91c6bc020d,MP-025,51210097772981,03c821d6-6274-427c-937a-ad91c6bc020d.1,CCS_2,25.0,79b72a61-f5ca-433f-b824-0c7df1204859,Massy Warrens,Massy Warrens - Massy Stores Supercenter,Warrens,St. Michael,BB,,Massy,578dca79-afd1-4b04-816a-322a7067114b,d453d2a25df7ffae24023c2de6e302c4,,,,,482acb3d-7cac-4bf8-be36-4a082efc95eb,RFID,8.58,8.58,0.00,BBD,
b0312083-3b59-47d7-be49-22ed831ecdf4,2025-05-02 11:20:16,2025-05-02 12:27:06,2025-05-02 07:20:16,2025-05-02 08:27:06,America/Barbados,66.83,1.52,28.1,200.7,28.5,03c821d6-6274-427c-937a-ad91c6bc020d,MP-025,51210097772981,03c821d6-6274-427c-937a-ad91c6bc020d.1,CCS_2,25.0,79b72a61-f5ca-433f-b824-0c7df1204859,Massy Warrens,Massy Warrens - Massy Stores Supercenter,Warrens,St. Michael,BB,,Massy,578dca79-afd1-4b04-816a-322a7067114b,53c3e7f13adc18ac7473c99ec64d56c5,,,,,5b11676b-0383-4ad8-a16f-6da4cd89f3e3,RFID,49.18,49.18,0.00,BBD,
9eeaabcb-1bdf-48c4-acfd-5c341ec8ca81,2025-05-02 10:52:24,2025-05-02 10:52:24,2025-05-02 06:52:24,2025-05-02 06:52:24,America/Barbados,0.00,0.00,0.0,0.0,0.0,03c821d6-6274-427c-937a-ad91c6bc020d,MP-025,51210097772981,03c821d6-6274-427c-937a-ad91c6bc020d.2,CHADEMO,25.0,79b72a61-f5ca-433f-b824-0c7df1204859,Massy Warrens,Massy Warrens - Massy Stores Supercenter,Warrens,St. Michael,BB,,Massy,578dca79-afd1-4b04-816a-322a7067114b,564363f1092f00b6d8b93b0dffe923e8,,,,,,RFID,0.00,0.00,0.00,BBD,
cf185036-e837-4cae-b6c4-46136d363d3d,2025-05-02 14:31:25,2025-05-02 15:16:21,2025-05-02 10:31:25,2025-05-02 11:16:21,America/Barbados,44.93,1.73,18.4,28.1,24.4,03c821d6-6274-427c-937a-ad91c6bc020d,MP-025,51210097772981,03c821d6-6274-427c-937a-ad91c6bc020d.1,CCS_2,25.0,79b72a61-f5ca-433f-b824-0c7df1204859,Massy Warrens,Massy Warrens - Massy Stores Supercenter,Warrens,St. Michael,BB,,Massy,578dca79-afd1-4b04-816a-322a7067114b,d453d2a25df7ffae24023c2de6e302c4,,,,,482acb3d-7cac-4bf8-be36-4a082efc95eb,RFID,16.10,16.10,0.00,BBD,
d811b38e-4bb9-499e-8ce4-900b2a29d952,2025-05-02 12:00:55,2025-05-02 16:15:37,2025-05-02 08:00:55,2025-05-02 12:15:37,America/Barbados,254.70,0.00,29.6,8.0,7.0,8d27dae5-8d1f-48d0-bfe1-8875d5d568a5,MP-0079,M5012464-2,8d27dae5-8d1f-48d0-bfe1-8875d5d568a5.1,TYPE_2,22.0,1977c2c7-cd44-4e6f-a827-370cd9aad5bd,Massy Sunset Crest,"Massy Stores Supercenter, Sunset Crest",Holetown,St James,BB,,Massy,578dca79-afd1-4b04-816a-322a7067114b,dd45ba246b049b48bc5a179f123e9786,,,,,,SYSTEM,44.40,44.40,0.00,BBD,
bcb472e2-2f3a-4952-ba90-b08cdb4b6393,2025-05-02 16:00:32,2025-05-02 16:38:44,2025-05-02 12:00:32,2025-05-02 12:38:44,America/Barbados,38.20,0.35,16.4,28.1,25.7,03c821d6-6274-427c-937a-ad91c6bc020d,MP-025,51210097772981,03c821d6-6274-427c-937a-ad91c6bc020d.1,CCS_2,25.0,79b72a61-f5ca-433f-b824-0c7df1204859,Massy Warrens,Massy Warrens - Massy Stores Supercenter,Warrens,St. Michael,BB,,Massy,578dca79-afd1-4b04-816a-322a7067114b,35b6f6f99ae2087ef24aff4869dea359,,,,,9210ee0a-d99f-4855-9c03-cdf9ee6fab7d,RFID,28.70,28.70,0.00,BBD,
06fac397-766a-4928-8ef8-99970e7a0bfd,2025-05-02 14:57:54,2025-05-02 17:57:25,2025-05-02 10:57:54,2025-05-02 13:57:25,America/Barbados,179.52,105.48,14.7,12.0,6.9,024e77fc-3da1-4e73-930e-b76e45511419,MP-001,M5005918-7,024e77fc-3da1-4e73-930e-b76e45511419.1,TYPE_2,7.4,1977c2c7-cd44-4e6f-a827-370cd9aad5bd,Massy Sunset Crest,"Massy Stores Supercenter, Sunset Crest",Holetown,St James,BB,,Massy,578dca79-afd1-4b04-816a-322a7067114b,94d59d847d0e9a02e7470a4a67a720a9,,,,,,SYSTEM,22.05,22.05,0.00,BBD,
9a0ce363-fe6f-4178-952f-1ca97bc32b00,2025-05-02 21:03:06,2025-05-02 21:21:54,2025-05-02 17:03:06,2025-05-02 17:21:54,America/Barbados,18.80,0.00,8.0,0.0,0.0,03c821d6-6274-427c-937a-ad91c6bc020d,MP-025,51210097772981,03c821d6-6274-427c-937a-ad91c6bc020d.1,CCS_2,25.0,79b72a61-f5ca-433f-b824-0c7df1204859,Massy Warrens,Massy Warrens - Massy Stores Supercenter,Warrens,St. Michael,BB,,Massy,578dca79-afd1-4b04-816a-322a7067114b,9524292787ec90c1c0d210497cc1166e,,,,,81c772bc-95b4-494a-b120-9b72e065fadc,RFID,14.00,14.00,0.00,BBD,
acca2eff-8a08-437a-9d48-fb942081ae72,2025-05-02 22:22:52,2025-05-02 22:54:30,2025-05-02 18:22:52,2025-05-02 18:54:30,America/Barbados,31.63,6.05,10.4,28.1,19.7,03c821d6-6274-427c-937a-ad91c6bc020d,MP-025,51210097772981,03c821d6-6274-427c-937a-ad91c6bc020d.1,CCS_2,25.0,79b72a61-f5ca-433f-b824-0c7df1204859,Massy Warrens,Massy Warrens - Massy Stores Supercenter,Warrens,St. Michael,BB,,Massy,578dca79-afd1-4b04-816a-322a7067114b,dd4c88acde25753674e21b473fe166ef,,,,,,SYSTEM,18.20,18.20,0.00,BBD,
16dd143d-673e-4dfe-9182-1c8e29537f63,2025-05-02 23:10:37,2025-05-03 00:10:10,2025-05-02 19:10:37,2025-05-02 20:10:10,America/Barbados,59.55,2.00,19.9,28.1,25.5,03c821d6-6274-427c-937a-ad91c6bc020d,MP-025,51210097772981,03c821d6-6274-427c-937a-ad91c6bc020d.1,CCS_2,25.0,79b72a61-f5ca-433f-b824-0c7df1204859,Massy Warrens,Massy Warrens - Massy Stores Supercenter,Warrens,St. Michael,BB,,Massy,578dca79-afd1-4b04-816a-322a7067114b,7daacebf9b4ad61d93ad71b9621b0320,,,,,45cae3be-c3ab-416e-bd87-9209a7e62bd3,RFID,34.83,34.83,0.00,BBD,
89048ffd-9b97-4a97-8453-19703064194e,2025-05-03 03:55:24,2025-05-03 04:27:56,2025-05-02 23:55:24,2025-05-03 00:27:56,America/Barbados,32.53,0.00,14.7,33.8,27.3,03c821d6-6274-427c-937a-ad91c6bc020d,MP-025,51210097772981,03c821d6-6274-427c-937a-ad91c6bc020d.1,CCS_2,25.0,79b72a61-f5ca-433f-b824-0c7df1204859,Massy Warrens,Massy Warrens - Massy Stores Supercenter,Warrens,St. Michael,BB,,Massy,578dca79-afd1-4b04-816a-322a7067114b,40a16d94208fdc757cd189b90808792e,,,,,,SYSTEM,25.73,25.73,0.00,BBD,
ef6bd364-5a77-4bad-b0dc-eb256b84b4d8,2025-05-03 12:05:22,2025-05-03 11:11:41,2025-05-03 08:05:22,2025-05-03 07:11:41,America/Barbados,109.90,1.33,53.4,33.8,29.2,03c821d6-6274-427c-937a-ad91c6bc020d,MP-025,51210097772981,03c821d6-6274-427c-937a-ad91c6bc020d.1,CCS_2,25.0,79b72a61-f5ca-433f-b824-0c7df1204859,Massy Warrens,Massy Warrens - Massy Stores Supercenter,Warrens,St. Michael,BB,,Massy,578dca79-afd1-4b04-816a-322a7067114b,c72847ec674bfe6cbddfe488c140a36e,,,,,,SYSTEM,0.00,0.00,0.00,BBD,
a9e38174-c838-403a-9ab4-0bcf2a72f0f1,2025-05-03 17:52:41,2025-05-03 18:33:27,2025-05-03 13:52:41,2025-05-03 14:33:27,America/Barbados,40.77,0.00,4.6,8.0,6.7,8d27dae5-8d1f-48d0-bfe1-8875d5d568a5,MP-0079,M5012464-2,8d27dae5-8d1f-48d0-bfe1-8875d5d568a5.1,TYPE_2,22.0,1977c2c7-cd44-4e6f-a827-370cd9aad5bd,Massy Sunset Crest,"Massy Stores Supercenter, Sunset Crest",Holetown,St James,BB,,Massy,578dca79-afd1-4b04-816a-322a7067114b,5db785efcfcd73808868808aba39d73c,,,,,8e63f50a-a4c1-4df2-a496-6cee7199212f,RFID,6.90,6.90,0.00,BBD,
62383b28-4cf1-4d26-ba88-7344d7245d62,2025-05-03 17:45:26,2025-05-03 18:45:58,2025-05-03 13:45:26,2025-05-03 14:45:58,America/Barbados,60.53,0.62,19.9,127.5,28.4,03c821d6-6274-427c-937a-ad91c6bc020d,MP-025,51210097772981,03c821d6-6274-427c-937a-ad91c6bc020d.1,CCS_2,25.0,79b72a61-f5ca-433f-b824-0c7df1204859,Massy Warrens,Massy Warrens - Massy Stores Supercenter,Warrens,St. Michael,BB,,Massy,578dca79-afd1-4b04-816a-322a7067114b,4df9c2d386f9bad2c1558ef9674edfdb,,,,,cfb2a15d-c3ab-477a-b0c5-e81228d7ae3c,RFID,34.83,34.83,0.00,BBD,
c1a47de5-ef4d-4262-b217-a1dad7f8efa0,2025-05-03 19:04:28,2025-05-03 20:50:33,2025-05-03 15:04:28,2025-05-03 16:50:33,America/Barbados,106.08,10.92,40.3,210.0,24.9,03c821d6-6274-427c-937a-ad91c6bc020d,MP-025,51210097772981,03c821d6-6274-427c-937a-ad91c6bc020d.1,CCS_2,25.0,79b72a61-f5ca-433f-b824-0c7df1204859,Massy Warrens,Massy Warrens - Massy Stores Supercenter,Warrens,St. Michael,BB,,Massy,578dca79-afd1-4b04-816a-322a7067114b,5911ffba106a13f8c146db3cc5fdaaf2,,,,,f4154aa6-6205-47f5-bff4-856043d935c8,RFID,70.53,70.53,0.00,BBD,
a5215563-3f0a-47cc-880e-7fafa5f35834,2025-05-03 21:17:00,2025-05-03 21:27:59,2025-05-03 17:17:00,2025-05-03 17:27:59,America/Barbados,10.98,0.35,4.4,28.1,24.4,03c821d6-6274-427c-937a-ad91c6bc020d,MP-025,51210097772981,03c821d6-6274-427c-937a-ad91c6bc020d.2,CHADEMO,25.0,79b72a61-f5ca-433f-b824-0c7df1204859,Massy Warrens,Massy Warrens - Massy Stores Supercenter,Warrens,St. Michael,BB,,Massy,578dca79-afd1-4b04-816a-322a7067114b,91eea880ab7f2ca51fa7d2a0ebe5d341,,,,,,SYSTEM,0.00,0.00,0.00,BBD,
3d3d6c0a-f610-4359-b1fc-d243400a58ca,2025-05-03 21:44:47,2025-05-03 22:38:24,2025-05-03 17:44:47,2025-05-03 18:38:24,America/Barbados,53.62,0.57,25.0,33.8,27.9,03c821d6-6274-427c-937a-ad91c6bc020d,MP-025,51210097772981,03c821d6-6274-427c-937a-ad91c6bc020d.1,CCS_2,25.0,79b72a61-f5ca-433f-b824-0c7df1204859,Massy Warrens,Massy Warrens - Massy Stores Supercenter,Warrens,St. Michael,BB,,Massy,578dca79-afd1-4b04-816a-322a7067114b,de496c2b0c06805735691033fa5f0366,,,,,,SYSTEM,43.75,43.75,0.00,BBD,
cd5a940e-b29c-402d-8b18-7c32620248af,2025-05-03 22:46:10,2025-05-04 00:18:27,2025-05-03 18:46:10,2025-05-03 20:18:27,America/Barbados,92.28,0.02,42.1,42.4,28.3,03c821d6-6274-427c-937a-ad91c6bc020d,MP-025,51210097772981,03c821d6-6274-427c-937a-ad91c6bc020d.1,CCS_2,25.0,79b72a61-f5ca-433f-b824-0c7df1204859,Massy Warrens,Massy Warrens - Massy Stores Supercenter,Warrens,St. Michael,BB,,Massy,578dca79-afd1-4b04-816a-322a7067114b,35b6f6f99ae2087ef24aff4869dea359,,,,,9210ee0a-d99f-4855-9c03-cdf9ee6fab7d,RFID,73.68,73.68,0.00,BBD,
64a88aa1-9d13-4a3c-b2ab-f4ac09a93f02,2025-05-04 02:21:46,2025-05-04 02:21:46,2025-05-03 22:21:46,2025-05-03 22:21:46,America/Barbados,0.00,0.00,0.0,0.0,0.0,03c821d6-6274-427c-937a-ad91c6bc020d,MP-025,51210097772981,03c821d6-6274-427c-937a-ad91c6bc020d.1,CCS_2,25.0,79b72a61-f5ca-433f-b824-0c7df1204859,Massy Warrens,Massy Warrens - Massy Stores Supercenter,Warrens,St. Michael,BB,,Massy,578dca79-afd1-4b04-816a-322a7067114b,9a0aa3c4b0310980ab78bd4ad3e6744a,,,,,,RFID,0.00,0.00,0.00,BBD,
da300c1d-75a1-4cbc-9870-c30578757770,2025-05-04 21:50:57,2025-05-04 23:56:44,2025-05-04 17:50:57,2025-05-04 19:56:44,America/Barbados,125.78,13.27,47.6,28.1,19.2,03c821d6-6274-427c-937a-ad91c6bc020d,MP-025,51210097772981,03c821d6-6274-427c-937a-ad91c6bc020d.1,CCS_2,25.0,79b72a61-f5ca-433f-b824-0c7df1204859,Massy Warrens,Massy Warrens - Massy Stores Supercenter,Warrens,St. Michael,BB,,Massy,578dca79-afd1-4b04-816a-322a7067114b,677d88bb83a91963e061ae8a70c86a51,,,,,545e7042-ec87-4932-88ff-b50d3666c9af,RFID,83.30,83.30,0.00,BBD,
54635005-968d-4268-917c-de13b18c39e0,2025-05-05 21:05:09,2025-05-05 22:40:41,2025-05-05 17:05:09,2025-05-05 18:40:41,America/Barbados,95.53,9.68,36.3,28.1,23.0,03c821d6-6274-427c-937a-ad91c6bc020d,MP-025,51210097772981,03c821d6-6274-427c-937a-ad91c6bc020d.1,CCS_2,25.0,79b72a61-f5ca-433f-b824-0c7df1204859,Massy Warrens,Massy Warrens - Massy Stores Supercenter,Warrens,St. Michael,BB,,Massy,578dca79-afd1-4b04-816a-322a7067114b,dd4c88acde25753674e21b473fe166ef,,,,,,SYSTEM,63.53,63.53,0.00,BBD,
f0be4872-465f-4631-94bc-dde7f034e659,2025-05-05 23:06:36,2025-05-06 00:25:06,2025-05-05 19:06:36,2025-05-05 20:25:06,America/Barbados,78.50,0.40,41.7,39.4,31.9,03c821d6-6274-427c-937a-ad91c6bc020d,MP-025,51210097772981,03c821d6-6274-427c-937a-ad91c6bc020d.1,CCS_2,25.0,79b72a61-f5ca-433f-b824-0c7df1204859,Massy Warrens,Massy Warrens - Massy Stores Supercenter,Warrens,St. Michael,BB,,Massy,578dca79-afd1-4b04-816a-322a7067114b,b01bfccb48449dfee18ccc8179ef87ca,,,,,,SYSTEM,72.98,72.98,0.00,BBD,
e06e0a51-2be9-4b28-8c98-5aef2ad24da4,2025-05-05 22:10:06,2025-05-06 00:58:19,2025-05-05 18:10:06,2025-05-05 20:58:19,America/Barbados,168.22,96.17,14.3,12.0,7.0,024e77fc-3da1-4e73-930e-b76e45511419,MP-001,M5005918-7,024e77fc-3da1-4e73-930e-b76e45511419.1,TYPE_2,7.4,1977c2c7-cd44-4e6f-a827-370cd9aad5bd,Massy Sunset Crest,"Massy Stores Supercenter, Sunset Crest",Holetown,St James,BB,,Massy,578dca79-afd1-4b04-816a-322a7067114b,e6ccdc78f742c2ebda943c4506b7ab80,,,,,,WEB_APP,21.45,21.45,0.00,BBD,
dabf7086-ef41-488b-b8d7-218521525831,2025-05-05 23:46:19,2025-05-06 01:36:51,2025-05-05 19:46:19,2025-05-05 21:36:51,America/Barbados,110.53,0.00,13.4,8.0,7.3,8d27dae5-8d1f-48d0-bfe1-8875d5d568a5,MP-0079,M5012464-2,8d27dae5-8d1f-48d0-bfe1-8875d5d568a5.2,TYPE_2,22.0,1977c2c7-cd44-4e6f-a827-370cd9aad5bd,Massy Sunset Crest,"Massy Stores Supercenter, Sunset Crest",Holetown,St James,BB,,Massy,578dca79-afd1-4b04-816a-322a7067114b,757655c3976bb27bcf24b456d24fd387,,,,,f63c233f-bf0f-4c6b-b7cb-de67bc672b06,RFID,20.10,20.10,0.00,BBD,
51fc499b-7c4e-45d6-bb73-e44e96ab0120,2025-05-06 12:45:04,2025-05-06 12:45:04,2025-05-06 08:45:04,2025-05-06 08:45:04,America/Barbados,0.00,0.00,0.0,0.0,0.0,03c821d6-6274-427c-937a-ad91c6bc020d,MP-025,51210097772981,03c821d6-6274-427c-937a-ad91c6bc020d.1,CCS_2,25.0,79b72a61-f5ca-433f-b824-0c7df1204859,Massy Warrens,Massy Warrens - Massy Stores Supercenter,Warrens,St. Michael,BB,,Massy,578dca79-afd1-4b04-816a-322a7067114b,d01f8298c4aa0be4b825cec87e3512c6,,,,,,RFID,0.00,0.00,0.00,BBD,
c412e5af-0bad-4e82-877a-8bab928cb6b4,2025-05-06 20:25:22,2025-05-06 21:24:44,2025-05-06 16:25:22,2025-05-06 17:24:44,America/Barbados,59.37,0.80,26.0,34.3,26.4,03c821d6-6274-427c-937a-ad91c6bc020d,MP-025,51210097772981,03c821d6-6274-427c-937a-ad91c6bc020d.1,CCS_2,25.0,79b72a61-f5ca-433f-b824-0c7df1204859,Massy Warrens,Massy Warrens - Massy Stores Supercenter,Warrens,St. Michael,BB,,Massy,578dca79-afd1-4b04-816a-322a7067114b,ec996d92891b1482b0d64080e851031f,,,,,,SYSTEM,45.50,45.50,0.00,BBD,
8ab252e2-9e9a-4074-b174-39bada6fcf94,2025-05-06 21:30:43,2025-05-06 21:52:16,2025-05-06 17:30:43,2025-05-06 17:52:16,America/Barbados,21.55,0.55,1.3,4.0,3.7,8d27dae5-8d1f-48d0-bfe1-8875d5d568a5,MP-0079,M5012464-2,8d27dae5-8d1f-48d0-bfe1-8875d5d568a5.1,TYPE_2,22.0,1977c2c7-cd44-4e6f-a827-370cd9aad5bd,Massy Sunset Crest,"Massy Stores Supercenter, Sunset Crest",Holetown,St James,BB,,Massy,578dca79-afd1-4b04-816a-322a7067114b,768d1282fc5a8c161355988d1098736a,,,,,,SYSTEM,1.95,1.95,0.00,BBD,
f1ba132c-5c6c-4ab2-8e45-a6c0e5f0ff76,2025-05-06 21:14:41,2025-05-06 22:30:02,2025-05-06 17:14:41,2025-05-06 18:30:02,America/Barbados,75.35,29.85,9.0,12.0,7.4,024e77fc-3da1-4e73-930e-b76e45511419,MP-001,M5005918-7,024e77fc-3da1-4e73-930e-b76e45511419.1,TYPE_2,7.4,1977c2c7-cd44-4e6f-a827-370cd9aad5bd,Massy Sunset Crest,"Massy Stores Supercenter, Sunset Crest",Holetown,St James,BB,,Massy,578dca79-afd1-4b04-816a-322a7067114b,e6ccdc78f742c2ebda943c4506b7ab80,,,,,,WEB_APP,13.50,13.50,0.00,BBD,
5904177b-cef6-47ab-ac92-ba7523e3537f,2025-05-06 22:33:18,2025-05-06 23:57:41,2025-05-06 18:33:18,2025-05-06 19:57:41,America/Barbados,84.38,64.37,3.8,12.0,6.2,024e77fc-3da1-4e73-930e-b76e45511419,MP-001,M5005918-7,024e77fc-3da1-4e73-930e-b76e45511419.1,TYPE_2,7.4,1977c2c7-cd44-4e6f-a827-370cd9aad5bd,Massy Sunset Crest,"Massy Stores Supercenter, Sunset Crest",Holetown,St James,BB,,Massy,578dca79-afd1-4b04-816a-322a7067114b,e6ccdc78f742c2ebda943c4506b7ab80,,,,,,WEB_APP,5.70,5.70,0.00,BBD,
04a73717-6dbf-4c70-a720-f4eb952ebe7a,2025-05-07 00:46:16,2025-05-07 01:00:49,2025-05-06 20:46:16,2025-05-06 21:00:49,America/Barbados,14.55,0.68,6.2,28.1,25.8,03c821d6-6274-427c-937a-ad91c6bc020d,MP-025,51210097772981,03c821d6-6274-427c-937a-ad91c6bc020d.1,CCS_2,25.0,79b72a61-f5ca-433f-b824-0c7df1204859,Massy Warrens,Massy Warrens - Massy Stores Supercenter,Warrens,St. Michael,BB,,Massy,578dca79-afd1-4b04-816a-322a7067114b,40a16d94208fdc757cd189b90808792e,,,,,,SYSTEM,10.85,10.85,0.00,BBD,
bd13aacc-e362-49dd-9af9-b6fe0071d864,2025-05-07 01:07:15,2025-05-07 01:42:17,2025-05-06 21:07:15,2025-05-06 21:42:17,America/Barbados,35.03,0.65,15.9,33.8,27.3,03c821d6-6274-427c-937a-ad91c6bc020d,MP-025,51210097772981,03c821d6-6274-427c-937a-ad91c6bc020d.1,CCS_2,25.0,79b72a61-f5ca-433f-b824-0c7df1204859,Massy Warrens,Massy Warrens - Massy Stores Supercenter,Warrens,St. Michael,BB,,Massy,578dca79-afd1-4b04-816a-322a7067114b,40a16d94208fdc757cd189b90808792e,,,,,,SYSTEM,27.83,27.83,0.00,BBD,
2cec3202-79fa-4b97-9974-394602a5ec21,2025-05-07 02:21:48,2025-05-07 02:21:48,2025-05-06 22:21:48,2025-05-06 22:21:48,America/Barbados,0.00,0.00,0.0,0.0,0.0,03c821d6-6274-427c-937a-ad91c6bc020d,MP-025,51210097772981,03c821d6-6274-427c-937a-ad91c6bc020d.1,CCS_2,25.0,79b72a61-f5ca-433f-b824-0c7df1204859,Massy Warrens,Massy Warrens - Massy Stores Supercenter,Warrens,St. Michael,BB,,Massy,578dca79-afd1-4b04-816a-322a7067114b,677d88bb83a91963e061ae8a70c86a51,,,,,,RFID,0.00,0.00,0.00,BBD,
de53a209-8d5c-4270-990e-2d9ec218da88,2025-05-07 18:03:03,2025-05-07 18:42:32,2025-05-07 14:03:03,2025-05-07 14:42:32,America/Barbados,39.48,0.55,17.7,28.1,27.0,03c821d6-6274-427c-937a-ad91c6bc020d,MP-025,51210097772981,03c821d6-6274-427c-937a-ad91c6bc020d.1,CCS_2,25.0,79b72a61-f5ca-433f-b824-0c7df1204859,Massy Warrens,Massy Warrens - Massy Stores Supercenter,Warrens,St. Michael,BB,,Massy,578dca79-afd1-4b04-816a-322a7067114b,de496c2b0c06805735691033fa5f0366,,,,,,SYSTEM,30.98,30.98,0.00,BBD,
b9ca3bd6-ab2b-4b72-ad60-d7f9a8e10e23,2025-05-07 20:14:45,2025-05-07 23:05:51,2025-05-07 16:14:45,2025-05-07 19:05:51,America/Barbados,171.10,5.60,67.3,36.0,23.9,03c821d6-6274-427c-937a-ad91c6bc020d,MP-025,51210097772981,03c821d6-6274-427c-937a-ad91c6bc020d.2,CHADEMO,25.0,79b72a61-f5ca-433f-b824-0c7df1204859,Massy Warrens,Massy Warrens - Massy Stores Supercenter,Warrens,St. Michael,BB,,Massy,578dca79-afd1-4b04-816a-322a7067114b,8f8a1bc53cfa9904f8ceebad0a28992a,,,,,2b43a680-6c0f-4d9c-937d-40d2fa634566,RFID,117.78,117.78,0.00,BBD,
8e6c0019-a692-4f54-b246-2aedcfcb07cb,2025-05-08 09:00:34,2025-05-08 09:58:57,2025-05-08 05:00:34,2025-05-08 05:58:57,America/Barbados,58.38,2.15,24.5,137.6,27.2,03c821d6-6274-427c-937a-ad91c6bc020d,MP-025,51210097772981,03c821d6-6274-427c-937a-ad91c6bc020d.1,CCS_2,25.0,79b72a61-f5ca-433f-b824-0c7df1204859,Massy Warrens,Massy Warrens - Massy Stores Supercenter,Warrens,St. Michael,BB,,Massy,578dca79-afd1-4b04-816a-322a7067114b,9524292787ec90c1c0d210497cc1166e,,,,,81c772bc-95b4-494a-b120-9b72e065fadc,RFID,42.88,42.88,0.00,BBD,
140d690a-ec5a-48ec-a260-955c2546f3a6,2025-05-08 16:09:48,2025-05-08 16:18:42,2025-05-08 12:09:48,2025-05-08 12:18:42,America/Barbados,8.90,1.43,2.0,57.6,25.5,03c821d6-6274-427c-937a-ad91c6bc020d,MP-025,51210097772981,03c821d6-6274-427c-937a-ad91c6bc020d.2,CHADEMO,25.0,79b72a61-f5ca-433f-b824-0c7df1204859,Massy Warrens,Massy Warrens - Massy Stores Supercenter,Warrens,St. Michael,BB,,Massy,578dca79-afd1-4b04-816a-322a7067114b,564363f1092f00b6d8b93b0dffe923e8,,,,,ff8272b9-b9c0-4e2c-a725-65cbd037a327,RFID,3.50,3.50,0.00,BBD,
4a17fd81-ebb3-4325-b1aa-b92c3e580e92,2025-05-08 16:59:23,2025-05-08 17:39:35,2025-05-08 12:59:23,2025-05-08 13:39:35,America/Barbados,40.20,1.07,19.2,33.8,28.7,03c821d6-6274-427c-937a-ad91c6bc020d,MP-025,51210097772981,03c821d6-6274-427c-937a-ad91c6bc020d.1,CCS_2,25.0,79b72a61-f5ca-433f-b824-0c7df1204859,Massy Warrens,Massy Warrens - Massy Stores Supercenter,Warrens,St. Michael,BB,,Massy,578dca79-afd1-4b04-816a-322a7067114b,d01f8298c4aa0be4b825cec87e3512c6,,,,,7c802f13-3acc-4c06-8717-a63c9d015e7e,RFID,33.60,33.60,0.00,BBD,
e9c97b63-d10d-4cdc-8912-552f90146559,2025-05-08 23:37:52,2025-05-09 01:24:56,2025-05-08 19:37:52,2025-05-08 21:24:56,America/Barbados,107.07,12.13,39.8,5033.4,102.4,03c821d6-6274-427c-937a-ad91c6bc020d,MP-025,51210097772981,03c821d6-6274-427c-937a-ad91c6bc020d.1,CCS_2,25.0,79b72a61-f5ca-433f-b824-0c7df1204859,Massy Warrens,Massy Warrens - Massy Stores Supercenter,Warrens,St. Michael,BB,,Massy,578dca79-afd1-4b04-816a-322a7067114b,677d88bb83a91963e061ae8a70c86a51,,,,,545e7042-ec87-4932-88ff-b50d3666c9af,RFID,69.65,69.65,0.00,BBD,
00318089-4225-47cf-84f4-8dd9fa126fb6,2025-05-09 04:34:24,2025-05-09 04:34:24,2025-05-09 00:34:24,2025-05-09 00:34:24,America/Barbados,0.00,0.00,0.0,0.0,0.0,03c821d6-6274-427c-937a-ad91c6bc020d,MP-025,51210097772981,03c821d6-6274-427c-937a-ad91c6bc020d.2,CHADEMO,25.0,79b72a61-f5ca-433f-b824-0c7df1204859,Massy Warrens,Massy Warrens - Massy Stores Supercenter,Warrens,St. Michael,BB,,Massy,578dca79-afd1-4b04-816a-322a7067114b,564363f1092f00b6d8b93b0dffe923e8,,,,,,RFID,0.00,0.00,0.00,BBD,
431b3463-4507-4657-b982-abdf41a53523,2025-05-09 11:42:00,2025-05-09 12:19:19,2025-05-09 07:42:00,2025-05-09 08:19:19,America/Barbados,37.32,0.27,15.9,28.1,25.6,03c821d6-6274-427c-937a-ad91c6bc020d,MP-025,51210097772981,03c821d6-6274-427c-937a-ad91c6bc020d.1,CCS_2,25.0,79b72a61-f5ca-433f-b824-0c7df1204859,Massy Warrens,Massy Warrens - Massy Stores Supercenter,Warrens,St. Michael,BB,,Massy,578dca79-afd1-4b04-816a-322a7067114b,aa1332086ef3bc74ede207bdd6956748,,,,,,SYSTEM,27.83,27.83,0.00,BBD,
ab2c50a1-ef27-4b79-8142-96e1fb033e4f,2025-05-09 13:50:33,2025-05-09 14:26:28,2025-05-09 09:50:33,2025-05-09 10:26:28,America/Barbados,35.92,1.60,15.2,28.1,25.4,03c821d6-6274-427c-937a-ad91c6bc020d,MP-025,51210097772981,03c821d6-6274-427c-937a-ad91c6bc020d.1,CCS_2,25.0,79b72a61-f5ca-433f-b824-0c7df1204859,Massy Warrens,Massy Warrens - Massy Stores Supercenter,Warrens,St. Michael,BB,,Massy,578dca79-afd1-4b04-816a-322a7067114b,94d59d847d0e9a02e7470a4a67a720a9,,,,,,SYSTEM,26.60,26.60,0.00,BBD,
1c8035c9-a5a1-49ed-829d-4f59c8065ba4,2025-05-09 15:42:52,2025-05-09 16:16:42,2025-05-09 11:42:52,2025-05-09 12:16:42,America/Barbados,33.83,1.58,13.0,195.9,30.0,03c821d6-6274-427c-937a-ad91c6bc020d,MP-025,51210097772981,03c821d6-6274-427c-937a-ad91c6bc020d.1,CCS_2,25.0,79b72a61-f5ca-433f-b824-0c7df1204859,Massy Warrens,Massy Warrens - Massy Stores Supercenter,Warrens,St. Michael,BB,,Massy,578dca79-afd1-4b04-816a-322a7067114b,d453d2a25df7ffae24023c2de6e302c4,,,,,482acb3d-7cac-4bf8-be36-4a082efc95eb,RFID,11.38,11.38,0.00,BBD,
990cc30a-f73d-410c-a7ba-ea5ff703b734,2025-05-09 16:43:48,2025-05-09 17:29:41,2025-05-09 12:43:48,2025-05-09 13:29:41,America/Barbados,45.88,0.83,19.2,28.1,25.2,03c821d6-6274-427c-937a-ad91c6bc020d,MP-025,51210097772981,03c821d6-6274-427c-937a-ad91c6bc020d.1,CCS_2,25.0,79b72a61-f5ca-433f-b824-0c7df1204859,Massy Warrens,Massy Warrens - Massy Stores Supercenter,Warrens,St. Michael,BB,,Massy,578dca79-afd1-4b04-816a-322a7067114b,6ccd1ca21a320b88e81fde50415fc2cf,,,,,,SYSTEM,33.60,33.60,0.00,BBD,
e99cf8f0-243d-4a73-bd48-705b976a6940,2025-05-09 15:12:02,2025-05-09 18:34:46,2025-05-09 11:12:02,2025-05-09 14:34:46,America/Barbados,202.73,0.00,23.5,8.0,7.0,8d27dae5-8d1f-48d0-bfe1-8875d5d568a5,MP-0079,M5012464-2,8d27dae5-8d1f-48d0-bfe1-8875d5d568a5.2,TYPE_2,22.0,1977c2c7-cd44-4e6f-a827-370cd9aad5bd,Massy Sunset Crest,"Massy Stores Supercenter, Sunset Crest",Holetown,St James,BB,,Massy,578dca79-afd1-4b04-816a-322a7067114b,94d59d847d0e9a02e7470a4a67a720a9,,,,,,SYSTEM,35.25,35.25,0.00,BBD,
bb815eb8-7e02-4e04-8a37-c2ad581a426b,2025-05-09 17:55:51,2025-05-09 18:37:37,2025-05-09 13:55:51,2025-05-09 14:37:37,America/Barbados,41.77,0.27,18.3,32.7,26.4,03c821d6-6274-427c-937a-ad91c6bc020d,MP-025,51210097772981,03c821d6-6274-427c-937a-ad91c6bc020d.1,CCS_2,25.0,79b72a61-f5ca-433f-b824-0c7df1204859,Massy Warrens,Massy Warrens - Massy Stores Supercenter,Warrens,St. Michael,BB,,Massy,578dca79-afd1-4b04-816a-322a7067114b,6ccd1ca21a320b88e81fde50415fc2cf,,,,,,SYSTEM,32.03,32.03,0.00,BBD,
17226881-ebcc-44a2-871b-1083c89cc20a,2025-05-09 19:57:47,2025-05-09 20:46:07,2025-05-09 15:57:47,2025-05-09 16:46:07,America/Barbados,48.33,0.00,22.1,51.4,27.8,03c821d6-6274-427c-937a-ad91c6bc020d,MP-025,51210097772981,03c821d6-6274-427c-937a-ad91c6bc020d.1,CCS_2,25.0,79b72a61-f5ca-433f-b824-0c7df1204859,Massy Warrens,Massy Warrens - Massy Stores Supercenter,Warrens,St. Michael,BB,,Massy,578dca79-afd1-4b04-816a-322a7067114b,6ccd1ca21a320b88e81fde50415fc2cf,,,,,,SYSTEM,38.68,38.68,0.00,BBD,
72ac7b6a-1e3b-4e9e-9797-82dc75e20638,2025-05-10 05:59:50,2025-05-10 08:09:03,2025-05-10 01:59:50,2025-05-10 04:09:03,America/Barbados,129.22,1.17,58.9,2151.7,47.0,03c821d6-6274-427c-937a-ad91c6bc020d,MP-025,51210097772981,03c821d6-6274-427c-937a-ad91c6bc020d.1,CCS_2,25.0,79b72a61-f5ca-433f-b824-0c7df1204859,Massy Warrens,Massy Warrens - Massy Stores Supercenter,Warrens,St. Michael,BB,,Massy,578dca79-afd1-4b04-816a-322a7067114b,35b6f6f99ae2087ef24aff4869dea359,,,,,9210ee0a-d99f-4855-9c03-cdf9ee6fab7d,RFID,103.08,103.08,0.00,BBD,
c0faddac-fbb6-47de-9e77-06c6c7aa9591,2025-05-10 14:14:05,2025-05-10 14:55:27,2025-05-10 10:14:05,2025-05-10 10:55:27,America/Barbados,41.37,4.57,15.7,28.1,22.8,03c821d6-6274-427c-937a-ad91c6bc020d,MP-025,51210097772981,03c821d6-6274-427c-937a-ad91c6bc020d.1,CCS_2,25.0,79b72a61-f5ca-433f-b824-0c7df1204859,Massy Warrens,Massy Warrens - Massy Stores Supercenter,Warrens,St. Michael,BB,,Massy,578dca79-afd1-4b04-816a-322a7067114b,0e411a7aae18e5bf462136072fec76ab,,,,,,SYSTEM,27.48,27.48,0.00,BBD,
1b57dcb3-62d0-44e6-9e97-aab284063949,2025-05-10 16:47:51,2025-05-10 17:36:17,2025-05-10 12:47:51,2025-05-10 13:36:17,America/Barbados,48.43,0.43,5.5,8.0,6.9,8d27dae5-8d1f-48d0-bfe1-8875d5d568a5,MP-0079,M5012464-2,8d27dae5-8d1f-48d0-bfe1-8875d5d568a5.2,TYPE_2,22.0,1977c2c7-cd44-4e6f-a827-370cd9aad5bd,Massy Sunset Crest,"Massy Stores Supercenter, Sunset Crest",Holetown,St James,BB,,Massy,578dca79-afd1-4b04-816a-322a7067114b,e6485fbb3b6714f67b5ea781f1f3323e,,,,,,SYSTEM,8.25,8.25,0.00,BBD,
6c043827-9870-4dcb-b907-5aeda39fcf4f,2025-05-10 17:36:47,2025-05-10 18:20:22,2025-05-10 13:36:47,2025-05-10 14:20:22,America/Barbados,43.58,0.00,19.0,32.7,26.2,03c821d6-6274-427c-937a-ad91c6bc020d,MP-025,51210097772981,03c821d6-6274-427c-937a-ad91c6bc020d.1,CCS_2,25.0,79b72a61-f5ca-433f-b824-0c7df1204859,Massy Warrens,Massy Warrens - Massy Stores Supercenter,Warrens,St. Michael,BB,,Massy,578dca79-afd1-4b04-816a-322a7067114b,de496c2b0c06805735691033fa5f0366,,,,,,SYSTEM,33.25,33.25,0.00,BBD,
d377e19a-6d1c-4248-9183-4d28148c61be,2025-05-10 19:31:56,2025-05-10 19:57:06,2025-05-10 15:31:56,2025-05-10 15:57:06,America/Barbados,25.17,12.10,4.9,25.7,12.1,03c821d6-6274-427c-937a-ad91c6bc020d,MP-025,51210097772981,03c821d6-6274-427c-937a-ad91c6bc020d.2,CHADEMO,25.0,79b72a61-f5ca-433f-b824-0c7df1204859,Massy Warrens,Massy Warrens - Massy Stores Supercenter,Warrens,St. Michael,BB,,Massy,578dca79-afd1-4b04-816a-322a7067114b,876c5be78ae0af525fac5d4891ec4c79,,,,,,SYSTEM,8.58,8.58,0.00,BBD,
a9b4eb1c-49d1-4da4-a785-36d1f4663637,2025-05-11 02:28:35,2025-05-11 02:28:35,2025-05-10 22:28:35,2025-05-10 22:28:35,America/Barbados,0.00,0.00,0.0,0.0,0.0,03c821d6-6274-427c-937a-ad91c6bc020d,MP-025,51210097772981,03c821d6-6274-427c-937a-ad91c6bc020d.1,CCS_2,25.0,79b72a61-f5ca-433f-b824-0c7df1204859,Massy Warrens,Massy Warrens - Massy Stores Supercenter,Warrens,St. Michael,BB,,Massy,578dca79-afd1-4b04-816a-322a7067114b,7daacebf9b4ad61d93ad71b9621b0320,,,,,,RFID,0.00,0.00,0.00,BBD,
ba0ef149-02c3-4c85-8b0e-726a3af73551,2025-05-11 19:26:54,2025-05-11 20:44:34,2025-05-11 15:26:54,2025-05-11 16:44:34,America/Barbados,77.67,12.07,25.0,28.6,21.6,03c821d6-6274-427c-937a-ad91c6bc020d,MP-025,51210097772981,03c821d6-6274-427c-937a-ad91c6bc020d.1,CCS_2,25.0,79b72a61-f5ca-433f-b824-0c7df1204859,Massy Warrens,Massy Warrens - Massy Stores Supercenter,Warrens,St. Michael,BB,,Massy,578dca79-afd1-4b04-816a-322a7067114b,677d88bb83a91963e061ae8a70c86a51,,,,,545e7042-ec87-4932-88ff-b50d3666c9af,RFID,43.75,43.75,0.00,BBD,
26d5b523-2034-4922-a15b-ad9f7654051c,2025-05-11 20:48:02,2025-05-11 22:42:57,2025-05-11 16:48:02,2025-05-11 18:42:57,America/Barbados,114.92,11.73,46.6,33.8,24.5,03c821d6-6274-427c-937a-ad91c6bc020d,MP-025,51210097772981,03c821d6-6274-427c-937a-ad91c6bc020d.1,CCS_2,25.0,79b72a61-f5ca-433f-b824-0c7df1204859,Massy Warrens,Massy Warrens - Massy Stores Supercenter,Warrens,St. Michael,BB,,Massy,578dca79-afd1-4b04-816a-322a7067114b,11767201bead19330121c619c3a397d5,,,,,,WEB_APP,81.55,81.55,0.00,BBD,
293354cb-de36-4129-884d-d2ae11cb22fe,2025-05-11 23:02:20,2025-05-12 02:05:39,2025-05-11 19:02:20,2025-05-11 22:05:39,America/Barbados,183.32,11.32,79.5,33.8,26.3,03c821d6-6274-427c-937a-ad91c6bc020d,MP-025,51210097772981,03c821d6-6274-427c-937a-ad91c6bc020d.1,CCS_2,25.0,79b72a61-f5ca-433f-b824-0c7df1204859,Massy Warrens,Massy Warrens - Massy Stores Supercenter,Warrens,St. Michael,BB,,Massy,578dca79-afd1-4b04-816a-322a7067114b,03d1ce26fa49936b6e72eb9eafef6e3f,,,,,97fceca9-6706-421a-89f2-0f307f042c89,RFID,139.13,139.13,0.00,BBD,
582e8960-1ba5-4fa2-9295-812a1d0a25b8,2025-05-12 13:05:20,2025-05-12 13:05:20,2025-05-12 09:05:20,2025-05-12 09:05:20,America/Barbados,0.00,0.00,0.0,0.0,0.0,03c821d6-6274-427c-937a-ad91c6bc020d,MP-025,51210097772981,03c821d6-6274-427c-937a-ad91c6bc020d.1,CCS_2,25.0,79b72a61-f5ca-433f-b824-0c7df1204859,Massy Warrens,Massy Warrens - Massy Stores Supercenter,Warrens,St. Michael,BB,,Massy,578dca79-afd1-4b04-816a-322a7067114b,5911ffba106a13f8c146db3cc5fdaaf2,,,,,,RFID,0.00,0.00,0.00,BBD,
9f3671c1-1912-4f50-bb18-b2235250db0e,2025-05-12 16:16:55,2025-05-12 16:16:55,2025-05-12 12:16:55,2025-05-12 12:16:55,America/Barbados,0.00,0.00,0.0,0.0,0.0,03c821d6-6274-427c-937a-ad91c6bc020d,MP-025,51210097772981,03c821d6-6274-427c-937a-ad91c6bc020d.1,CCS_2,25.0,79b72a61-f5ca-433f-b824-0c7df1204859,Massy Warrens,Massy Warrens - Massy Stores Supercenter,Warrens,St. Michael,BB,,Massy,578dca79-afd1-4b04-816a-322a7067114b,35b6f6f99ae2087ef24aff4869dea359,,,,,,RFID,0.00,0.00,0.00,BBD,
55f24b03-f71c-438b-b69c-48c8e95a55cf,2025-05-12 17:31:45,2025-05-12 17:31:45,2025-05-12 13:31:45,2025-05-12 13:31:45,America/Barbados,0.00,0.00,0.0,0.0,0.0,03c821d6-6274-427c-937a-ad91c6bc020d,MP-025,51210097772981,03c821d6-6274-427c-937a-ad91c6bc020d.2,CHADEMO,25.0,79b72a61-f5ca-433f-b824-0c7df1204859,Massy Warrens,Massy Warrens - Massy Stores Supercenter,Warrens,St. Michael,BB,,Massy,578dca79-afd1-4b04-816a-322a7067114b,564363f1092f00b6d8b93b0dffe923e8,,,,,,RFID,0.00,0.00,0.00,BBD,
e0b15acb-12d3-45c6-926e-2b737936e3b7,2025-05-12 21:24:06,2025-05-12 23:22:37,2025-05-12 17:24:06,2025-05-12 19:22:37,America/Barbados,118.52,1.60,54.8,93.8,28.3,03c821d6-6274-427c-937a-ad91c6bc020d,MP-025,51210097772981,03c821d6-6274-427c-937a-ad91c6bc020d.1,CCS_2,25.0,79b72a61-f5ca-433f-b824-0c7df1204859,Massy Warrens,Massy Warrens - Massy Stores Supercenter,Warrens,St. Michael,BB,,Massy,578dca79-afd1-4b04-816a-322a7067114b,de496c2b0c06805735691033fa5f0366,,,,,,SYSTEM,95.90,95.90,0.00,BBD,
05ca79db-8a3d-488c-8da3-feef5f4ad4d9,2025-05-13 09:14:37,2025-05-13 09:47:41,2025-05-13 05:14:37,2025-05-13 05:47:41,America/Barbados,33.07,0.00,14.0,28.1,25.3,03c821d6-6274-427c-937a-ad91c6bc020d,MP-025,51210097772981,03c821d6-6274-427c-937a-ad91c6bc020d.1,CCS_2,25.0,79b72a61-f5ca-433f-b824-0c7df1204859,Massy Warrens,Massy Warrens - Massy Stores Supercenter,Warrens,St. Michael,BB,,Massy,578dca79-afd1-4b04-816a-322a7067114b,9524292787ec90c1c0d210497cc1166e,,,,,81c772bc-95b4-494a-b120-9b72e065fadc,RFID,24.50,24.50,0.00,BBD,
e180b70b-84a1-44f6-852a-bb6385dcf8a8,2025-05-13 10:32:26,2025-05-13 12:25:20,2025-05-13 06:32:26,2025-05-13 08:25:20,America/Barbados,112.90,0.92,52.9,33.8,28.6,03c821d6-6274-427c-937a-ad91c6bc020d,MP-025,51210097772981,03c821d6-6274-427c-937a-ad91c6bc020d.1,CCS_2,25.0,79b72a61-f5ca-433f-b824-0c7df1204859,Massy Warrens,Massy Warrens - Massy Stores Supercenter,Warrens,St. Michael,BB,,Massy,578dca79-afd1-4b04-816a-322a7067114b,35b6f6f99ae2087ef24aff4869dea359,,,,,9210ee0a-d99f-4855-9c03-cdf9ee6fab7d,RFID,92.58,92.58,0.00,BBD,
40b9a109-bf98-4b6a-8629-290699235e9c,2025-05-13 13:33:46,2025-05-13 13:55:15,2025-05-13 09:33:46,2025-05-13 09:55:15,America/Barbados,21.48,9.23,3.4,60.8,12.5,03c821d6-6274-427c-937a-ad91c6bc020d,MP-025,51210097772981,03c821d6-6274-427c-937a-ad91c6bc020d.2,CHADEMO,25.0,79b72a61-f5ca-433f-b824-0c7df1204859,Massy Warrens,Massy Warrens - Massy Stores Supercenter,Warrens,St. Michael,BB,,Massy,578dca79-afd1-4b04-816a-322a7067114b,564363f1092f00b6d8b93b0dffe923e8,,,,,ff8272b9-b9c0-4e2c-a725-65cbd037a327,RFID,5.95,5.95,0.00,BBD,
1f52dbc1-00d3-496b-a79d-4c8ca6e0b098,2025-05-13 15:51:58,2025-05-13 17:00:25,2025-05-13 11:51:58,2025-05-13 13:00:25,America/Barbados,68.45,0.00,7.9,8.3,7.1,8d27dae5-8d1f-48d0-bfe1-8875d5d568a5,MP-0079,M5012464-2,8d27dae5-8d1f-48d0-bfe1-8875d5d568a5.2,TYPE_2,22.0,1977c2c7-cd44-4e6f-a827-370cd9aad5bd,Massy Sunset Crest,"Massy Stores Supercenter, Sunset Crest",Holetown,St James,BB,,Massy,578dca79-afd1-4b04-816a-322a7067114b,68b884275513e0f6b83f6edba98050a0,,,,,,SYSTEM,11.85,11.85,0.00,BBD,
cd11bec3-a17c-438f-a97a-2343217996a4,2025-05-13 16:44:13,2025-05-13 17:41:40,2025-05-13 12:44:13,2025-05-13 13:41:40,America/Barbados,57.45,1.07,24.2,28.1,25.3,03c821d6-6274-427c-937a-ad91c6bc020d,MP-025,51210097772981,03c821d6-6274-427c-937a-ad91c6bc020d.1,CCS_2,25.0,79b72a61-f5ca-433f-b824-0c7df1204859,Massy Warrens,Massy Warrens - Massy Stores Supercenter,Warrens,St. Michael,BB,,Massy,578dca79-afd1-4b04-816a-322a7067114b,d453d2a25df7ffae24023c2de6e302c4,,,,,482acb3d-7cac-4bf8-be36-4a082efc95eb,RFID,21.18,21.18,0.00,BBD,
22580a52-b754-4b51-9940-e21bbee44147,2025-05-13 18:43:14,2025-05-13 18:43:14,2025-05-13 14:43:14,2025-05-13 14:43:14,America/Barbados,0.00,0.00,0.0,0.0,0.0,03c821d6-6274-427c-937a-ad91c6bc020d,MP-025,51210097772981,03c821d6-6274-427c-937a-ad91c6bc020d.1,CCS_2,25.0,79b72a61-f5ca-433f-b824-0c7df1204859,Massy Warrens,Massy Warrens - Massy Stores Supercenter,Warrens,St. Michael,BB,,Massy,578dca79-afd1-4b04-816a-322a7067114b,b01bfccb48449dfee18ccc8179ef87ca,,,,,,RFID,0.00,0.00,0.00,BBD,
66492b6c-db66-41c6-ba8a-65881f4b4d32,2025-05-13 20:28:06,2025-05-13 23:02:15,2025-05-13 16:28:06,2025-05-13 19:02:15,America/Barbados,154.15,3.77,61.1,118.1,24.4,03c821d6-6274-427c-937a-ad91c6bc020d,MP-025,51210097772981,03c821d6-6274-427c-937a-ad91c6bc020d.2,CHADEMO,25.0,79b72a61-f5ca-433f-b824-0c7df1204859,Massy Warrens,Massy Warrens - Massy Stores Supercenter,Warrens,St. Michael,BB,,Massy,578dca79-afd1-4b04-816a-322a7067114b,8f8a1bc53cfa9904f8ceebad0a28992a,,,,,2b43a680-6c0f-4d9c-937d-40d2fa634566,RFID,106.93,106.93,0.00,BBD,
08c2109b-fd04-474e-a875-366bdb3e2621,2025-05-13 23:36:14,2025-05-14 01:07:38,2025-05-13 19:36:14,2025-05-13 21:07:38,America/Barbados,91.40,12.22,33.8,203.5,24.2,03c821d6-6274-427c-937a-ad91c6bc020d,MP-025,51210097772981,03c821d6-6274-427c-937a-ad91c6bc020d.1,CCS_2,25.0,79b72a61-f5ca-433f-b824-0c7df1204859,Massy Warrens,Massy Warrens - Massy Stores Supercenter,Warrens,St. Michael,BB,,Massy,578dca79-afd1-4b04-816a-322a7067114b,677d88bb83a91963e061ae8a70c86a51,,,,,545e7042-ec87-4932-88ff-b50d3666c9af,RFID,59.15,59.15,0.00,BBD,
75f508f7-439a-4ae6-b362-69566ba9517d,2025-05-14 13:17:02,2025-05-14 13:44:31,2025-05-14 09:17:02,2025-05-14 09:44:31,America/Barbados,27.48,0.82,11.7,30.0,25.7,03c821d6-6274-427c-937a-ad91c6bc020d,MP-025,51210097772981,03c821d6-6274-427c-937a-ad91c6bc020d.1,CCS_2,25.0,79b72a61-f5ca-433f-b824-0c7df1204859,Massy Warrens,Massy Warrens - Massy Stores Supercenter,Warrens,St. Michael,BB,,Massy,578dca79-afd1-4b04-816a-322a7067114b,94d59d847d0e9a02e7470a4a67a720a9,,,,,,SYSTEM,20.48,20.48,0.00,BBD,
afa9ae1a-4315-4e1f-8013-e31f343f7123,2025-05-14 18:03:34,2025-05-14 18:34:05,2025-05-14 14:03:34,2025-05-14 14:34:05,America/Barbados,30.52,21.18,3.3,16.9,8.1,03c821d6-6274-427c-937a-ad91c6bc020d,MP-025,51210097772981,03c821d6-6274-427c-937a-ad91c6bc020d.2,CHADEMO,25.0,79b72a61-f5ca-433f-b824-0c7df1204859,Massy Warrens,Massy Warrens - Massy Stores Supercenter,Warrens,St. Michael,BB,,Massy,578dca79-afd1-4b04-816a-322a7067114b,564363f1092f00b6d8b93b0dffe923e8,,,,,ff8272b9-b9c0-4e2c-a725-65cbd037a327,RFID,5.78,5.78,0.00,BBD,
bcdab0ca-82d1-431d-89c3-bdad9ce89e1c,2025-05-15 12:13:39,2025-05-15 10:26:46,2025-05-15 08:13:39,2025-05-15 06:26:46,America/Barbados,96.48,1.60,43.7,33.8,27.2,03c821d6-6274-427c-937a-ad91c6bc020d,MP-025,51210097772981,03c821d6-6274-427c-937a-ad91c6bc020d.1,CCS_2,25.0,79b72a61-f5ca-433f-b824-0c7df1204859,Massy Warrens,Massy Warrens - Massy Stores Supercenter,Warrens,St. Michael,BB,,Massy,578dca79-afd1-4b04-816a-322a7067114b,6ccd1ca21a320b88e81fde50415fc2cf,,,,,,SYSTEM,0.00,0.00,0.00,BBD,
b245a8c9-ed25-413f-b125-a5b5ebe94e17,2025-05-15 15:26:36,2025-05-15 15:34:12,2025-05-15 11:26:36,2025-05-15 11:34:12,America/Barbados,7.60,0.53,3.0,40.0,25.6,03c821d6-6274-427c-937a-ad91c6bc020d,MP-025,51210097772981,03c821d6-6274-427c-937a-ad91c6bc020d.2,CHADEMO,25.0,79b72a61-f5ca-433f-b824-0c7df1204859,Massy Warrens,Massy Warrens - Massy Stores Supercenter,Warrens,St. Michael,BB,,Massy,578dca79-afd1-4b04-816a-322a7067114b,afcda82500d680eef58caf3224c70f9f,,,,,,SYSTEM,5.25,5.25,0.00,BBD,
e5da57b8-d522-4a68-9ec6-643dbeffbae1,2025-05-15 16:14:29,2025-05-15 16:14:34,2025-05-15 12:14:29,2025-05-15 12:14:34,America/Barbados,0.08,0.00,0.0,0.0,0.0,024e77fc-3da1-4e73-930e-b76e45511419,MP-001,M5005918-7,024e77fc-3da1-4e73-930e-b76e45511419.1,TYPE_2,7.4,1977c2c7-cd44-4e6f-a827-370cd9aad5bd,Massy Sunset Crest,"Massy Stores Supercenter, Sunset Crest",Holetown,St James,BB,,Massy,578dca79-afd1-4b04-816a-322a7067114b,d04ed755d7a2cbe0d914f0ce0e9c85d3,,,,,,SYSTEM,0.00,0.00,0.00,BBD,
92904766-cc2a-4db4-a894-adaf5e769701,2025-05-15 15:56:19,2025-05-15 16:15:33,2025-05-15 11:56:19,2025-05-15 12:15:33,America/Barbados,19.23,7.50,3.4,77.8,13.5,03c821d6-6274-427c-937a-ad91c6bc020d,MP-025,51210097772981,03c821d6-6274-427c-937a-ad91c6bc020d.2,CHADEMO,25.0,79b72a61-f5ca-433f-b824-0c7df1204859,Massy Warrens,Massy Warrens - Massy Stores Supercenter,Warrens,St. Michael,BB,,Massy,578dca79-afd1-4b04-816a-322a7067114b,564363f1092f00b6d8b93b0dffe923e8,,,,,ff8272b9-b9c0-4e2c-a725-65cbd037a327,RFID,5.95,5.95,0.00,BBD,
826a818c-1e9d-463f-b61e-f8dd92544a15,2025-05-15 16:15:05,2025-05-15 16:16:21,2025-05-15 12:15:05,2025-05-15 12:16:21,America/Barbados,1.27,0.00,0.1,22.5,22.5,024e77fc-3da1-4e73-930e-b76e45511419,MP-001,M5005918-7,024e77fc-3da1-4e73-930e-b76e45511419.1,TYPE_2,7.4,1977c2c7-cd44-4e6f-a827-370cd9aad5bd,Massy Sunset Crest,"Massy Stores Supercenter, Sunset Crest",Holetown,St James,BB,,Massy,578dca79-afd1-4b04-816a-322a7067114b,d04ed755d7a2cbe0d914f0ce0e9c85d3,,,,,,SYSTEM,0.15,0.15,0.00,BBD,
ed7ce4ba-b8cb-472e-8621-03019d29ec75,2025-05-15 16:17:31,2025-05-15 16:18:12,2025-05-15 12:17:31,2025-05-15 12:18:12,America/Barbados,0.68,0.00,0.0,0.0,0.0,024e77fc-3da1-4e73-930e-b76e45511419,MP-001,M5005918-7,024e77fc-3da1-4e73-930e-b76e45511419.1,TYPE_2,7.4,1977c2c7-cd44-4e6f-a827-370cd9aad5bd,Massy Sunset Crest,"Massy Stores Supercenter, Sunset Crest",Holetown,St James,BB,,Massy,578dca79-afd1-4b04-816a-322a7067114b,d04ed755d7a2cbe0d914f0ce0e9c85d3,,,,,,SYSTEM,0.00,0.00,0.00,BBD,
8058179e-8c17-4911-8fba-2949a74272be,2025-05-15 16:18:46,2025-05-15 16:19:24,2025-05-15 12:18:46,2025-05-15 12:19:24,America/Barbados,0.63,0.00,0.0,0.0,0.0,024e77fc-3da1-4e73-930e-b76e45511419,MP-001,M5005918-7,024e77fc-3da1-4e73-930e-b76e45511419.1,TYPE_2,7.4,1977c2c7-cd44-4e6f-a827-370cd9aad5bd,Massy Sunset Crest,"Massy Stores Supercenter, Sunset Crest",Holetown,St James,BB,,Massy,578dca79-afd1-4b04-816a-322a7067114b,d04ed755d7a2cbe0d914f0ce0e9c85d3,,,,,,SYSTEM,0.00,0.00,0.00,BBD,
f5e90ac7-8ef8-44f3-8396-03c7c96fc557,2025-05-15 21:34:57,2025-05-15 23:23:42,2025-05-15 17:34:57,2025-05-15 19:23:42,America/Barbados,108.75,4.00,45.0,236.1,27.1,03c821d6-6274-427c-937a-ad91c6bc020d,MP-025,51210097772981,03c821d6-6274-427c-937a-ad91c6bc020d.1,CCS_2,25.0,79b72a61-f5ca-433f-b824-0c7df1204859,Massy Warrens,Massy Warrens - Massy Stores Supercenter,Warrens,St. Michael,BB,,Massy,578dca79-afd1-4b04-816a-322a7067114b,9524292787ec90c1c0d210497cc1166e,,,,,81c772bc-95b4-494a-b120-9b72e065fadc,RFID,78.75,78.75,0.00,BBD,
6e504ab6-3f57-40e6-9de6-69304414bd8f,2025-05-16 11:06:43,2025-05-16 13:26:27,2025-05-16 07:06:43,2025-05-16 09:26:27,America/Barbados,139.73,4.02,63.4,33.8,27.3,03c821d6-6274-427c-937a-ad91c6bc020d,MP-025,51210097772981,03c821d6-6274-427c-937a-ad91c6bc020d.1,CCS_2,25.0,79b72a61-f5ca-433f-b824-0c7df1204859,Massy Warrens,Massy Warrens - Massy Stores Supercenter,Warrens,St. Michael,BB,,Massy,578dca79-afd1-4b04-816a-322a7067114b,d01f8298c4aa0be4b825cec87e3512c6,,,,,7c802f13-3acc-4c06-8717-a63c9d015e7e,RFID,110.95,110.95,0.00,BBD,
19adb47b-d894-430f-826c-215da094daad,2025-05-16 14:27:07,2025-05-16 17:18:54,2025-05-16 10:27:07,2025-05-16 13:18:54,America/Barbados,171.78,6.73,74.6,33.8,26.1,03c821d6-6274-427c-937a-ad91c6bc020d,MP-025,51210097772981,03c821d6-6274-427c-937a-ad91c6bc020d.1,CCS_2,25.0,79b72a61-f5ca-433f-b824-0c7df1204859,Massy Warrens,Massy Warrens - Massy Stores Supercenter,Warrens,St. Michael,BB,,Massy,578dca79-afd1-4b04-816a-322a7067114b,c72847ec674bfe6cbddfe488c140a36e,,,,,,SYSTEM,130.55,130.55,0.00,BBD,
f932d3b2-5969-4278-8864-9a7b63647b05,2025-05-16 20:34:26,2025-05-16 21:30:38,2025-05-16 16:34:26,2025-05-16 17:30:38,America/Barbados,56.20,0.00,23.9,0.0,0.0,03c821d6-6274-427c-937a-ad91c6bc020d,MP-025,51210097772981,03c821d6-6274-427c-937a-ad91c6bc020d.1,CCS_2,25.0,79b72a61-f5ca-433f-b824-0c7df1204859,Massy Warrens,Massy Warrens - Massy Stores Supercenter,Warrens,St. Michael,BB,,Massy,578dca79-afd1-4b04-816a-322a7067114b,033047ab5a40bfd2d0d1a39ccc476e1f,,,,,94698601-e207-4baf-81c0-bfc5a783e0d7,RFID,41.83,41.83,0.00,BBD,
aa480161-cf58-4d41-99e3-3850ac8b09d8,2025-05-16 21:32:54,2025-05-16 22:04:41,2025-05-16 17:32:54,2025-05-16 18:04:41,America/Barbados,31.78,0.32,5.4,28.1,25.3,03c821d6-6274-427c-937a-ad91c6bc020d,MP-025,51210097772981,03c821d6-6274-427c-937a-ad91c6bc020d.1,CCS_2,25.0,79b72a61-f5ca-433f-b824-0c7df1204859,Massy Warrens,Massy Warrens - Massy Stores Supercenter,Warrens,St. Michael,BB,,Massy,578dca79-afd1-4b04-816a-322a7067114b,080eb6f3ca035209586fad3b452199c2,,,,,12a311e6-c8c8-4c1e-a086-6aa23bc92f92,RFID,9.45,9.45,0.00,BBD,
ee79368b-474f-4f58-a9b7-1799ec52ef7e,2025-05-16 22:41:29,2025-05-16 23:09:57,2025-05-16 18:41:29,2025-05-16 19:09:57,America/Barbados,28.47,0.00,3.3,8.4,7.0,8d27dae5-8d1f-48d0-bfe1-8875d5d568a5,MP-0079,M5012464-2,8d27dae5-8d1f-48d0-bfe1-8875d5d568a5.2,TYPE_2,22.0,1977c2c7-cd44-4e6f-a827-370cd9aad5bd,Massy Sunset Crest,"Massy Stores Supercenter, Sunset Crest",Holetown,St James,BB,,Massy,578dca79-afd1-4b04-816a-322a7067114b,59278037f17e2a16ceb6c526cb0065fb,,,,,,SYSTEM,4.95,4.95,0.00,BBD,
834a957f-9b5e-41a6-a6a1-9a1068a542e4,2025-05-17 12:03:22,2025-05-17 14:07:27,2025-05-17 08:03:22,2025-05-17 10:07:27,America/Barbados,124.08,2.40,58.2,49.1,28.5,03c821d6-6274-427c-937a-ad91c6bc020d,MP-025,51210097772981,03c821d6-6274-427c-937a-ad91c6bc020d.1,CCS_2,25.0,79b72a61-f5ca-433f-b824-0c7df1204859,Massy Warrens,Massy Warrens - Massy Stores Supercenter,Warrens,St. Michael,BB,,Massy,578dca79-afd1-4b04-816a-322a7067114b,35b6f6f99ae2087ef24aff4869dea359,,,,,9210ee0a-d99f-4855-9c03-cdf9ee6fab7d,RFID,101.85,101.85,0.00,BBD,
c0a2cc1e-a3b0-4fb6-a213-a36a4a4523ef,2025-05-17 17:48:08,2025-05-17 18:16:00,2025-05-17 13:48:08,2025-05-17 14:16:00,America/Barbados,27.87,0.00,3.2,10.9,7.3,8d27dae5-8d1f-48d0-bfe1-8875d5d568a5,MP-0079,M5012464-2,8d27dae5-8d1f-48d0-bfe1-8875d5d568a5.1,TYPE_2,22.0,1977c2c7-cd44-4e6f-a827-370cd9aad5bd,Massy Sunset Crest,"Massy Stores Supercenter, Sunset Crest",Holetown,St James,BB,,Massy,578dca79-afd1-4b04-816a-322a7067114b,5db785efcfcd73808868808aba39d73c,,,,,8e63f50a-a4c1-4df2-a496-6cee7199212f,RFID,4.80,4.80,0.00,BBD,
9cb082b2-18e2-477e-aab0-9aa5bec8c726,2025-05-17 18:07:17,2025-05-17 18:50:53,2025-05-17 14:07:17,2025-05-17 14:50:53,America/Barbados,43.60,0.00,4.8,8.0,6.6,8d27dae5-8d1f-48d0-bfe1-8875d5d568a5,MP-0079,M5012464-2,8d27dae5-8d1f-48d0-bfe1-8875d5d568a5.2,TYPE_2,22.0,1977c2c7-cd44-4e6f-a827-370cd9aad5bd,Massy Sunset Crest,"Massy Stores Supercenter, Sunset Crest",Holetown,St James,BB,,Massy,578dca79-afd1-4b04-816a-322a7067114b,077de232d085e93ffa0aa74fc8ac4a48,,,,,72a12083-767c-420c-8900-a8829a90c134,RFID,7.20,7.20,0.00,BBD,
0e3e0383-42ac-453d-a1ad-f710287626f2,2025-05-17 18:07:35,2025-05-17 19:49:04,2025-05-17 14:07:35,2025-05-17 15:49:04,America/Barbados,101.48,1.87,45.3,174.7,28.8,03c821d6-6274-427c-937a-ad91c6bc020d,MP-025,51210097772981,03c821d6-6274-427c-937a-ad91c6bc020d.1,CCS_2,25.0,79b72a61-f5ca-433f-b824-0c7df1204859,Massy Warrens,Massy Warrens - Massy Stores Supercenter,Warrens,St. Michael,BB,,Massy,578dca79-afd1-4b04-816a-322a7067114b,03d1ce26fa49936b6e72eb9eafef6e3f,,,,,97fceca9-6706-421a-89f2-0f307f042c89,RFID,79.28,79.28,0.00,BBD,
c6936793-eb9f-48c2-9cd0-8daf927d0593,2025-05-18 03:39:46,2025-05-18 03:39:46,2025-05-17 23:39:46,2025-05-17 23:39:46,America/Barbados,0.00,0.00,0.0,0.0,0.0,03c821d6-6274-427c-937a-ad91c6bc020d,MP-025,51210097772981,03c821d6-6274-427c-937a-ad91c6bc020d.1,CCS_2,25.0,79b72a61-f5ca-433f-b824-0c7df1204859,Massy Warrens,Massy Warrens - Massy Stores Supercenter,Warrens,St. Michael,BB,,Massy,578dca79-afd1-4b04-816a-322a7067114b,9a0aa3c4b0310980ab78bd4ad3e6744a,,,,,,RFID,0.00,0.00,0.00,BBD,
84647394-937e-4b1c-92d8-343bae199d55,2025-05-18 11:29:01,2025-05-18 13:31:22,2025-05-18 07:29:01,2025-05-18 09:31:22,America/Barbados,122.35,2.13,49.3,28.1,25.1,03c821d6-6274-427c-937a-ad91c6bc020d,MP-025,51210097772981,03c821d6-6274-427c-937a-ad91c6bc020d.2,CHADEMO,25.0,79b72a61-f5ca-433f-b824-0c7df1204859,Massy Warrens,Massy Warrens - Massy Stores Supercenter,Warrens,St. Michael,BB,,Massy,578dca79-afd1-4b04-816a-322a7067114b,8f8a1bc53cfa9904f8ceebad0a28992a,,,,,2b43a680-6c0f-4d9c-937d-40d2fa634566,RFID,86.28,86.28,0.00,BBD,
1c2f483a-19c8-4ea9-b218-25f595e7f42c,2025-05-18 19:21:35,2025-05-18 20:03:47,2025-05-18 15:21:35,2025-05-18 16:03:47,America/Barbados,42.20,1.15,17.4,28.1,24.6,03c821d6-6274-427c-937a-ad91c6bc020d,MP-025,51210097772981,03c821d6-6274-427c-937a-ad91c6bc020d.1,CCS_2,25.0,79b72a61-f5ca-433f-b824-0c7df1204859,Massy Warrens,Massy Warrens - Massy Stores Supercenter,Warrens,St. Michael,BB,,Massy,578dca79-afd1-4b04-816a-322a7067114b,40a16d94208fdc757cd189b90808792e,,,,,,SYSTEM,30.45,30.45,0.00,BBD,
644e39fa-f162-4ce4-81a5-28e2408c0c4a,2025-05-18 21:17:18,2025-05-18 21:17:38,2025-05-18 17:17:18,2025-05-18 17:17:38,America/Barbados,0.33,0.00,0.0,0.0,0.0,8d27dae5-8d1f-48d0-bfe1-8875d5d568a5,MP-0079,M5012464-2,8d27dae5-8d1f-48d0-bfe1-8875d5d568a5.1,TYPE_2,22.0,1977c2c7-cd44-4e6f-a827-370cd9aad5bd,Massy Sunset Crest,"Massy Stores Supercenter, Sunset Crest",Holetown,St James,BB,,Massy,578dca79-afd1-4b04-816a-322a7067114b,f900cd947d0dba976b5137dfdeb28a8c,,,,,,SYSTEM,0.00,0.00,0.00,BBD,
651d4543-6f2a-4634-8b26-30b281a93532,2025-05-19 12:37:32,2025-05-19 13:33:11,2025-05-19 08:37:32,2025-05-19 09:33:11,America/Barbados,55.65,0.07,4.3,0.0,0.0,03c821d6-6274-427c-937a-ad91c6bc020d,MP-025,51210097772981,03c821d6-6274-427c-937a-ad91c6bc020d.2,CHADEMO,25.0,79b72a61-f5ca-433f-b824-0c7df1204859,Massy Warrens,Massy Warrens - Massy Stores Supercenter,Warrens,St. Michael,BB,,Massy,578dca79-afd1-4b04-816a-322a7067114b,564363f1092f00b6d8b93b0dffe923e8,,,,,ff8272b9-b9c0-4e2c-a725-65cbd037a327,RFID,7.53,7.53,0.00,BBD,
fb4271b1-e24f-4e0a-950e-a3978f11a185,2025-05-19 15:04:58,2025-05-19 15:48:55,2025-05-19 11:04:58,2025-05-19 11:48:55,America/Barbados,43.95,0.00,16.3,0.0,0.0,03c821d6-6274-427c-937a-ad91c6bc020d,MP-025,51210097772981,03c821d6-6274-427c-937a-ad91c6bc020d.1,CCS_2,25.0,79b72a61-f5ca-433f-b824-0c7df1204859,Massy Warrens,Massy Warrens - Massy Stores Supercenter,Warrens,St. Michael,BB,,Massy,578dca79-afd1-4b04-816a-322a7067114b,91eea880ab7f2ca51fa7d2a0ebe5d341,,,,,0fe44e40-d6bc-438c-9f7b-d0e5cefe2f0b,RFID,0.00,0.00,0.00,BBD,
688072b9-25f5-4392-a230-a0547c67733f,2025-05-19 21:05:48,2025-05-19 23:59:12,2025-05-19 17:05:48,2025-05-19 19:59:12,America/Barbados,173.40,7.82,75.8,33.8,25.6,03c821d6-6274-427c-937a-ad91c6bc020d,MP-025,51210097772981,03c821d6-6274-427c-937a-ad91c6bc020d.1,CCS_2,25.0,79b72a61-f5ca-433f-b824-0c7df1204859,Massy Warrens,Massy Warrens - Massy Stores Supercenter,Warrens,St. Michael,BB,,Massy,578dca79-afd1-4b04-816a-322a7067114b,03d1ce26fa49936b6e72eb9eafef6e3f,,,,,97fceca9-6706-421a-89f2-0f307f042c89,RFID,132.65,132.65,0.00,BBD,
6d8812ba-7b63-44d1-92e6-a45433536e4c,2025-05-20 10:31:09,2025-05-20 10:44:09,2025-05-20 06:31:09,2025-05-20 06:44:09,America/Barbados,13.00,3.42,2.8,78.0,18.3,03c821d6-6274-427c-937a-ad91c6bc020d,MP-025,51210097772981,03c821d6-6274-427c-937a-ad91c6bc020d.2,CHADEMO,25.0,79b72a61-f5ca-433f-b824-0c7df1204859,Massy Warrens,Massy Warrens - Massy Stores Supercenter,Warrens,St. Michael,BB,,Massy,578dca79-afd1-4b04-816a-322a7067114b,564363f1092f00b6d8b93b0dffe923e8,,,,,ff8272b9-b9c0-4e2c-a725-65cbd037a327,RFID,4.90,4.90,0.00,BBD,
5f57552f-b78b-497e-a234-10cc9446a9b6,2025-05-20 12:33:32,2025-05-20 13:17:43,2025-05-20 08:33:32,2025-05-20 09:17:43,America/Barbados,44.18,3.92,16.8,28.1,22.7,03c821d6-6274-427c-937a-ad91c6bc020d,MP-025,51210097772981,03c821d6-6274-427c-937a-ad91c6bc020d.1,CCS_2,25.0,79b72a61-f5ca-433f-b824-0c7df1204859,Massy Warrens,Massy Warrens - Massy Stores Supercenter,Warrens,St. Michael,BB,,Massy,578dca79-afd1-4b04-816a-322a7067114b,0e411a7aae18e5bf462136072fec76ab,,,,,,SYSTEM,29.40,29.40,0.00,BBD,
909522ee-de61-4be3-bfa9-d6917c6c0eb5,2025-05-20 13:40:19,2025-05-20 16:09:07,2025-05-20 09:40:19,2025-05-20 12:09:07,America/Barbados,148.80,5.88,77.5,39.4,31.2,03c821d6-6274-427c-937a-ad91c6bc020d,MP-025,51210097772981,03c821d6-6274-427c-937a-ad91c6bc020d.1,CCS_2,25.0,79b72a61-f5ca-433f-b824-0c7df1204859,Massy Warrens,Massy Warrens - Massy Stores Supercenter,Warrens,St. Michael,BB,,Massy,578dca79-afd1-4b04-816a-322a7067114b,7d7398a0946f2b90b1ea205cff1dcd36,,,,,,WEB_APP,135.63,135.63,0.00,BBD,
99c7d472-d6de-4394-ac8c-806b4d2f3f65,2025-05-20 21:32:43,2025-05-20 22:19:53,2025-05-20 17:32:43,2025-05-20 18:19:53,America/Barbados,47.17,0.53,21.9,33.8,27.8,03c821d6-6274-427c-937a-ad91c6bc020d,MP-025,51210097772981,03c821d6-6274-427c-937a-ad91c6bc020d.1,CCS_2,25.0,79b72a61-f5ca-433f-b824-0c7df1204859,Massy Warrens,Massy Warrens - Massy Stores Supercenter,Warrens,St. Michael,BB,,Massy,578dca79-afd1-4b04-816a-322a7067114b,de496c2b0c06805735691033fa5f0366,,,,,,SYSTEM,38.33,38.33,0.00,BBD,
41e286ec-e45f-4d49-8959-ad6ccecdd4cb,2025-05-20 23:08:55,2025-05-21 00:53:25,2025-05-20 19:08:55,2025-05-20 20:53:25,America/Barbados,104.50,11.45,39.6,42.0,23.0,03c821d6-6274-427c-937a-ad91c6bc020d,MP-025,51210097772981,03c821d6-6274-427c-937a-ad91c6bc020d.1,CCS_2,25.0,79b72a61-f5ca-433f-b824-0c7df1204859,Massy Warrens,Massy Warrens - Massy Stores Supercenter,Warrens,St. Michael,BB,,Massy,578dca79-afd1-4b04-816a-322a7067114b,677d88bb83a91963e061ae8a70c86a51,,,,,545e7042-ec87-4932-88ff-b50d3666c9af,RFID,69.30,69.30,0.00,BBD,
27a2a151-98ba-4e72-87eb-076dbd5e31f5,2025-05-21 06:22:36,2025-05-21 06:22:36,2025-05-21 02:22:36,2025-05-21 02:22:36,America/Barbados,0.00,0.00,0.0,0.0,0.0,03c821d6-6274-427c-937a-ad91c6bc020d,MP-025,51210097772981,03c821d6-6274-427c-937a-ad91c6bc020d.1,CCS_2,25.0,79b72a61-f5ca-433f-b824-0c7df1204859,Massy Warrens,Massy Warrens - Massy Stores Supercenter,Warrens,St. Michael,BB,,Massy,578dca79-afd1-4b04-816a-322a7067114b,35b6f6f99ae2087ef24aff4869dea359,,,,,,RFID,0.00,0.00,0.00,BBD,
4781ae8d-7ccf-4a2b-8c81-a9d9cf6807b5,2025-05-20 15:28:08,2025-05-21 12:20:38,2025-05-20 11:28:08,2025-05-21 08:20:38,America/Barbados,1252.50,712.45,32.4,4.0,3.6,8d27dae5-8d1f-48d0-bfe1-8875d5d568a5,MP-0079,M5012464-2,8d27dae5-8d1f-48d0-bfe1-8875d5d568a5.2,TYPE_2,22.0,1977c2c7-cd44-4e6f-a827-370cd9aad5bd,Massy Sunset Crest,"Massy Stores Supercenter, Sunset Crest",Holetown,St James,BB,,Massy,578dca79-afd1-4b04-816a-322a7067114b,91eea880ab7f2ca51fa7d2a0ebe5d341,,,,,0fe44e40-d6bc-438c-9f7b-d0e5cefe2f0b,RFID,0.00,0.00,0.00,BBD,
615c9c49-68b6-40a8-9406-d001c9613393,2025-05-21 11:46:21,2025-05-21 11:46:21,2025-05-21 07:46:21,2025-05-21 07:46:21,America/Barbados,0.00,0.00,0.0,0.0,0.0,03c821d6-6274-427c-937a-ad91c6bc020d,MP-025,51210097772981,03c821d6-6274-427c-937a-ad91c6bc020d.1,CCS_2,25.0,79b72a61-f5ca-433f-b824-0c7df1204859,Massy Warrens,Massy Warrens - Massy Stores Supercenter,Warrens,St. Michael,BB,,Massy,578dca79-afd1-4b04-816a-322a7067114b,03d1ce26fa49936b6e72eb9eafef6e3f,,,,,,RFID,0.00,0.00,0.00,BBD,
b914ac2b-efc5-4edf-b51e-af24e444fb5e,2025-05-21 16:10:46,2025-05-21 17:40:34,2025-05-21 12:10:46,2025-05-21 13:40:34,America/Barbados,89.80,3.20,41.5,33.8,27.8,03c821d6-6274-427c-937a-ad91c6bc020d,MP-025,51210097772981,03c821d6-6274-427c-937a-ad91c6bc020d.1,CCS_2,25.0,79b72a61-f5ca-433f-b824-0c7df1204859,Massy Warrens,Massy Warrens - Massy Stores Supercenter,Warrens,St. Michael,BB,,Massy,578dca79-afd1-4b04-816a-322a7067114b,d01f8298c4aa0be4b825cec87e3512c6,,,,,7c802f13-3acc-4c06-8717-a63c9d015e7e,RFID,72.63,72.63,0.00,BBD,
74c636d6-c3c8-445f-9563-16fb699ac501,2025-05-21 19:07:01,2025-05-21 21:44:38,2025-05-21 15:07:01,2025-05-21 17:44:38,America/Barbados,157.62,22.15,58.9,354.2,25.0,03c821d6-6274-427c-937a-ad91c6bc020d,MP-025,51210097772981,03c821d6-6274-427c-937a-ad91c6bc020d.1,CCS_2,25.0,79b72a61-f5ca-433f-b824-0c7df1204859,Massy Warrens,Massy Warrens - Massy Stores Supercenter,Warrens,St. Michael,BB,,Massy,578dca79-afd1-4b04-816a-322a7067114b,9524292787ec90c1c0d210497cc1166e,,,,,81c772bc-95b4-494a-b120-9b72e065fadc,RFID,103.08,103.08,0.00,BBD,
27b5f863-75a5-4fa1-8ee8-90f02e3c2f17,2025-05-21 22:58:24,2025-05-21 23:34:05,2025-05-21 18:58:24,2025-05-21 19:34:05,America/Barbados,35.68,0.53,15.1,28.1,25.5,03c821d6-6274-427c-937a-ad91c6bc020d,MP-025,51210097772981,03c821d6-6274-427c-937a-ad91c6bc020d.1,CCS_2,25.0,79b72a61-f5ca-433f-b824-0c7df1204859,Massy Warrens,Massy Warrens - Massy Stores Supercenter,Warrens,St. Michael,BB,,Massy,578dca79-afd1-4b04-816a-322a7067114b,9a0aa3c4b0310980ab78bd4ad3e6744a,,,,,8c7a084b-ebbc-4912-b13b-4783148e94ff,RFID,26.43,26.43,0.00,BBD,
dc7aecdb-7946-4414-8c19-a00f671334c1,2025-05-22 16:23:16,2025-05-22 17:12:36,2025-05-22 12:23:16,2025-05-22 13:12:36,America/Barbados,49.33,1.08,20.2,28.1,24.6,03c821d6-6274-427c-937a-ad91c6bc020d,MP-025,51210097772981,03c821d6-6274-427c-937a-ad91c6bc020d.1,CCS_2,25.0,79b72a61-f5ca-433f-b824-0c7df1204859,Massy Warrens,Massy Warrens - Massy Stores Supercenter,Warrens,St. Michael,BB,,Massy,578dca79-afd1-4b04-816a-322a7067114b,f281ff7c649a1d85b0b7b7ed1b4768ca,,,,,,SYSTEM,35.35,35.35,0.00,BBD,
c9158eb1-ee34-4f31-9c2d-67c510336202,2025-05-23 00:41:24,2025-05-23 00:41:24,2025-05-22 20:41:24,2025-05-22 20:41:24,America/Barbados,0.00,0.00,0.0,0.0,0.0,03c821d6-6274-427c-937a-ad91c6bc020d,MP-025,51210097772981,03c821d6-6274-427c-937a-ad91c6bc020d.1,CCS_2,25.0,79b72a61-f5ca-433f-b824-0c7df1204859,Massy Warrens,Massy Warrens - Massy Stores Supercenter,Warrens,St. Michael,BB,,Massy,578dca79-afd1-4b04-816a-322a7067114b,677d88bb83a91963e061ae8a70c86a51,,,,,,RFID,0.00,0.00,0.00,BBD,
d0572dc1-fdf0-4fbc-a8e4-ffbee1cd3ef1,2025-05-23 11:31:21,2025-05-23 12:04:08,2025-05-23 07:31:21,2025-05-23 08:04:08,America/Barbados,32.78,0.00,15.0,0.0,0.0,03c821d6-6274-427c-937a-ad91c6bc020d,MP-025,51210097772981,03c821d6-6274-427c-937a-ad91c6bc020d.1,CCS_2,25.0,79b72a61-f5ca-433f-b824-0c7df1204859,Massy Warrens,Massy Warrens - Massy Stores Supercenter,Warrens,St. Michael,BB,,Massy,578dca79-afd1-4b04-816a-322a7067114b,d01f8298c4aa0be4b825cec87e3512c6,,,,,7c802f13-3acc-4c06-8717-a63c9d015e7e,RFID,26.25,26.25,0.00,BBD,
80df857e-2600-440a-ba90-4dcb1672d174,2025-05-23 19:38:27,2025-05-23 20:12:07,2025-05-23 15:38:27,2025-05-23 16:12:07,America/Barbados,33.67,0.00,3.6,9.2,6.8,8d27dae5-8d1f-48d0-bfe1-8875d5d568a5,MP-0079,M5012464-2,8d27dae5-8d1f-48d0-bfe1-8875d5d568a5.1,TYPE_2,22.0,1977c2c7-cd44-4e6f-a827-370cd9aad5bd,Massy Sunset Crest,"Massy Stores Supercenter, Sunset Crest",Holetown,St James,BB,,Massy,578dca79-afd1-4b04-816a-322a7067114b,d094140c914a0230b6a3c3c35ba1c158,,,,,18d39925-7b1f-4232-b364-e41448dcf7bd,RFID,5.40,5.40,0.00,BBD,
8ca87e03-b49d-4338-a939-2d5c8b6220bd,2025-05-23 15:27:28,2025-05-23 15:27:28,2025-05-23 11:27:28,2025-05-23 11:27:28,America/Barbados,0.00,0.00,0.0,0.0,0.0,03c821d6-6274-427c-937a-ad91c6bc020d,MP-025,51210097772981,03c821d6-6274-427c-937a-ad91c6bc020d.1,CCS_2,25.0,79b72a61-f5ca-433f-b824-0c7df1204859,Massy Warrens,Massy Warrens - Massy Stores Supercenter,Warrens,St. Michael,BB,,Massy,578dca79-afd1-4b04-816a-322a7067114b,53c3e7f13adc18ac7473c99ec64d56c5,,,,,,RFID,0.00,0.00,0.00,BBD,
ed682fc6-1908-4543-8c77-806723a1ded2,2025-05-23 21:05:21,2025-05-23 23:28:19,2025-05-23 17:05:21,2025-05-23 19:28:19,America/Barbados,142.97,1.93,57.1,28.1,24.7,03c821d6-6274-427c-937a-ad91c6bc020d,MP-025,51210097772981,03c821d6-6274-427c-937a-ad91c6bc020d.2,CHADEMO,25.0,79b72a61-f5ca-433f-b824-0c7df1204859,Massy Warrens,Massy Warrens - Massy Stores Supercenter,Warrens,St. Michael,BB,,Massy,578dca79-afd1-4b04-816a-322a7067114b,8f8a1bc53cfa9904f8ceebad0a28992a,,,,,2b43a680-6c0f-4d9c-937d-40d2fa634566,RFID,99.93,99.93,0.00,BBD,
885cf524-da98-4cb0-9695-56440e2dff9d,2025-05-24 00:13:44,2025-05-24 01:57:19,2025-05-23 20:13:44,2025-05-23 21:57:19,America/Barbados,103.58,2.78,44.1,37.6,25.6,03c821d6-6274-427c-937a-ad91c6bc020d,MP-025,51210097772981,03c821d6-6274-427c-937a-ad91c6bc020d.1,CCS_2,25.0,79b72a61-f5ca-433f-b824-0c7df1204859,Massy Warrens,Massy Warrens - Massy Stores Supercenter,Warrens,St. Michael,BB,,Massy,578dca79-afd1-4b04-816a-322a7067114b,4df9c2d386f9bad2c1558ef9674edfdb,,,,,cfb2a15d-c3ab-477a-b0c5-e81228d7ae3c,RFID,77.18,77.18,0.00,BBD,
1d12d9ea-6dde-4e38-ac04-b80d01030ceb,2025-05-24 03:35:03,2025-05-24 05:02:36,2025-05-23 23:35:03,2025-05-24 01:02:36,America/Barbados,87.55,1.33,37.2,72.0,26.0,03c821d6-6274-427c-937a-ad91c6bc020d,MP-025,51210097772981,03c821d6-6274-427c-937a-ad91c6bc020d.1,CCS_2,25.0,79b72a61-f5ca-433f-b824-0c7df1204859,Massy Warrens,Massy Warrens - Massy Stores Supercenter,Warrens,St. Michael,BB,,Massy,578dca79-afd1-4b04-816a-322a7067114b,40a16d94208fdc757cd189b90808792e,,,,,,SYSTEM,65.10,65.10,0.00,BBD,
5feee384-415b-48f0-b6b3-c4c2390051f3,2025-05-24 10:30:12,2025-05-24 11:31:51,2025-05-24 06:30:12,2025-05-24 07:31:51,America/Barbados,61.65,7.80,22.3,28.1,20.9,03c821d6-6274-427c-937a-ad91c6bc020d,MP-025,51210097772981,03c821d6-6274-427c-937a-ad91c6bc020d.1,CCS_2,25.0,79b72a61-f5ca-433f-b824-0c7df1204859,Massy Warrens,Massy Warrens - Massy Stores Supercenter,Warrens,St. Michael,BB,,Massy,578dca79-afd1-4b04-816a-322a7067114b,dd4c88acde25753674e21b473fe166ef,,,,,033b321f-9ea1-4604-93a9-0160f0c2ca9c,RFID,39.03,39.03,0.00,BBD,
8544e79d-7419-4d43-8f2c-30e15b54c523,2025-05-24 16:42:18,2025-05-24 16:42:18,2025-05-24 12:42:18,2025-05-24 12:42:18,America/Barbados,0.00,0.00,0.0,0.0,0.0,03c821d6-6274-427c-937a-ad91c6bc020d,MP-025,51210097772981,03c821d6-6274-427c-937a-ad91c6bc020d.2,CHADEMO,25.0,79b72a61-f5ca-433f-b824-0c7df1204859,Massy Warrens,Massy Warrens - Massy Stores Supercenter,Warrens,St. Michael,BB,,Massy,578dca79-afd1-4b04-816a-322a7067114b,564363f1092f00b6d8b93b0dffe923e8,,,,,,RFID,0.00,0.00,0.00,BBD,
93a1256f-5126-40a3-99c4-39e9e7c1d809,2025-05-24 19:30:47,2025-05-24 21:06:41,2025-05-24 15:30:47,2025-05-24 17:06:41,America/Barbados,95.90,13.22,37.0,33.8,23.4,03c821d6-6274-427c-937a-ad91c6bc020d,MP-025,51210097772981,03c821d6-6274-427c-937a-ad91c6bc020d.1,CCS_2,25.0,79b72a61-f5ca-433f-b824-0c7df1204859,Massy Warrens,Massy Warrens - Massy Stores Supercenter,Warrens,St. Michael,BB,,Massy,578dca79-afd1-4b04-816a-322a7067114b,11767201bead19330121c619c3a397d5,,,,,,SYSTEM,64.75,64.75,0.00,BBD,
14fca082-9f6a-435a-948a-a8b8343052ed,2025-05-24 22:11:50,2025-05-24 23:20:44,2025-05-24 18:11:50,2025-05-24 19:20:44,America/Barbados,68.90,0.80,29.0,56.6,25.5,03c821d6-6274-427c-937a-ad91c6bc020d,MP-025,51210097772981,03c821d6-6274-427c-937a-ad91c6bc020d.1,CCS_2,25.0,79b72a61-f5ca-433f-b824-0c7df1204859,Massy Warrens,Massy Warrens - Massy Stores Supercenter,Warrens,St. Michael,BB,,Massy,578dca79-afd1-4b04-816a-322a7067114b,d45665f78778ca4bfb268dfc83eb44dd,,,,,2bfce24b-7abd-4e45-a6ea-5ecc96992331,RFID,50.75,50.75,0.00,BBD,
825aeeef-dd2e-492c-a3f8-f7ea01b2cf11,2025-05-25 00:08:17,2025-05-25 01:18:53,2025-05-24 20:08:17,2025-05-24 21:18:53,America/Barbados,70.60,1.87,29.7,80.0,26.1,03c821d6-6274-427c-937a-ad91c6bc020d,MP-025,51210097772981,03c821d6-6274-427c-937a-ad91c6bc020d.1,CCS_2,25.0,79b72a61-f5ca-433f-b824-0c7df1204859,Massy Warrens,Massy Warrens - Massy Stores Supercenter,Warrens,St. Michael,BB,,Massy,578dca79-afd1-4b04-816a-322a7067114b,5911ffba106a13f8c146db3cc5fdaaf2,,,,,f4154aa6-6205-47f5-bff4-856043d935c8,RFID,51.98,51.98,0.00,BBD,
7afebf6e-28d5-434b-b874-6bf373a9fd38,2025-05-25 10:51:59,2025-05-25 11:36:17,2025-05-25 06:51:59,2025-05-25 07:36:17,America/Barbados,44.30,1.63,18.1,76.1,25.7,03c821d6-6274-427c-937a-ad91c6bc020d,MP-025,51210097772981,03c821d6-6274-427c-937a-ad91c6bc020d.1,CCS_2,25.0,79b72a61-f5ca-433f-b824-0c7df1204859,Massy Warrens,Massy Warrens - Massy Stores Supercenter,Warrens,St. Michael,BB,,Massy,578dca79-afd1-4b04-816a-322a7067114b,d453d2a25df7ffae24023c2de6e302c4,,,,,482acb3d-7cac-4bf8-be36-4a082efc95eb,RFID,15.84,15.84,0.00,BBD,
e77b5701-2bcd-4ce3-a6cb-a324e5e51df7,2025-05-25 14:17:46,2025-05-25 15:25:20,2025-05-25 10:17:46,2025-05-25 11:25:20,America/Barbados,67.57,0.92,36.0,39.4,32.0,03c821d6-6274-427c-937a-ad91c6bc020d,MP-025,51210097772981,03c821d6-6274-427c-937a-ad91c6bc020d.1,CCS_2,25.0,79b72a61-f5ca-433f-b824-0c7df1204859,Massy Warrens,Massy Warrens - Massy Stores Supercenter,Warrens,St. Michael,BB,,Massy,578dca79-afd1-4b04-816a-322a7067114b,7d7398a0946f2b90b1ea205cff1dcd36,,,,,,WEB_APP,63.00,63.00,0.00,BBD,
f47c54f9-33f8-45da-a11f-30ea480f90cc,2025-05-25 15:27:37,2025-05-25 16:42:49,2025-05-25 11:27:37,2025-05-25 12:42:49,America/Barbados,75.20,0.53,40.2,39.4,32.2,03c821d6-6274-427c-937a-ad91c6bc020d,MP-025,51210097772981,03c821d6-6274-427c-937a-ad91c6bc020d.1,CCS_2,25.0,79b72a61-f5ca-433f-b824-0c7df1204859,Massy Warrens,Massy Warrens - Massy Stores Supercenter,Warrens,St. Michael,BB,,Massy,578dca79-afd1-4b04-816a-322a7067114b,b01bfccb48449dfee18ccc8179ef87ca,,,,,40bfbc24-8d65-4d85-90f4-fed8f7333151,RFID,70.35,70.35,0.00,BBD,
b6d20b47-2350-4951-9a31-99a40e5f5e70,2025-05-25 19:56:44,2025-05-25 20:34:48,2025-05-25 15:56:44,2025-05-25 16:34:48,America/Barbados,38.07,0.80,16.0,188.6,31.2,03c821d6-6274-427c-937a-ad91c6bc020d,MP-025,51210097772981,03c821d6-6274-427c-937a-ad91c6bc020d.1,CCS_2,25.0,79b72a61-f5ca-433f-b824-0c7df1204859,Massy Warrens,Massy Warrens - Massy Stores Supercenter,Warrens,St. Michael,BB,,Massy,578dca79-afd1-4b04-816a-322a7067114b,6be63789cf5b91884a371cf338afa67e,,,,,0981d8af-d967-4317-931a-2e4de62f2195,RFID,28.00,28.00,0.00,BBD,
bf3af7cf-81c1-4b19-ad0b-b240c9d4d2be,2025-05-25 19:28:36,2025-05-25 19:28:36,2025-05-25 15:28:36,2025-05-25 15:28:36,America/Barbados,0.00,0.00,0.0,0.0,0.0,03c821d6-6274-427c-937a-ad91c6bc020d,MP-025,51210097772981,03c821d6-6274-427c-937a-ad91c6bc020d.2,CHADEMO,25.0,79b72a61-f5ca-433f-b824-0c7df1204859,Massy Warrens,Massy Warrens - Massy Stores Supercenter,Warrens,St. Michael,BB,,Massy,578dca79-afd1-4b04-816a-322a7067114b,564363f1092f00b6d8b93b0dffe923e8,,,,,,RFID,0.00,0.00,0.00,BBD,
423dc7ec-eac5-42c3-b8fd-7307914d243d,2025-05-25 21:53:36,2025-05-25 23:58:08,2025-05-25 17:53:36,2025-05-25 19:58:08,America/Barbados,124.53,10.67,48.5,28.1,23.3,03c821d6-6274-427c-937a-ad91c6bc020d,MP-025,51210097772981,03c821d6-6274-427c-937a-ad91c6bc020d.1,CCS_2,25.0,79b72a61-f5ca-433f-b824-0c7df1204859,Massy Warrens,Massy Warrens - Massy Stores Supercenter,Warrens,St. Michael,BB,,Massy,578dca79-afd1-4b04-816a-322a7067114b,677d88bb83a91963e061ae8a70c86a51,,,,,545e7042-ec87-4932-88ff-b50d3666c9af,RFID,84.88,84.88,0.00,BBD,
81eab897-b6d6-45d2-a029-d259d814eaa1,2025-05-26 01:48:52,2025-05-26 02:39:37,2025-05-25 21:48:52,2025-05-25 22:39:37,America/Barbados,50.75,13.70,14.9,28.1,17.9,03c821d6-6274-427c-937a-ad91c6bc020d,MP-025,51210097772981,03c821d6-6274-427c-937a-ad91c6bc020d.1,CCS_2,25.0,79b72a61-f5ca-433f-b824-0c7df1204859,Massy Warrens,Massy Warrens - Massy Stores Supercenter,Warrens,St. Michael,BB,,Massy,578dca79-afd1-4b04-816a-322a7067114b,40a16d94208fdc757cd189b90808792e,,,,,,SYSTEM,26.08,26.08,0.00,BBD,
dde48c26-aae8-4a7f-b97b-f59ecf128c14,2025-05-26 08:38:16,2025-05-26 09:11:06,2025-05-26 04:38:16,2025-05-26 05:11:06,America/Barbados,32.83,9.38,9.4,28.1,17.2,03c821d6-6274-427c-937a-ad91c6bc020d,MP-025,51210097772981,03c821d6-6274-427c-937a-ad91c6bc020d.1,CCS_2,25.0,79b72a61-f5ca-433f-b824-0c7df1204859,Massy Warrens,Massy Warrens - Massy Stores Supercenter,Warrens,St. Michael,BB,,Massy,578dca79-afd1-4b04-816a-322a7067114b,dd4c88acde25753674e21b473fe166ef,,,,,,SYSTEM,16.45,16.45,0.00,BBD,
064e5b1a-6a96-4650-942e-fc7a3fa23556,2025-05-26 19:19:15,2025-05-26 19:42:21,2025-05-26 15:19:15,2025-05-26 15:42:21,America/Barbados,23.10,2.40,8.6,28.1,22.5,03c821d6-6274-427c-937a-ad91c6bc020d,MP-025,51210097772981,03c821d6-6274-427c-937a-ad91c6bc020d.2,CHADEMO,25.0,79b72a61-f5ca-433f-b824-0c7df1204859,Massy Warrens,Massy Warrens - Massy Stores Supercenter,Warrens,St. Michael,BB,,Massy,578dca79-afd1-4b04-816a-322a7067114b,85238d638918d8b6ce011cd702d78404,,,,,,SYSTEM,15.05,15.05,0.00,BBD,
b1b4d1ed-4c67-4156-9e56-1d50c0e7d233,2025-05-27 10:19:15,2025-05-27 11:13:36,2025-05-27 06:19:15,2025-05-27 07:13:36,America/Barbados,54.35,0.53,23.2,28.1,25.6,03c821d6-6274-427c-937a-ad91c6bc020d,MP-025,51210097772981,03c821d6-6274-427c-937a-ad91c6bc020d.1,CCS_2,25.0,79b72a61-f5ca-433f-b824-0c7df1204859,Massy Warrens,Massy Warrens - Massy Stores Supercenter,Warrens,St. Michael,BB,,Massy,578dca79-afd1-4b04-816a-322a7067114b,4ca0e8c110ac2fd4129a876ba0c5cb86,,,,,,SYSTEM,40.60,40.60,0.00,BBD,
26d663d9-9d1d-42a9-91a9-c204e49fa1db,2025-05-27 12:18:59,2025-05-27 13:04:21,2025-05-27 08:18:59,2025-05-27 09:04:21,America/Barbados,45.37,9.10,15.0,28.1,19.8,03c821d6-6274-427c-937a-ad91c6bc020d,MP-025,51210097772981,03c821d6-6274-427c-937a-ad91c6bc020d.1,CCS_2,25.0,79b72a61-f5ca-433f-b824-0c7df1204859,Massy Warrens,Massy Warrens - Massy Stores Supercenter,Warrens,St. Michael,BB,,Massy,578dca79-afd1-4b04-816a-322a7067114b,0e411a7aae18e5bf462136072fec76ab,,,,,,SYSTEM,26.25,26.25,0.00,BBD,
13291a60-e474-4785-b0ce-7ca5e9a4dbde,2025-05-27 14:45:18,2025-05-27 16:06:00,2025-05-27 10:45:18,2025-05-27 12:06:00,America/Barbados,80.70,1.78,33.9,144.0,26.7,03c821d6-6274-427c-937a-ad91c6bc020d,MP-025,51210097772981,03c821d6-6274-427c-937a-ad91c6bc020d.1,CCS_2,25.0,79b72a61-f5ca-433f-b824-0c7df1204859,Massy Warrens,Massy Warrens - Massy Stores Supercenter,Warrens,St. Michael,BB,,Massy,578dca79-afd1-4b04-816a-322a7067114b,5911ffba106a13f8c146db3cc5fdaaf2,,,,,f4154aa6-6205-47f5-bff4-856043d935c8,RFID,59.33,59.33,0.00,BBD,
6bc04e46-09d9-4dc3-b633-cd7f3a149ede,2025-05-27 16:07:38,2025-05-27 16:07:38,2025-05-27 12:07:38,2025-05-27 12:07:38,America/Barbados,0.00,0.00,0.0,0.0,0.0,03c821d6-6274-427c-937a-ad91c6bc020d,MP-025,51210097772981,03c821d6-6274-427c-937a-ad91c6bc020d.1,CCS_2,25.0,79b72a61-f5ca-433f-b824-0c7df1204859,Massy Warrens,Massy Warrens - Massy Stores Supercenter,Warrens,St. Michael,BB,,Massy,578dca79-afd1-4b04-816a-322a7067114b,5911ffba106a13f8c146db3cc5fdaaf2,,,,,,RFID,0.00,0.00,0.00,BBD,
9d6d343a-c89c-46a8-9c7e-4a0499699b01,2025-05-27 16:11:45,2025-05-27 18:57:10,2025-05-27 12:11:45,2025-05-27 14:57:10,America/Barbados,165.42,1.68,76.6,5830.4,81.6,03c821d6-6274-427c-937a-ad91c6bc020d,MP-025,51210097772981,03c821d6-6274-427c-937a-ad91c6bc020d.1,CCS_2,25.0,79b72a61-f5ca-433f-b824-0c7df1204859,Massy Warrens,Massy Warrens - Massy Stores Supercenter,Warrens,St. Michael,BB,,Massy,578dca79-afd1-4b04-816a-322a7067114b,35b6f6f99ae2087ef24aff4869dea359,,,,,9210ee0a-d99f-4855-9c03-cdf9ee6fab7d,RFID,134.05,134.05,0.00,BBD,
64a481c3-27dd-47e1-95f7-6a88211e5175,2025-05-27 21:42:31,2025-05-27 23:12:08,2025-05-27 17:42:31,2025-05-27 19:12:08,America/Barbados,89.62,11.75,33.2,192.7,24.3,03c821d6-6274-427c-937a-ad91c6bc020d,MP-025,51210097772981,03c821d6-6274-427c-937a-ad91c6bc020d.1,CCS_2,25.0,79b72a61-f5ca-433f-b824-0c7df1204859,Massy Warrens,Massy Warrens - Massy Stores Supercenter,Warrens,St. Michael,BB,,Massy,578dca79-afd1-4b04-816a-322a7067114b,677d88bb83a91963e061ae8a70c86a51,,,,,545e7042-ec87-4932-88ff-b50d3666c9af,RFID,58.10,58.10,0.00,BBD,
c8ecb99d-c0ce-4f62-8597-37f88ee196e9,2025-05-28 10:05:51,2025-05-28 10:41:28,2025-05-28 06:05:51,2025-05-28 06:41:28,America/Barbados,35.62,1.33,18.7,248.3,40.9,03c821d6-6274-427c-937a-ad91c6bc020d,MP-025,51210097772981,03c821d6-6274-427c-937a-ad91c6bc020d.1,CCS_2,25.0,79b72a61-f5ca-433f-b824-0c7df1204859,Massy Warrens,Massy Warrens - Massy Stores Supercenter,Warrens,St. Michael,BB,,Massy,578dca79-afd1-4b04-816a-322a7067114b,d453d2a25df7ffae24023c2de6e302c4,,,,,482acb3d-7cac-4bf8-be36-4a082efc95eb,RFID,16.36,16.36,0.00,BBD,
ef590570-37cb-4e94-9353-808c2429c7f4,2025-05-28 17:42:40,2025-05-28 18:53:01,2025-05-28 13:42:40,2025-05-28 14:53:01,America/Barbados,70.35,0.80,29.9,37.2,25.7,03c821d6-6274-427c-937a-ad91c6bc020d,MP-025,51210097772981,03c821d6-6274-427c-937a-ad91c6bc020d.1,CCS_2,25.0,79b72a61-f5ca-433f-b824-0c7df1204859,Massy Warrens,Massy Warrens - Massy Stores Supercenter,Warrens,St. Michael,BB,,Massy,578dca79-afd1-4b04-816a-322a7067114b,d9ac14dcfeeb81692e375c0a863a5adc,,,,,966a5929-4bde-45f1-917b-159abcfa7ae8,RFID,52.33,52.33,0.00,BBD,
b21ef8ab-ff43-45e7-bcff-bce95dbab415,2025-05-28 21:00:22,2025-05-28 21:54:30,2025-05-28 17:00:22,2025-05-28 17:54:30,America/Barbados,54.14,1.33,22.4,28.1,25.6,03c821d6-6274-427c-937a-ad91c6bc020d,MP-025,51210097772981,03c821d6-6274-427c-937a-ad91c6bc020d.1,CCS_2,25.0,79b72a61-f5ca-433f-b824-0c7df1204859,Massy Warrens,Massy Warrens - Massy Stores Supercenter,Warrens,St. Michael,BB,,Massy,578dca79-afd1-4b04-816a-322a7067114b,d45665f78778ca4bfb268dfc83eb44dd,,,,,2bfce24b-7abd-4e45-a6ea-5ecc96992331,RFID,39.20,39.20,0.00,BBD,
3d5cb77c-090d-4fc6-9b0a-b822df4043c0,2025-05-29 05:20:19,2025-05-29 06:12:56,2025-05-29 01:20:19,2025-05-29 02:12:56,America/Barbados,52.62,0.62,22.2,28.1,25.3,03c821d6-6274-427c-937a-ad91c6bc020d,MP-025,51210097772981,03c821d6-6274-427c-937a-ad91c6bc020d.1,CCS_2,25.0,79b72a61-f5ca-433f-b824-0c7df1204859,Massy Warrens,Massy Warrens - Massy Stores Supercenter,Warrens,St. Michael,BB,,Massy,578dca79-afd1-4b04-816a-322a7067114b,40a16d94208fdc757cd189b90808792e,,,,,,SYSTEM,38.85,38.85,0.00,BBD,
2184a5a9-b87f-4cd1-b6a6-5d72a6598b59,2025-05-29 17:57:27,2025-05-29 18:24:44,2025-05-29 13:57:27,2025-05-29 14:24:44,America/Barbados,27.28,0.00,12.0,45.0,27.0,03c821d6-6274-427c-937a-ad91c6bc020d,MP-025,51210097772981,03c821d6-6274-427c-937a-ad91c6bc020d.1,CCS_2,25.0,79b72a61-f5ca-433f-b824-0c7df1204859,Massy Warrens,Massy Warrens - Massy Stores Supercenter,Warrens,St. Michael,BB,,Massy,578dca79-afd1-4b04-816a-322a7067114b,03d1ce26fa49936b6e72eb9eafef6e3f,,,,,97fceca9-6706-421a-89f2-0f307f042c89,RFID,21.00,21.00,0.00,BBD,
2f2ab95f-dc5e-4281-ac7d-b8609ebfe304,2025-05-29 12:33:26,2025-05-29 12:33:26,2025-05-29 08:33:26,2025-05-29 08:33:26,America/Barbados,0.00,0.00,0.0,0.0,0.0,03c821d6-6274-427c-937a-ad91c6bc020d,MP-025,51210097772981,03c821d6-6274-427c-937a-ad91c6bc020d.2,CHADEMO,25.0,79b72a61-f5ca-433f-b824-0c7df1204859,Massy Warrens,Massy Warrens - Massy Stores Supercenter,Warrens,St. Michael,BB,,Massy,578dca79-afd1-4b04-816a-322a7067114b,8f8a1bc53cfa9904f8ceebad0a28992a,,,,,,RFID,0.00,0.00,0.00,BBD,
2bc1d3d3-77e6-40a0-a5da-2cf57ecc49cf,2025-05-29 22:08:20,2025-05-29 23:49:09,2025-05-29 18:08:20,2025-05-29 19:49:09,America/Barbados,100.82,10.68,38.3,221.9,25.0,03c821d6-6274-427c-937a-ad91c6bc020d,MP-025,51210097772981,03c821d6-6274-427c-937a-ad91c6bc020d.1,CCS_2,25.0,79b72a61-f5ca-433f-b824-0c7df1204859,Massy Warrens,Massy Warrens - Massy Stores Supercenter,Warrens,St. Michael,BB,,Massy,578dca79-afd1-4b04-816a-322a7067114b,677d88bb83a91963e061ae8a70c86a51,,,,,545e7042-ec87-4932-88ff-b50d3666c9af,RFID,67.03,67.03,0.00,BBD,
85c0c2f8-1a9c-49e8-bcf3-e3995d9f908b,2025-05-30 00:55:58,2025-05-30 02:20:06,2025-05-29 20:55:58,2025-05-29 22:20:06,America/Barbados,84.13,0.67,38.5,33.8,27.5,03c821d6-6274-427c-937a-ad91c6bc020d,MP-025,51210097772981,03c821d6-6274-427c-937a-ad91c6bc020d.1,CCS_2,25.0,79b72a61-f5ca-433f-b824-0c7df1204859,Massy Warrens,Massy Warrens - Massy Stores Supercenter,Warrens,St. Michael,BB,,Massy,578dca79-afd1-4b04-816a-322a7067114b,53619d54a63c08cef3753b1b3bbb5914,,,,,,SYSTEM,67.38,67.38,0.00,BBD,
d0aaa8d3-7f17-44dd-a040-8a9869d9b318,2025-05-30 09:44:43,2025-05-30 11:33:32,2025-05-30 05:44:43,2025-05-30 07:33:32,America/Barbados,108.82,0.82,48.7,33.8,27.4,03c821d6-6274-427c-937a-ad91c6bc020d,MP-025,51210097772981,03c821d6-6274-427c-937a-ad91c6bc020d.1,CCS_2,25.0,79b72a61-f5ca-433f-b824-0c7df1204859,Massy Warrens,Massy Warrens - Massy Stores Supercenter,Warrens,St. Michael,BB,,Massy,578dca79-afd1-4b04-816a-322a7067114b,03d1ce26fa49936b6e72eb9eafef6e3f,,,,,97fceca9-6706-421a-89f2-0f307f042c89,RFID,85.23,85.23,0.00,BBD,
d37f16ce-8bc5-4a00-a6e4-f33f9a19f01b,2025-05-30 12:34:14,2025-05-30 13:20:14,2025-05-30 08:34:14,2025-05-30 09:20:14,America/Barbados,46.00,0.00,17.2,0.0,0.0,03c821d6-6274-427c-937a-ad91c6bc020d,MP-025,51210097772981,03c821d6-6274-427c-937a-ad91c6bc020d.1,CCS_2,25.0,79b72a61-f5ca-433f-b824-0c7df1204859,Massy Warrens,Massy Warrens - Massy Stores Supercenter,Warrens,St. Michael,BB,,Massy,578dca79-afd1-4b04-816a-322a7067114b,b58b5b07674ec2cbf93f570547b26ce1,,,,,b23b088b-2ef1-4a43-aa7b-30a2abe9c056,RFID,30.10,30.10,0.00,BBD,
29548b8d-94f9-4564-b73d-a803df81e99a,2025-05-30 14:03:44,2025-05-30 14:39:49,2025-05-30 10:03:44,2025-05-30 10:39:49,America/Barbados,36.08,9.43,11.0,28.1,18.3,03c821d6-6274-427c-937a-ad91c6bc020d,MP-025,51210097772981,03c821d6-6274-427c-937a-ad91c6bc020d.1,CCS_2,25.0,79b72a61-f5ca-433f-b824-0c7df1204859,Massy Warrens,Massy Warrens - Massy Stores Supercenter,Warrens,St. Michael,BB,,Massy,578dca79-afd1-4b04-816a-322a7067114b,0e411a7aae18e5bf462136072fec76ab,,,,,,SYSTEM,19.25,19.25,0.00,BBD,
564f76ad-9277-4f09-9095-295a535845dc,2025-05-30 15:57:09,2025-05-30 16:52:34,2025-05-30 11:57:09,2025-05-30 12:52:34,America/Barbados,55.42,0.00,6.3,8.0,6.9,8d27dae5-8d1f-48d0-bfe1-8875d5d568a5,MP-0079,M5012464-2,8d27dae5-8d1f-48d0-bfe1-8875d5d568a5.2,TYPE_2,22.0,1977c2c7-cd44-4e6f-a827-370cd9aad5bd,Massy Sunset Crest,"Massy Stores Supercenter, Sunset Crest",Holetown,St James,BB,,Massy,578dca79-afd1-4b04-816a-322a7067114b,5db785efcfcd73808868808aba39d73c,,,,,8e63f50a-a4c1-4df2-a496-6cee7199212f,RFID,9.45,9.45,0.00,BBD,
6b032ec6-60c8-4a44-b65c-09ebc676356d,2025-05-30 19:47:28,2025-05-30 20:12:27,2025-05-30 15:47:28,2025-05-30 16:12:27,America/Barbados,24.98,1.27,10.5,28.1,25.0,03c821d6-6274-427c-937a-ad91c6bc020d,MP-025,51210097772981,03c821d6-6274-427c-937a-ad91c6bc020d.1,CCS_2,25.0,79b72a61-f5ca-433f-b824-0c7df1204859,Massy Warrens,Massy Warrens - Massy Stores Supercenter,Warrens,St. Michael,BB,,Massy,578dca79-afd1-4b04-816a-322a7067114b,dd4c88acde25753674e21b473fe166ef,,,,,,SYSTEM,18.38,18.38,0.00,BBD,
cc2cef02-82d3-4ebc-a582-935ae06394a3,2025-05-31 12:20:50,2025-05-31 15:07:25,2025-05-31 08:20:50,2025-05-31 11:07:25,America/Barbados,166.58,0.27,76.1,39.4,31.1,03c821d6-6274-427c-937a-ad91c6bc020d,MP-025,51210097772981,03c821d6-6274-427c-937a-ad91c6bc020d.1,CCS_2,25.0,79b72a61-f5ca-433f-b824-0c7df1204859,Massy Warrens,Massy Warrens - Massy Stores Supercenter,Warrens,St. Michael,BB,,Massy,578dca79-afd1-4b04-816a-322a7067114b,03d1ce26fa49936b6e72eb9eafef6e3f,,,,,97fceca9-6706-421a-89f2-0f307f042c89,RFID,133.18,133.18,0.00,BBD,
74d00081-0512-4f62-af85-c940c9311642,2025-05-31 15:38:10,2025-05-31 15:38:10,2025-05-31 11:38:10,2025-05-31 11:38:10,America/Barbados,0.00,0.00,0.0,0.0,0.0,03c821d6-6274-427c-937a-ad91c6bc020d,MP-025,51210097772981,03c821d6-6274-427c-937a-ad91c6bc020d.1,CCS_2,25.0,79b72a61-f5ca-433f-b824-0c7df1204859,Massy Warrens,Massy Warrens - Massy Stores Supercenter,Warrens,St. Michael,BB,,Massy,578dca79-afd1-4b04-816a-322a7067114b,6be63789cf5b91884a371cf338afa67e,,,,,,RFID,0.00,0.00,0.00,BBD,
ccdcc003-7b67-4b2a-8d5b-508671246794,2025-05-31 23:15:26,2025-06-01 00:03:00,2025-05-31 19:15:26,2025-05-31 20:03:00,America/Barbados,47.57,0.00,20.1,0.0,0.0,03c821d6-6274-427c-937a-ad91c6bc020d,MP-025,51210097772981,03c821d6-6274-427c-937a-ad91c6bc020d.1,CCS_2,25.0,79b72a61-f5ca-433f-b824-0c7df1204859,Massy Warrens,Massy Warrens - Massy Stores Supercenter,Warrens,St. Michael,BB,,Massy,578dca79-afd1-4b04-816a-322a7067114b,d45665f78778ca4bfb268dfc83eb44dd,,,,,2bfce24b-7abd-4e45-a6ea-5ecc96992331,RFID,35.18,35.18,0.00,BBD,
2179a6d5-80bd-42e1-bfd6-cda03ca55008,2025-06-01 00:54:09,2025-06-01 03:02:50,2025-05-31 20:54:09,2025-05-31 23:02:50,America/Barbados,128.68,10.55,50.1,28.1,23.1,03c821d6-6274-427c-937a-ad91c6bc020d,MP-025,51210097772981,03c821d6-6274-427c-937a-ad91c6bc020d.1,CCS_2,25.0,79b72a61-f5ca-433f-b824-0c7df1204859,Massy Warrens,Massy Warrens - Massy Stores Supercenter,Warrens,St. Michael,BB,,Massy,578dca79-afd1-4b04-816a-322a7067114b,677d88bb83a91963e061ae8a70c86a51,,,,,545e7042-ec87-4932-88ff-b50d3666c9af,RFID,87.68,87.68,0.00,BBD,
0493d32b-0c17-4de2-93b4-649520375b3b,2025-06-01 19:04:01,2025-06-01 22:03:32,2025-06-01 15:04:01,2025-06-01 18:03:32,America/Barbados,179.52,0.00,21.6,8.0,7.2,8d27dae5-8d1f-48d0-bfe1-8875d5d568a5,MP-0079,M5012464-2,8d27dae5-8d1f-48d0-bfe1-8875d5d568a5.1,TYPE_2,22.0,1977c2c7-cd44-4e6f-a827-370cd9aad5bd,Massy Sunset Crest,"Massy Stores Supercenter, Sunset Crest",Holetown,St James,BB,,Massy,578dca79-afd1-4b04-816a-322a7067114b,ce2ff17b1b2815c8618594a2b444cc2a,,,,,,SYSTEM,32.40,32.40,0.00,BBD,
566f1029-add6-4b84-b857-15035f249059,2025-06-01 20:33:13,2025-06-01 22:17:01,2025-06-01 16:33:13,2025-06-01 18:17:01,America/Barbados,103.80,1.42,43.9,116.5,26.2,03c821d6-6274-427c-937a-ad91c6bc020d,MP-025,51210097772981,03c821d6-6274-427c-937a-ad91c6bc020d.1,CCS_2,25.0,79b72a61-f5ca-433f-b824-0c7df1204859,Massy Warrens,Massy Warrens - Massy Stores Supercenter,Warrens,St. Michael,BB,,Massy,578dca79-afd1-4b04-816a-322a7067114b,a37650d10cfbec0b3a09686403b781b0,,,,,cd1a6858-23e4-44b4-86ef-6893b5e2c87d,RFID,76.83,76.83,0.00,BBD,
11c08c25-9451-4465-9ed1-11d5137fe8ba,2025-06-02 10:09:25,2025-06-02 10:09:25,2025-06-02 06:09:25,2025-06-02 06:09:25,America/Barbados,0.00,0.00,0.0,0.0,0.0,03c821d6-6274-427c-937a-ad91c6bc020d,MP-025,51210097772981,03c821d6-6274-427c-937a-ad91c6bc020d.1,CCS_2,25.0,79b72a61-f5ca-433f-b824-0c7df1204859,Massy Warrens,Massy Warrens - Massy Stores Supercenter,Warrens,St. Michael,BB,,Massy,578dca79-afd1-4b04-816a-322a7067114b,d453d2a25df7ffae24023c2de6e302c4,,,,,,RFID,0.00,0.00,0.00,BBD,
fa50f39f-7047-4750-9c5d-6a364d4dd3ca,2025-06-02 19:01:03,2025-06-02 20:01:38,2025-06-02 15:01:03,2025-06-02 16:01:38,America/Barbados,60.58,0.00,5.4,25.0,25.0,03c821d6-6274-427c-937a-ad91c6bc020d,MP-025,51210097772981,03c821d6-6274-427c-937a-ad91c6bc020d.1,CCS_2,25.0,79b72a61-f5ca-433f-b824-0c7df1204859,Massy Warrens,Massy Warrens - Massy Stores Supercenter,Warrens,St. Michael,BB,,Massy,578dca79-afd1-4b04-816a-322a7067114b,35b6f6f99ae2087ef24aff4869dea359,,,,,,RFID,9.39,9.39,0.00,BBD,
d670c53c-8ddf-4fdf-95dc-7bd90ede9b4f,2025-06-02 21:12:29,2025-06-02 21:47:01,2025-06-02 17:12:29,2025-06-02 17:47:01,America/Barbados,34.53,0.45,10.4,29.0,18.4,03c821d6-6274-427c-937a-ad91c6bc020d,MP-025,51210097772981,03c821d6-6274-427c-937a-ad91c6bc020d.1,CCS_2,25.0,79b72a61-f5ca-433f-b824-0c7df1204859,Massy Warrens,Massy Warrens - Massy Stores Supercenter,Warrens,St. Michael,BB,,Massy,578dca79-afd1-4b04-816a-322a7067114b,dd4c88acde25753674e21b473fe166ef,,,,,,SYSTEM,18.20,18.20,0.00,BBD,
6e358cf6-de77-405c-aa6e-393d8c624c17,2025-06-03 10:09:10,2025-06-03 10:09:10,2025-06-03 06:09:10,2025-06-03 06:09:10,America/Barbados,0.00,0.00,0.0,0.0,0.0,03c821d6-6274-427c-937a-ad91c6bc020d,MP-025,51210097772981,03c821d6-6274-427c-937a-ad91c6bc020d.1,CCS_2,25.0,79b72a61-f5ca-433f-b824-0c7df1204859,Massy Warrens,Massy Warrens - Massy Stores Supercenter,Warrens,St. Michael,BB,,Massy,578dca79-afd1-4b04-816a-322a7067114b,d453d2a25df7ffae24023c2de6e302c4,,,,,,RFID,0.00,0.00,0.00,BBD,
2d0d922b-b5b7-4962-8e9c-4deb83b43851,2025-06-03 18:07:24,2025-06-03 18:04:03,2025-06-03 14:07:24,2025-06-03 14:04:03,America/Barbados,11.02,0.00,3.9,29.0,22.0,03c821d6-6274-427c-937a-ad91c6bc020d,MP-025,51210097772981,03c821d6-6274-427c-937a-ad91c6bc020d.2,CHADEMO,25.0,79b72a61-f5ca-433f-b824-0c7df1204859,Massy Warrens,Massy Warrens - Massy Stores Supercenter,Warrens,St. Michael,BB,,Massy,578dca79-afd1-4b04-816a-322a7067114b,620096b81416cdf874372a8d2da61834,,,,,,SYSTEM,0.00,0.00,0.00,BBD,
457d5378-52c3-4e59-87a4-5871f9621eff,2025-06-03 16:11:05,2025-06-03 16:11:05,2025-06-03 12:11:05,2025-06-03 12:11:05,America/Barbados,0.00,0.00,0.0,0.0,0.0,03c821d6-6274-427c-937a-ad91c6bc020d,MP-025,51210097772981,03c821d6-6274-427c-937a-ad91c6bc020d.1,CCS_2,25.0,79b72a61-f5ca-433f-b824-0c7df1204859,Massy Warrens,Massy Warrens - Massy Stores Supercenter,Warrens,St. Michael,BB,,Massy,578dca79-afd1-4b04-816a-322a7067114b,35b6f6f99ae2087ef24aff4869dea359,,,,,,RFID,0.00,0.00,0.00,BBD,
fceaa2e9-5a1d-44ba-94f0-03cd005b2de1,2025-06-03 20:48:54,2025-06-03 23:00:13,2025-06-03 16:48:54,2025-06-03 19:00:13,America/Barbados,131.32,0.10,52.7,29.5,24.2,03c821d6-6274-427c-937a-ad91c6bc020d,MP-025,51210097772981,03c821d6-6274-427c-937a-ad91c6bc020d.2,CHADEMO,25.0,79b72a61-f5ca-433f-b824-0c7df1204859,Massy Warrens,Massy Warrens - Massy Stores Supercenter,Warrens,St. Michael,BB,,Massy,578dca79-afd1-4b04-816a-322a7067114b,8f8a1bc53cfa9904f8ceebad0a28992a,,,,,2b43a680-6c0f-4d9c-937d-40d2fa634566,RFID,92.23,92.23,0.00,BBD,
1e7f6d24-5a44-462b-9c4e-3b2648d1d237,2025-06-04 14:56:45,2025-06-04 15:57:12,2025-06-04 10:56:45,2025-06-04 11:57:12,America/Barbados,60.45,0.00,28.9,34.8,28.7,03c821d6-6274-427c-937a-ad91c6bc020d,MP-025,51210097772981,03c821d6-6274-427c-937a-ad91c6bc020d.1,CCS_2,25.0,79b72a61-f5ca-433f-b824-0c7df1204859,Massy Warrens,Massy Warrens - Massy Stores Supercenter,Warrens,St. Michael,BB,,Massy,578dca79-afd1-4b04-816a-322a7067114b,35b6f6f99ae2087ef24aff4869dea359,,,,,9210ee0a-d99f-4855-9c03-cdf9ee6fab7d,RFID,50.58,50.58,0.00,BBD,
4165ea0f-2ce8-4fca-b9f1-7e3c111ce33e,2025-06-04 18:34:28,2025-06-04 19:24:26,2025-06-04 14:34:28,2025-06-04 15:24:26,America/Barbados,49.97,19.97,3.0,6.0,6.0,8d27dae5-8d1f-48d0-bfe1-8875d5d568a5,MP-0079,M5012464-2,8d27dae5-8d1f-48d0-bfe1-8875d5d568a5.2,TYPE_2,22.0,1977c2c7-cd44-4e6f-a827-370cd9aad5bd,Massy Sunset Crest,"Massy Stores Supercenter, Sunset Crest",Holetown,St James,BB,,Massy,578dca79-afd1-4b04-816a-322a7067114b,39bdd057540638ed40fc8ba9f292ca73,,,,,1598bfdd-a770-4581-a38c-bbb0757848c2,RFID,4.50,4.50,0.00,BBD,
55304215-5d5f-465d-9efa-caffd78dcd28,2025-06-04 23:51:42,2025-06-05 00:06:01,2025-06-04 19:51:42,2025-06-04 20:06:01,America/Barbados,14.32,6.00,0.9,18.9,7.4,8d27dae5-8d1f-48d0-bfe1-8875d5d568a5,MP-0079,M5012464-2,8d27dae5-8d1f-48d0-bfe1-8875d5d568a5.2,TYPE_2,22.0,1977c2c7-cd44-4e6f-a827-370cd9aad5bd,Massy Sunset Crest,"Massy Stores Supercenter, Sunset Crest",Holetown,St James,BB,,Massy,578dca79-afd1-4b04-816a-322a7067114b,768d1282fc5a8c161355988d1098736a,,,,,,SYSTEM,1.35,1.35,0.00,BBD,
694e5d26-0c4f-49e4-8918-6c04b1f0ffcb,2025-06-05 17:38:21,2025-06-05 19:19:17,2025-06-05 13:38:21,2025-06-05 15:19:17,America/Barbados,100.93,0.00,47.0,40.6,28.1,03c821d6-6274-427c-937a-ad91c6bc020d,MP-025,51210097772981,03c821d6-6274-427c-937a-ad91c6bc020d.1,CCS_2,25.0,79b72a61-f5ca-433f-b824-0c7df1204859,Massy Warrens,Massy Warrens - Massy Stores Supercenter,Warrens,St. Michael,BB,,Massy,578dca79-afd1-4b04-816a-322a7067114b,35b6f6f99ae2087ef24aff4869dea359,,,,,9210ee0a-d99f-4855-9c03-cdf9ee6fab7d,RFID,82.25,82.25,0.00,BBD,
7176ae92-96f7-48eb-8dde-e6b74d2ce911,2025-06-05 22:49:02,2025-06-05 23:08:56,2025-06-05 18:49:02,2025-06-05 19:08:56,America/Barbados,19.90,0.00,9.4,34.8,28.2,03c821d6-6274-427c-937a-ad91c6bc020d,MP-025,51210097772981,03c821d6-6274-427c-937a-ad91c6bc020d.1,CCS_2,25.0,79b72a61-f5ca-433f-b824-0c7df1204859,Massy Warrens,Massy Warrens - Massy Stores Supercenter,Warrens,St. Michael,BB,,Massy,578dca79-afd1-4b04-816a-322a7067114b,ce2ff17b1b2815c8618594a2b444cc2a,,,,,,SYSTEM,16.45,16.45,0.00,BBD,
2ff5562f-930e-45fc-bd69-045c7a4361bd,2025-06-05 23:35:08,2025-06-06 01:24:56,2025-06-05 19:35:08,2025-06-05 21:24:56,America/Barbados,109.80,0.00,42.3,34.8,23.1,03c821d6-6274-427c-937a-ad91c6bc020d,MP-025,51210097772981,03c821d6-6274-427c-937a-ad91c6bc020d.1,CCS_2,25.0,79b72a61-f5ca-433f-b824-0c7df1204859,Massy Warrens,Massy Warrens - Massy Stores Supercenter,Warrens,St. Michael,BB,,Massy,578dca79-afd1-4b04-816a-322a7067114b,677d88bb83a91963e061ae8a70c86a51,,,,,545e7042-ec87-4932-88ff-b50d3666c9af,RFID,74.03,74.03,0.00,BBD,
aedf6b65-ca43-41ec-ac48-7335658a1dd1,2025-06-06 04:39:18,2025-06-06 03:26:28,2025-06-06 00:39:18,2025-06-05 23:26:28,America/Barbados,63.02,0.00,26.7,29.0,25.5,03c821d6-6274-427c-937a-ad91c6bc020d,MP-025,51210097772981,03c821d6-6274-427c-937a-ad91c6bc020d.1,CCS_2,25.0,79b72a61-f5ca-433f-b824-0c7df1204859,Massy Warrens,Massy Warrens - Massy Stores Supercenter,Warrens,St. Michael,BB,,Massy,578dca79-afd1-4b04-816a-322a7067114b,dd4c88acde25753674e21b473fe166ef,,,,,,SYSTEM,0.00,0.00,0.00,BBD,
e93457d4-e3e4-4212-9b15-b84be0dc2742,2025-06-06 11:02:29,2025-06-06 11:02:51,2025-06-06 07:02:29,2025-06-06 07:02:51,America/Barbados,0.37,0.00,0.1,22.9,22.9,03c821d6-6274-427c-937a-ad91c6bc020d,MP-025,51210097772981,03c821d6-6274-427c-937a-ad91c6bc020d.1,CCS_2,25.0,79b72a61-f5ca-433f-b824-0c7df1204859,Massy Warrens,Massy Warrens - Massy Stores Supercenter,Warrens,St. Michael,BB,,Massy,578dca79-afd1-4b04-816a-322a7067114b,18008f87ad6a61c9256e97b54b5cf26c,,,,,,SYSTEM,0.18,0.18,0.00,BBD,
3f278289-2eb8-4a57-b289-20587a9e7ab8,2025-06-06 11:35:01,2025-06-06 12:20:06,2025-06-06 07:35:01,2025-06-06 08:20:06,America/Barbados,45.08,0.00,19.0,29.0,25.3,03c821d6-6274-427c-937a-ad91c6bc020d,MP-025,51210097772981,03c821d6-6274-427c-937a-ad91c6bc020d.1,CCS_2,25.0,79b72a61-f5ca-433f-b824-0c7df1204859,Massy Warrens,Massy Warrens - Massy Stores Supercenter,Warrens,St. Michael,BB,,Massy,578dca79-afd1-4b04-816a-322a7067114b,d01f8298c4aa0be4b825cec87e3512c6,,,,,7c802f13-3acc-4c06-8717-a63c9d015e7e,RFID,33.25,33.25,0.00,BBD,
5023a1ea-9798-4774-bcac-d4659f5d8ef9,2025-06-06 12:41:45,2025-06-06 13:14:00,2025-06-06 08:41:45,2025-06-06 09:14:00,America/Barbados,32.25,0.23,13.9,3076.0,280.6,03c821d6-6274-427c-937a-ad91c6bc020d,MP-025,51210097772981,03c821d6-6274-427c-937a-ad91c6bc020d.1,CCS_2,25.0,79b72a61-f5ca-433f-b824-0c7df1204859,Massy Warrens,Massy Warrens - Massy Stores Supercenter,Warrens,St. Michael,BB,,Massy,578dca79-afd1-4b04-816a-322a7067114b,d01f8298c4aa0be4b825cec87e3512c6,,,,,7c802f13-3acc-4c06-8717-a63c9d015e7e,RFID,24.33,24.33,0.00,BBD,
163e9e9c-39f0-4db0-a2e9-b1804783e6e7,2025-06-06 15:47:56,2025-06-06 16:32:13,2025-06-06 11:47:56,2025-06-06 12:32:13,America/Barbados,44.28,0.00,19.7,29.0,26.7,03c821d6-6274-427c-937a-ad91c6bc020d,MP-025,51210097772981,03c821d6-6274-427c-937a-ad91c6bc020d.1,CCS_2,25.0,79b72a61-f5ca-433f-b824-0c7df1204859,Massy Warrens,Massy Warrens - Massy Stores Supercenter,Warrens,St. Michael,BB,,Massy,578dca79-afd1-4b04-816a-322a7067114b,d01f8298c4aa0be4b825cec87e3512c6,,,,,7c802f13-3acc-4c06-8717-a63c9d015e7e,RFID,34.48,34.48,0.00,BBD,
3bc83eca-b853-452b-906d-2983b5e0a4b0,2025-06-06 18:46:32,2025-06-06 19:39:20,2025-06-06 14:46:32,2025-06-06 15:39:20,America/Barbados,52.80,0.00,21.7,60.0,25.4,03c821d6-6274-427c-937a-ad91c6bc020d,MP-025,51210097772981,03c821d6-6274-427c-937a-ad91c6bc020d.1,CCS_2,25.0,79b72a61-f5ca-433f-b824-0c7df1204859,Massy Warrens,Massy Warrens - Massy Stores Supercenter,Warrens,St. Michael,BB,,Massy,578dca79-afd1-4b04-816a-322a7067114b,53c3e7f13adc18ac7473c99ec64d56c5,,,,,5b11676b-0383-4ad8-a16f-6da4cd89f3e3,RFID,37.98,37.98,0.00,BBD,
22197db8-568a-4f82-8e66-98d98bae1fd9,2025-06-06 13:04:07,2025-06-06 20:05:49,2025-06-06 09:04:07,2025-06-06 16:05:49,America/Barbados,421.70,2.62,49.6,12.0,7.1,024e77fc-3da1-4e73-930e-b76e45511419,MP-001,M5005918-7,024e77fc-3da1-4e73-930e-b76e45511419.1,TYPE_2,7.4,1977c2c7-cd44-4e6f-a827-370cd9aad5bd,Massy Sunset Crest,"Massy Stores Supercenter, Sunset Crest",Holetown,St James,BB,,Massy,578dca79-afd1-4b04-816a-322a7067114b,3876a8d1b8545cb9aec129db48e5e395,,,,,,WEB_APP,74.40,74.40,0.00,BBD,
985411fa-68b5-4b0d-9473-b4c82b4c5dfa,2025-06-06 19:52:03,2025-06-06 21:07:20,2025-06-06 15:52:03,2025-06-06 17:07:20,America/Barbados,75.28,0.00,33.4,37.7,26.8,03c821d6-6274-427c-937a-ad91c6bc020d,MP-025,51210097772981,03c821d6-6274-427c-937a-ad91c6bc020d.1,CCS_2,25.0,79b72a61-f5ca-433f-b824-0c7df1204859,Massy Warrens,Massy Warrens - Massy Stores Supercenter,Warrens,St. Michael,BB,,Massy,578dca79-afd1-4b04-816a-322a7067114b,cd92d85509cabfa3602f555d7ecd069b,,,,,29ff2658-51ea-4bd2-9f90-4c7e47a91271,RFID,58.45,58.45,0.00,BBD,
0d121fb0-1f3c-4f7d-879c-153e8ddba4f1,2025-06-06 21:18:55,2025-06-06 22:44:25,2025-06-06 17:18:55,2025-06-06 18:44:25,America/Barbados,85.50,0.00,38.7,34.8,27.2,03c821d6-6274-427c-937a-ad91c6bc020d,MP-025,51210097772981,03c821d6-6274-427c-937a-ad91c6bc020d.1,CCS_2,25.0,79b72a61-f5ca-433f-b824-0c7df1204859,Massy Warrens,Massy Warrens - Massy Stores Supercenter,Warrens,St. Michael,BB,,Massy,578dca79-afd1-4b04-816a-322a7067114b,de496c2b0c06805735691033fa5f0366,,,,,,SYSTEM,67.73,67.73,0.00,BBD,
0b81a1ce-f0a9-4140-8b6b-57beef5bc587,2025-06-07 00:07:25,2025-06-07 00:43:35,2025-06-06 20:07:25,2025-06-06 20:43:35,America/Barbados,36.17,0.00,15.9,29.0,26.4,03c821d6-6274-427c-937a-ad91c6bc020d,MP-025,51210097772981,03c821d6-6274-427c-937a-ad91c6bc020d.1,CCS_2,25.0,79b72a61-f5ca-433f-b824-0c7df1204859,Massy Warrens,Massy Warrens - Massy Stores Supercenter,Warrens,St. Michael,BB,,Massy,578dca79-afd1-4b04-816a-322a7067114b,11767201bead19330121c619c3a397d5,,,,,,SYSTEM,27.83,27.83,0.00,BBD,
91d2cb2a-a3ba-4e97-859e-d71b597a0b97,2025-06-07 05:05:39,2025-06-07 05:59:51,2025-06-07 01:05:39,2025-06-07 01:59:51,America/Barbados,54.20,0.00,22.9,29.0,25.4,03c821d6-6274-427c-937a-ad91c6bc020d,MP-025,51210097772981,03c821d6-6274-427c-937a-ad91c6bc020d.1,CCS_2,25.0,79b72a61-f5ca-433f-b824-0c7df1204859,Massy Warrens,Massy Warrens - Massy Stores Supercenter,Warrens,St. Michael,BB,,Massy,578dca79-afd1-4b04-816a-322a7067114b,40a16d94208fdc757cd189b90808792e,,,,,,SYSTEM,40.08,40.08,0.00,BBD,
6ce1ea56-6c03-4254-86cd-cbb75edba77d,2025-06-07 09:28:40,2025-06-07 09:28:40,2025-06-07 05:28:40,2025-06-07 05:28:40,America/Barbados,0.00,0.00,0.0,0.0,0.0,03c821d6-6274-427c-937a-ad91c6bc020d,MP-025,51210097772981,03c821d6-6274-427c-937a-ad91c6bc020d.1,CCS_2,25.0,79b72a61-f5ca-433f-b824-0c7df1204859,Massy Warrens,Massy Warrens - Massy Stores Supercenter,Warrens,St. Michael,BB,,Massy,578dca79-afd1-4b04-816a-322a7067114b,9524292787ec90c1c0d210497cc1166e,,,,,,RFID,0.00,0.00,0.00,BBD,
ba20bb16-14b1-4a20-aad4-468822c3850b,2025-06-07 12:49:30,2025-06-07 12:49:30,2025-06-07 08:49:30,2025-06-07 08:49:30,America/Barbados,0.00,0.00,0.0,0.0,0.0,03c821d6-6274-427c-937a-ad91c6bc020d,MP-025,51210097772981,03c821d6-6274-427c-937a-ad91c6bc020d.2,CHADEMO,25.0,79b72a61-f5ca-433f-b824-0c7df1204859,Massy Warrens,Massy Warrens - Massy Stores Supercenter,Warrens,St. Michael,BB,,Massy,578dca79-afd1-4b04-816a-322a7067114b,a6365e43dd5a4fc1c972546025149dcb,,,,,,RFID,0.00,0.00,0.00,BBD,
fa57dd14-05a0-48a9-9a47-b21d391c9238,2025-06-07 21:24:26,2025-06-07 21:54:31,2025-06-07 17:24:26,2025-06-07 17:54:31,America/Barbados,30.08,1.17,4.8,19.7,10.0,03c821d6-6274-427c-937a-ad91c6bc020d,MP-025,51210097772981,03c821d6-6274-427c-937a-ad91c6bc020d.2,CHADEMO,25.0,79b72a61-f5ca-433f-b824-0c7df1204859,Massy Warrens,Massy Warrens - Massy Stores Supercenter,Warrens,St. Michael,BB,,Massy,578dca79-afd1-4b04-816a-322a7067114b,564363f1092f00b6d8b93b0dffe923e8,,,,,ff8272b9-b9c0-4e2c-a725-65cbd037a327,RFID,8.40,8.40,0.00,BBD,
f1f17746-4b99-44e2-b66f-7d2a4f3b9482,2025-06-08 17:22:01,2025-06-08 20:48:15,2025-06-08 13:22:01,2025-06-08 16:48:15,America/Barbados,206.23,12.03,87.4,34.8,27.0,03c821d6-6274-427c-937a-ad91c6bc020d,MP-025,51210097772981,03c821d6-6274-427c-937a-ad91c6bc020d.1,CCS_2,25.0,79b72a61-f5ca-433f-b824-0c7df1204859,Massy Warrens,Massy Warrens - Massy Stores Supercenter,Warrens,St. Michael,BB,,Massy,578dca79-afd1-4b04-816a-322a7067114b,a6365e43dd5a4fc1c972546025149dcb,,,,,5c064d27-0ab0-4672-ad5e-dd7f1cf35f66,RFID,152.95,152.95,0.00,BBD,
26d8d809-bacf-4e83-93f5-7760267724cd,2025-06-08 18:14:21,2025-06-08 18:14:21,2025-06-08 14:14:21,2025-06-08 14:14:21,America/Barbados,0.00,0.00,0.0,0.0,0.0,03c821d6-6274-427c-937a-ad91c6bc020d,MP-025,51210097772981,03c821d6-6274-427c-937a-ad91c6bc020d.1,CCS_2,25.0,79b72a61-f5ca-433f-b824-0c7df1204859,Massy Warrens,Massy Warrens - Massy Stores Supercenter,Warrens,St. Michael,BB,,Massy,578dca79-afd1-4b04-816a-322a7067114b,35b6f6f99ae2087ef24aff4869dea359,,,,,,RFID,0.00,0.00,0.00,BBD,
44b55616-63ab-4711-af99-98eb25e81bcc,2025-06-08 22:05:17,2025-06-08 23:58:58,2025-06-08 18:05:17,2025-06-08 19:58:58,America/Barbados,113.68,0.02,43.5,29.0,22.9,03c821d6-6274-427c-937a-ad91c6bc020d,MP-025,51210097772981,03c821d6-6274-427c-937a-ad91c6bc020d.1,CCS_2,25.0,79b72a61-f5ca-433f-b824-0c7df1204859,Massy Warrens,Massy Warrens - Massy Stores Supercenter,Warrens,St. Michael,BB,,Massy,578dca79-afd1-4b04-816a-322a7067114b,7daacebf9b4ad61d93ad71b9621b0320,,,,,45cae3be-c3ab-416e-bd87-9209a7e62bd3,RFID,76.13,76.13,0.00,BBD,
dfe52390-e1e9-4afe-91a3-e7adc7f642b7,2025-06-09 12:37:23,2025-06-09 14:24:09,2025-06-09 08:37:23,2025-06-09 10:24:09,America/Barbados,106.77,0.33,41.3,29.0,23.2,03c821d6-6274-427c-937a-ad91c6bc020d,MP-025,51210097772981,03c821d6-6274-427c-937a-ad91c6bc020d.1,CCS_2,25.0,79b72a61-f5ca-433f-b824-0c7df1204859,Massy Warrens,Massy Warrens - Massy Stores Supercenter,Warrens,St. Michael,BB,,Massy,578dca79-afd1-4b04-816a-322a7067114b,677d88bb83a91963e061ae8a70c86a51,,,,,545e7042-ec87-4932-88ff-b50d3666c9af,RFID,72.28,72.28,0.00,BBD,
e52954ee-50cd-4004-b2b2-4d05e251faaf,2025-06-09 19:10:23,2025-06-09 21:03:35,2025-06-09 15:10:23,2025-06-09 17:03:35,America/Barbados,113.20,0.00,45.8,29.0,24.3,03c821d6-6274-427c-937a-ad91c6bc020d,MP-025,51210097772981,03c821d6-6274-427c-937a-ad91c6bc020d.2,CHADEMO,25.0,79b72a61-f5ca-433f-b824-0c7df1204859,Massy Warrens,Massy Warrens - Massy Stores Supercenter,Warrens,St. Michael,BB,,Massy,578dca79-afd1-4b04-816a-322a7067114b,8f8a1bc53cfa9904f8ceebad0a28992a,,,,,2b43a680-6c0f-4d9c-937d-40d2fa634566,RFID,80.15,80.15,0.00,BBD,
53ab879c-b12e-4612-81be-e6270a4cad4a,2025-06-10 02:32:03,2025-06-10 03:05:12,2025-06-09 22:32:03,2025-06-09 23:05:12,America/Barbados,33.16,0.00,13.2,29.0,25.6,03c821d6-6274-427c-937a-ad91c6bc020d,MP-025,51210097772981,03c821d6-6274-427c-937a-ad91c6bc020d.1,CCS_2,25.0,79b72a61-f5ca-433f-b824-0c7df1204859,Massy Warrens,Massy Warrens - Massy Stores Supercenter,Warrens,St. Michael,BB,,Massy,578dca79-afd1-4b04-816a-322a7067114b,cc99bf8d372551c618a7ef19604df400,,,,,,SYSTEM,23.10,23.10,0.00,BBD,
8c7ff134-afab-43df-908b-64401ad8ca50,2025-06-10 08:22:10,2025-06-10 09:33:16,2025-06-10 04:22:10,2025-06-10 05:33:16,America/Barbados,71.10,0.00,25.5,29.0,21.5,03c821d6-6274-427c-937a-ad91c6bc020d,MP-025,51210097772981,03c821d6-6274-427c-937a-ad91c6bc020d.1,CCS_2,25.0,79b72a61-f5ca-433f-b824-0c7df1204859,Massy Warrens,Massy Warrens - Massy Stores Supercenter,Warrens,St. Michael,BB,,Massy,578dca79-afd1-4b04-816a-322a7067114b,dd4c88acde25753674e21b473fe166ef,,,,,,SYSTEM,44.63,44.63,0.00,BBD,
6c0da4d4-b807-47c0-a810-67b540b13d0d,2025-06-10 14:44:06,2025-06-10 15:46:57,2025-06-10 10:44:06,2025-06-10 11:46:57,America/Barbados,62.85,0.00,7.2,12.0,6.9,8d27dae5-8d1f-48d0-bfe1-8875d5d568a5,MP-0079,M5012464-2,8d27dae5-8d1f-48d0-bfe1-8875d5d568a5.1,TYPE_2,22.0,1977c2c7-cd44-4e6f-a827-370cd9aad5bd,Massy Sunset Crest,"Massy Stores Supercenter, Sunset Crest",Holetown,St James,BB,,Massy,578dca79-afd1-4b04-816a-322a7067114b,30d90374a4d8dc427facc4c75b4b1965,,,,,,SYSTEM,10.80,10.80,0.00,BBD,
3a17b1bf-f00d-4914-8a2c-96bf3b5a1644,2025-06-10 17:07:07,2025-06-10 17:43:07,2025-06-10 13:07:07,2025-06-10 13:43:07,America/Barbados,36.00,0.00,17.0,34.8,28.6,03c821d6-6274-427c-937a-ad91c6bc020d,MP-025,51210097772981,03c821d6-6274-427c-937a-ad91c6bc020d.1,CCS_2,25.0,79b72a61-f5ca-433f-b824-0c7df1204859,Massy Warrens,Massy Warrens - Massy Stores Supercenter,Warrens,St. Michael,BB,,Massy,578dca79-afd1-4b04-816a-322a7067114b,d01f8298c4aa0be4b825cec87e3512c6,,,,,7c802f13-3acc-4c06-8717-a63c9d015e7e,RFID,29.75,29.75,0.00,BBD,
c442ed8a-b0ec-47f3-b0df-4f5777403b34,2025-06-10 19:46:21,2025-06-10 20:07:55,2025-06-10 15:46:21,2025-06-10 16:07:55,America/Barbados,21.57,0.55,2.5,12.0,7.1,8d27dae5-8d1f-48d0-bfe1-8875d5d568a5,MP-0079,M5012464-2,8d27dae5-8d1f-48d0-bfe1-8875d5d568a5.1,TYPE_2,22.0,1977c2c7-cd44-4e6f-a827-370cd9aad5bd,Massy Sunset Crest,"Massy Stores Supercenter, Sunset Crest",Holetown,St James,BB,,Massy,578dca79-afd1-4b04-816a-322a7067114b,7ab036cc8d9ead0b6219408809788300,,,,,a4659945-cce4-46c9-9400-aed43c0669f2,RFID,3.75,3.75,0.00,BBD,
b44e0ce3-b43a-4263-83c5-81e41c655c5c,2025-06-10 20:19:37,2025-06-10 21:47:04,2025-06-10 16:19:37,2025-06-10 17:47:04,America/Barbados,87.45,0.00,32.1,29.0,22.0,03c821d6-6274-427c-937a-ad91c6bc020d,MP-025,51210097772981,03c821d6-6274-427c-937a-ad91c6bc020d.1,CCS_2,25.0,79b72a61-f5ca-433f-b824-0c7df1204859,Massy Warrens,Massy Warrens - Massy Stores Supercenter,Warrens,St. Michael,BB,,Massy,578dca79-afd1-4b04-816a-322a7067114b,b58b5b07674ec2cbf93f570547b26ce1,,,,,b23b088b-2ef1-4a43-aa7b-30a2abe9c056,RFID,56.18,56.18,0.00,BBD,
28948e3c-15aa-4679-bd3b-079462743566,2025-06-11 00:36:51,2025-06-11 02:13:22,2025-06-10 20:36:51,2025-06-10 22:13:22,America/Barbados,96.52,0.00,36.0,29.0,22.0,03c821d6-6274-427c-937a-ad91c6bc020d,MP-025,51210097772981,03c821d6-6274-427c-937a-ad91c6bc020d.1,CCS_2,25.0,79b72a61-f5ca-433f-b824-0c7df1204859,Massy Warrens,Massy Warrens - Massy Stores Supercenter,Warrens,St. Michael,BB,,Massy,578dca79-afd1-4b04-816a-322a7067114b,677d88bb83a91963e061ae8a70c86a51,,,,,545e7042-ec87-4932-88ff-b50d3666c9af,RFID,63.00,63.00,0.00,BBD,
50d4a752-d3e1-4f88-91ab-d41b289b4b82,2025-06-11 02:45:14,2025-06-11 02:59:26,2025-06-10 22:45:14,2025-06-10 22:59:26,America/Barbados,14.20,0.00,2.7,12.9,9.3,03c821d6-6274-427c-937a-ad91c6bc020d,MP-025,51210097772981,03c821d6-6274-427c-937a-ad91c6bc020d.2,CHADEMO,25.0,79b72a61-f5ca-433f-b824-0c7df1204859,Massy Warrens,Massy Warrens - Massy Stores Supercenter,Warrens,St. Michael,BB,,Massy,578dca79-afd1-4b04-816a-322a7067114b,564363f1092f00b6d8b93b0dffe923e8,,,,,ff8272b9-b9c0-4e2c-a725-65cbd037a327,RFID,4.73,4.73,0.00,BBD,
ead6e8e1-3c79-47f9-ae9e-fa1a4455aa2b,2025-06-11 11:37:00,2025-06-11 12:09:20,2025-06-11 07:37:00,2025-06-11 08:09:20,America/Barbados,32.33,0.00,15.4,34.8,28.8,03c821d6-6274-427c-937a-ad91c6bc020d,MP-025,51210097772981,03c821d6-6274-427c-937a-ad91c6bc020d.1,CCS_2,25.0,79b72a61-f5ca-433f-b824-0c7df1204859,Massy Warrens,Massy Warrens - Massy Stores Supercenter,Warrens,St. Michael,BB,,Massy,578dca79-afd1-4b04-816a-322a7067114b,03d1ce26fa49936b6e72eb9eafef6e3f,,,,,97fceca9-6706-421a-89f2-0f307f042c89,RFID,26.95,26.95,0.00,BBD,
5f547ba0-1a32-45aa-9df8-7e38b6db2ade,2025-06-11 13:21:31,2025-06-11 14:10:14,2025-06-11 09:21:31,2025-06-11 10:10:14,America/Barbados,48.72,0.00,20.8,0.0,0.0,03c821d6-6274-427c-937a-ad91c6bc020d,MP-025,51210097772981,03c821d6-6274-427c-937a-ad91c6bc020d.1,CCS_2,25.0,79b72a61-f5ca-433f-b824-0c7df1204859,Massy Warrens,Massy Warrens - Massy Stores Supercenter,Warrens,St. Michael,BB,,Massy,578dca79-afd1-4b04-816a-322a7067114b,d76e311d9fe9da830bba8b125798eaaa,,,,,55757001-227f-4341-b0da-b3cf3df8ce27,RFID,36.40,36.40,0.00,BBD,
3b1a2ca5-3765-4842-9d08-85353978f871,2025-06-11 16:39:24,2025-06-11 18:16:32,2025-06-11 12:39:24,2025-06-11 14:16:32,America/Barbados,97.13,0.00,41.5,29.0,25.6,03c821d6-6274-427c-937a-ad91c6bc020d,MP-025,51210097772981,03c821d6-6274-427c-937a-ad91c6bc020d.1,CCS_2,25.0,79b72a61-f5ca-433f-b824-0c7df1204859,Massy Warrens,Massy Warrens - Massy Stores Supercenter,Warrens,St. Michael,BB,,Massy,578dca79-afd1-4b04-816a-322a7067114b,d76e311d9fe9da830bba8b125798eaaa,,,,,55757001-227f-4341-b0da-b3cf3df8ce27,RFID,72.63,72.63,0.00,BBD,
82ac6c22-a35a-4a15-b968-8c9ca2f98f22,2025-06-11 18:27:23,2025-06-11 19:19:42,2025-06-11 14:27:23,2025-06-11 15:19:42,America/Barbados,52.32,20.30,3.1,6.1,5.7,8d27dae5-8d1f-48d0-bfe1-8875d5d568a5,MP-0079,M5012464-2,8d27dae5-8d1f-48d0-bfe1-8875d5d568a5.2,TYPE_2,22.0,1977c2c7-cd44-4e6f-a827-370cd9aad5bd,Massy Sunset Crest,"Massy Stores Supercenter, Sunset Crest",Holetown,St James,BB,,Massy,578dca79-afd1-4b04-816a-322a7067114b,39bdd057540638ed40fc8ba9f292ca73,,,,,1598bfdd-a770-4581-a38c-bbb0757848c2,RFID,4.65,4.65,0.00,BBD,
a738d860-278a-4979-94cf-da52b00e2f70,2025-06-11 19:40:59,2025-06-11 20:05:53,2025-06-11 15:40:59,2025-06-11 16:05:53,America/Barbados,24.90,0.00,10.6,51.4,26.5,03c821d6-6274-427c-937a-ad91c6bc020d,MP-025,51210097772981,03c821d6-6274-427c-937a-ad91c6bc020d.1,CCS_2,25.0,79b72a61-f5ca-433f-b824-0c7df1204859,Massy Warrens,Massy Warrens - Massy Stores Supercenter,Warrens,St. Michael,BB,,Massy,578dca79-afd1-4b04-816a-322a7067114b,8ac0e8aa9751197f37cc59bdf0c10429,,,,,,SYSTEM,18.55,18.55,0.00,BBD,
ae20aa93-ab2b-4fe3-8cf2-5fe338670598,2025-06-11 20:17:13,2025-06-11 22:01:06,2025-06-11 16:17:13,2025-06-11 18:01:06,America/Barbados,103.88,0.00,48.0,42.4,27.8,03c821d6-6274-427c-937a-ad91c6bc020d,MP-025,51210097772981,03c821d6-6274-427c-937a-ad91c6bc020d.1,CCS_2,25.0,79b72a61-f5ca-433f-b824-0c7df1204859,Massy Warrens,Massy Warrens - Massy Stores Supercenter,Warrens,St. Michael,BB,,Massy,578dca79-afd1-4b04-816a-322a7067114b,de496c2b0c06805735691033fa5f0366,,,,,,SYSTEM,84.00,84.00,0.00,BBD,
5ab8c811-bfff-432e-9d21-77e71f354618,2025-06-11 22:05:38,2025-06-11 23:00:03,2025-06-11 18:05:38,2025-06-11 19:00:03,America/Barbados,54.42,0.00,23.2,29.0,25.9,03c821d6-6274-427c-937a-ad91c6bc020d,MP-025,51210097772981,03c821d6-6274-427c-937a-ad91c6bc020d.1,CCS_2,25.0,79b72a61-f5ca-433f-b824-0c7df1204859,Massy Warrens,Massy Warrens - Massy Stores Supercenter,Warrens,St. Michael,BB,,Massy,578dca79-afd1-4b04-816a-322a7067114b,5911ffba106a13f8c146db3cc5fdaaf2,,,,,f4154aa6-6205-47f5-bff4-856043d935c8,RFID,40.60,40.60,0.00,BBD,
7e86a936-470e-4217-bd94-3aa3651e22a1,2025-06-12 00:35:21,2025-06-12 02:23:39,2025-06-11 20:35:21,2025-06-11 22:23:39,America/Barbados,108.30,0.00,46.0,29.0,25.5,03c821d6-6274-427c-937a-ad91c6bc020d,MP-025,51210097772981,03c821d6-6274-427c-937a-ad91c6bc020d.1,CCS_2,25.0,79b72a61-f5ca-433f-b824-0c7df1204859,Massy Warrens,Massy Warrens - Massy Stores Supercenter,Warrens,St. Michael,BB,,Massy,578dca79-afd1-4b04-816a-322a7067114b,9a0aa3c4b0310980ab78bd4ad3e6744a,,,,,8c7a084b-ebbc-4912-b13b-4783148e94ff,RFID,80.50,80.50,0.00,BBD,
83fb056d-6d1e-48f0-ac8b-c806ba7a016d,2025-06-12 08:53:40,2025-06-12 10:14:19,2025-06-12 04:53:40,2025-06-12 06:14:19,America/Barbados,80.65,0.00,34.2,120.0,26.6,03c821d6-6274-427c-937a-ad91c6bc020d,MP-025,51210097772981,03c821d6-6274-427c-937a-ad91c6bc020d.1,CCS_2,25.0,79b72a61-f5ca-433f-b824-0c7df1204859,Massy Warrens,Massy Warrens - Massy Stores Supercenter,Warrens,St. Michael,BB,,Massy,578dca79-afd1-4b04-816a-322a7067114b,40a16d94208fdc757cd189b90808792e,,,,,,SYSTEM,59.85,59.85,0.00,BBD,
f92600ac-19e7-413b-a20a-a4cec5eb2eca,2025-06-12 13:09:00,2025-06-12 13:09:00,2025-06-12 09:09:00,2025-06-12 09:09:00,America/Barbados,0.00,0.00,0.0,0.0,0.0,03c821d6-6274-427c-937a-ad91c6bc020d,MP-025,51210097772981,03c821d6-6274-427c-937a-ad91c6bc020d.1,CCS_2,25.0,79b72a61-f5ca-433f-b824-0c7df1204859,Massy Warrens,Massy Warrens - Massy Stores Supercenter,Warrens,St. Michael,BB,,Massy,578dca79-afd1-4b04-816a-322a7067114b,a48815f87d9e91fd6f750d4f0faf1972,,,,,,RFID,0.00,0.00,0.00,BBD,
ce81b5e7-188f-456c-9585-d939d205427b,2025-06-12 15:14:56,2025-06-12 16:10:34,2025-06-12 11:14:56,2025-06-12 12:10:34,America/Barbados,55.63,0.00,6.5,12.0,7.0,024e77fc-3da1-4e73-930e-b76e45511419,MP-001,M5005918-7,024e77fc-3da1-4e73-930e-b76e45511419.1,TYPE_2,7.4,1977c2c7-cd44-4e6f-a827-370cd9aad5bd,Massy Sunset Crest,"Massy Stores Supercenter, Sunset Crest",Holetown,St James,BB,,Massy,578dca79-afd1-4b04-816a-322a7067114b,30d90374a4d8dc427facc4c75b4b1965,,,,,,SYSTEM,9.75,9.75,0.00,BBD,
e2cbbd33-ccb0-4ebb-ac7b-e574420e98eb,2025-06-12 17:21:00,2025-06-12 17:21:08,2025-06-12 13:21:00,2025-06-12 13:21:08,America/Barbados,0.13,0.00,0.0,0.0,0.0,8d27dae5-8d1f-48d0-bfe1-8875d5d568a5,MP-0079,M5012464-2,8d27dae5-8d1f-48d0-bfe1-8875d5d568a5.2,TYPE_2,22.0,1977c2c7-cd44-4e6f-a827-370cd9aad5bd,Massy Sunset Crest,"Massy Stores Supercenter, Sunset Crest",Holetown,St James,BB,,Massy,578dca79-afd1-4b04-816a-322a7067114b,39bdd057540638ed40fc8ba9f292ca73,,,,,,RFID,0.00,0.00,0.00,BBD,
bec00d9f-a240-4395-9053-be19a4d0b616,2025-06-12 16:30:15,2025-06-12 17:25:34,2025-06-12 12:30:15,2025-06-12 13:25:34,America/Barbados,55.32,0.00,24.0,29.0,26.1,03c821d6-6274-427c-937a-ad91c6bc020d,MP-025,51210097772981,03c821d6-6274-427c-937a-ad91c6bc020d.1,CCS_2,25.0,79b72a61-f5ca-433f-b824-0c7df1204859,Massy Warrens,Massy Warrens - Massy Stores Supercenter,Warrens,St. Michael,BB,,Massy,578dca79-afd1-4b04-816a-322a7067114b,03d1ce26fa49936b6e72eb9eafef6e3f,,,,,97fceca9-6706-421a-89f2-0f307f042c89,RFID,42.00,42.00,0.00,BBD,
96291ff8-0b75-4cf1-aaf4-48309ad789f0,2025-06-12 17:22:07,2025-06-12 18:20:36,2025-06-12 13:22:07,2025-06-12 14:20:36,America/Barbados,58.48,22.97,3.5,12.9,5.9,8d27dae5-8d1f-48d0-bfe1-8875d5d568a5,MP-0079,M5012464-2,8d27dae5-8d1f-48d0-bfe1-8875d5d568a5.2,TYPE_2,22.0,1977c2c7-cd44-4e6f-a827-370cd9aad5bd,Massy Sunset Crest,"Massy Stores Supercenter, Sunset Crest",Holetown,St James,BB,,Massy,578dca79-afd1-4b04-816a-322a7067114b,39bdd057540638ed40fc8ba9f292ca73,,,,,1598bfdd-a770-4581-a38c-bbb0757848c2,RFID,5.25,5.25,0.00,BBD,
43434995-7436-4889-9088-4f67f151f88a,2025-06-12 19:05:27,2025-06-12 19:10:45,2025-06-12 15:05:27,2025-06-12 15:10:45,America/Barbados,5.30,2.28,0.3,6.0,6.0,8d27dae5-8d1f-48d0-bfe1-8875d5d568a5,MP-0079,M5012464-2,8d27dae5-8d1f-48d0-bfe1-8875d5d568a5.1,TYPE_2,22.0,1977c2c7-cd44-4e6f-a827-370cd9aad5bd,Massy Sunset Crest,"Massy Stores Supercenter, Sunset Crest",Holetown,St James,BB,,Massy,578dca79-afd1-4b04-816a-322a7067114b,39bdd057540638ed40fc8ba9f292ca73,,,,,1598bfdd-a770-4581-a38c-bbb0757848c2,RFID,0.45,0.45,0.00,BBD,
d9122de2-ced0-45a1-8e0c-24cffb6f7f7f,2025-06-12 19:12:34,2025-06-12 19:12:44,2025-06-12 15:12:34,2025-06-12 15:12:44,America/Barbados,0.17,0.00,0.0,0.0,0.0,8d27dae5-8d1f-48d0-bfe1-8875d5d568a5,MP-0079,M5012464-2,8d27dae5-8d1f-48d0-bfe1-8875d5d568a5.1,TYPE_2,22.0,1977c2c7-cd44-4e6f-a827-370cd9aad5bd,Massy Sunset Crest,"Massy Stores Supercenter, Sunset Crest",Holetown,St James,BB,,Massy,578dca79-afd1-4b04-816a-322a7067114b,39bdd057540638ed40fc8ba9f292ca73,,,,,,RFID,0.00,0.00,0.00,BBD,
4f82043f-97bc-4cf1-a9c6-1503d3f7c0aa,2025-06-12 19:13:26,2025-06-12 19:32:28,2025-06-12 15:13:26,2025-06-12 15:32:28,America/Barbados,19.03,8.05,1.1,6.1,6.0,8d27dae5-8d1f-48d0-bfe1-8875d5d568a5,MP-0079,M5012464-2,8d27dae5-8d1f-48d0-bfe1-8875d5d568a5.1,TYPE_2,22.0,1977c2c7-cd44-4e6f-a827-370cd9aad5bd,Massy Sunset Crest,"Massy Stores Supercenter, Sunset Crest",Holetown,St James,BB,,Massy,578dca79-afd1-4b04-816a-322a7067114b,39bdd057540638ed40fc8ba9f292ca73,,,,,1598bfdd-a770-4581-a38c-bbb0757848c2,RFID,1.65,1.65,0.00,BBD,
a6a88453-9bb7-48af-9e0b-f055aa23742c,2025-06-12 20:00:03,2025-06-12 20:01:31,2025-06-12 16:00:03,2025-06-12 16:01:31,America/Barbados,1.47,0.47,0.0,0.0,0.0,8d27dae5-8d1f-48d0-bfe1-8875d5d568a5,MP-0079,M5012464-2,8d27dae5-8d1f-48d0-bfe1-8875d5d568a5.1,TYPE_2,22.0,1977c2c7-cd44-4e6f-a827-370cd9aad5bd,Massy Sunset Crest,"Massy Stores Supercenter, Sunset Crest",Holetown,St James,BB,,Massy,578dca79-afd1-4b04-816a-322a7067114b,39bdd057540638ed40fc8ba9f292ca73,,,,,1598bfdd-a770-4581-a38c-bbb0757848c2,RFID,0.00,0.00,0.00,BBD,
0580839e-e1e4-432b-9ec8-d02f907a81cf,2025-06-12 20:37:40,2025-06-12 21:35:43,2025-06-12 16:37:40,2025-06-12 17:35:43,America/Barbados,58.05,0.00,24.7,65.5,26.4,03c821d6-6274-427c-937a-ad91c6bc020d,MP-025,51210097772981,03c821d6-6274-427c-937a-ad91c6bc020d.1,CCS_2,25.0,79b72a61-f5ca-433f-b824-0c7df1204859,Massy Warrens,Massy Warrens - Massy Stores Supercenter,Warrens,St. Michael,BB,,Massy,578dca79-afd1-4b04-816a-322a7067114b,5911ffba106a13f8c146db3cc5fdaaf2,,,,,f4154aa6-6205-47f5-bff4-856043d935c8,RFID,43.23,43.23,0.00,BBD,
fab3e79f-7feb-4ad5-80cb-f2d849ec6bfe,2025-06-13 02:25:21,2025-06-13 04:10:14,2025-06-12 22:25:21,2025-06-13 00:10:14,America/Barbados,104.88,0.55,39.0,31.3,22.3,03c821d6-6274-427c-937a-ad91c6bc020d,MP-025,51210097772981,03c821d6-6274-427c-937a-ad91c6bc020d.1,CCS_2,25.0,79b72a61-f5ca-433f-b824-0c7df1204859,Massy Warrens,Massy Warrens - Massy Stores Supercenter,Warrens,St. Michael,BB,,Massy,578dca79-afd1-4b04-816a-322a7067114b,dd4c88acde25753674e21b473fe166ef,,,,,,SYSTEM,68.25,68.25,0.00,BBD,
9e3c2cef-6522-4dc3-819c-e0bf432e23e6,2025-06-13 09:04:45,2025-06-13 09:54:06,2025-06-13 05:04:45,2025-06-13 05:54:06,America/Barbados,49.35,0.00,21.0,30.6,25.7,03c821d6-6274-427c-937a-ad91c6bc020d,MP-025,51210097772981,03c821d6-6274-427c-937a-ad91c6bc020d.1,CCS_2,25.0,79b72a61-f5ca-433f-b824-0c7df1204859,Massy Warrens,Massy Warrens - Massy Stores Supercenter,Warrens,St. Michael,BB,,Massy,578dca79-afd1-4b04-816a-322a7067114b,9524292787ec90c1c0d210497cc1166e,,,,,81c772bc-95b4-494a-b120-9b72e065fadc,RFID,36.75,36.75,0.00,BBD,
a512873c-46ec-407e-b6df-2b4b300e5284,2025-06-13 17:34:59,2025-06-13 15:10:46,2025-06-13 13:34:59,2025-06-13 11:10:46,America/Barbados,0.00,0.00,0.0,0.0,0.0,03c821d6-6274-427c-937a-ad91c6bc020d,MP-025,51210097772981,03c821d6-6274-427c-937a-ad91c6bc020d.1,CCS_2,25.0,79b72a61-f5ca-433f-b824-0c7df1204859,Massy Warrens,Massy Warrens - Massy Stores Supercenter,Warrens,St. Michael,BB,,Massy,578dca79-afd1-4b04-816a-322a7067114b,03d1ce26fa49936b6e72eb9eafef6e3f,,,,,,RFID,0.00,0.00,0.00,BBD,
365dcd9e-7b3c-4f8b-be29-5ffe232e1145,2025-06-13 21:39:27,2025-06-13 21:41:37,2025-06-13 17:39:27,2025-06-13 17:41:37,America/Barbados,2.17,0.00,0.8,0.0,0.0,03c821d6-6274-427c-937a-ad91c6bc020d,MP-025,51210097772981,03c821d6-6274-427c-937a-ad91c6bc020d.1,CCS_2,25.0,79b72a61-f5ca-433f-b824-0c7df1204859,Massy Warrens,Massy Warrens - Massy Stores Supercenter,Warrens,St. Michael,BB,,Massy,578dca79-afd1-4b04-816a-322a7067114b,03d1ce26fa49936b6e72eb9eafef6e3f,,,,,97fceca9-6706-421a-89f2-0f307f042c89,RFID,1.40,1.40,0.00,BBD,
1e170453-cac7-43bd-9b33-f6143d0b6ab0,2025-06-14 10:49:41,2025-06-14 10:48:10,2025-06-14 06:49:41,2025-06-14 06:48:10,America/Barbados,58.93,0.00,21.7,29.0,22.3,03c821d6-6274-427c-937a-ad91c6bc020d,MP-025,51210097772981,03c821d6-6274-427c-937a-ad91c6bc020d.2,CHADEMO,25.0,79b72a61-f5ca-433f-b824-0c7df1204859,Massy Warrens,Massy Warrens - Massy Stores Supercenter,Warrens,St. Michael,BB,,Massy,578dca79-afd1-4b04-816a-322a7067114b,f3ff5f81b006bbba395c21932fd22620,,,,,,SYSTEM,0.00,0.00,0.00,BBD,
db016b54-278f-49e8-b51e-a31621ef4659,2025-06-14 14:58:05,2025-06-14 14:58:05,2025-06-14 10:58:05,2025-06-14 10:58:05,America/Barbados,0.00,0.00,0.0,0.0,0.0,03c821d6-6274-427c-937a-ad91c6bc020d,MP-025,51210097772981,03c821d6-6274-427c-937a-ad91c6bc020d.1,CCS_2,25.0,79b72a61-f5ca-433f-b824-0c7df1204859,Massy Warrens,Massy Warrens - Massy Stores Supercenter,Warrens,St. Michael,BB,,Massy,578dca79-afd1-4b04-816a-322a7067114b,5911ffba106a13f8c146db3cc5fdaaf2,,,,,,RFID,0.00,0.00,0.00,BBD,
ee93b3f8-9347-4638-860c-1e4d85cbbabd,2025-06-14 16:55:39,2025-06-14 17:52:40,2025-06-14 12:55:39,2025-06-14 13:52:40,America/Barbados,57.02,0.00,24.4,30.0,26.0,03c821d6-6274-427c-937a-ad91c6bc020d,MP-025,51210097772981,03c821d6-6274-427c-937a-ad91c6bc020d.1,CCS_2,25.0,79b72a61-f5ca-433f-b824-0c7df1204859,Massy Warrens,Massy Warrens - Massy Stores Supercenter,Warrens,St. Michael,BB,,Massy,578dca79-afd1-4b04-816a-322a7067114b,d76e311d9fe9da830bba8b125798eaaa,,,,,55757001-227f-4341-b0da-b3cf3df8ce27,RFID,42.70,42.70,0.00,BBD,
b3f6bfd7-0afc-4a83-a199-0af056d2ef71,2025-06-14 23:01:01,2025-06-14 23:01:52,2025-06-14 19:01:01,2025-06-14 19:01:52,America/Barbados,0.85,0.00,0.2,16.1,16.1,03c821d6-6274-427c-937a-ad91c6bc020d,MP-025,51210097772981,03c821d6-6274-427c-937a-ad91c6bc020d.1,CCS_2,25.0,79b72a61-f5ca-433f-b824-0c7df1204859,Massy Warrens,Massy Warrens - Massy Stores Supercenter,Warrens,St. Michael,BB,,Massy,578dca79-afd1-4b04-816a-322a7067114b,dc8112164eb988c9912ee48a043eed3b,,,,,af41c1ab-4f44-487a-add2-ab68c55fa38c,RFID,0.35,0.35,0.00,BBD,
c03a8bc7-f702-4a96-aa87-4a4b16f85dc9,2025-06-14 23:06:52,2025-06-14 23:41:06,2025-06-14 19:06:52,2025-06-14 19:41:06,America/Barbados,34.23,0.00,14.6,0.0,0.0,03c821d6-6274-427c-937a-ad91c6bc020d,MP-025,51210097772981,03c821d6-6274-427c-937a-ad91c6bc020d.1,CCS_2,25.0,79b72a61-f5ca-433f-b824-0c7df1204859,Massy Warrens,Massy Warrens - Massy Stores Supercenter,Warrens,St. Michael,BB,,Massy,578dca79-afd1-4b04-816a-322a7067114b,dc8112164eb988c9912ee48a043eed3b,,,,,af41c1ab-4f44-487a-add2-ab68c55fa38c,RFID,25.55,25.55,0.00,BBD,
af6dda07-1555-4135-bdb6-c7edbac4b707,2025-06-15 02:06:56,2025-06-15 03:50:50,2025-06-14 22:06:56,2025-06-14 23:50:50,America/Barbados,103.90,0.00,39.2,29.0,22.5,03c821d6-6274-427c-937a-ad91c6bc020d,MP-025,51210097772981,03c821d6-6274-427c-937a-ad91c6bc020d.1,CCS_2,25.0,79b72a61-f5ca-433f-b824-0c7df1204859,Massy Warrens,Massy Warrens - Massy Stores Supercenter,Warrens,St. Michael,BB,,Massy,578dca79-afd1-4b04-816a-322a7067114b,677d88bb83a91963e061ae8a70c86a51,,,,,545e7042-ec87-4932-88ff-b50d3666c9af,RFID,68.60,68.60,0.00,BBD,
1bace55c-fcf6-41fa-bc3e-3c615721972c,2025-06-15 07:40:32,2025-06-15 09:51:47,2025-06-15 03:40:32,2025-06-15 05:51:47,America/Barbados,131.25,0.00,59.8,720.0,32.9,03c821d6-6274-427c-937a-ad91c6bc020d,MP-025,51210097772981,03c821d6-6274-427c-937a-ad91c6bc020d.1,CCS_2,25.0,79b72a61-f5ca-433f-b824-0c7df1204859,Massy Warrens,Massy Warrens - Massy Stores Supercenter,Warrens,St. Michael,BB,,Massy,578dca79-afd1-4b04-816a-322a7067114b,35b6f6f99ae2087ef24aff4869dea359,,,,,9210ee0a-d99f-4855-9c03-cdf9ee6fab7d,RFID,104.65,104.65,0.00,BBD,
88f06b47-9231-43e8-bcce-4c88390d572b,2025-06-15 11:10:20,2025-06-15 11:10:20,2025-06-15 07:10:20,2025-06-15 07:10:20,America/Barbados,0.00,0.00,0.0,0.0,0.0,03c821d6-6274-427c-937a-ad91c6bc020d,MP-025,51210097772981,03c821d6-6274-427c-937a-ad91c6bc020d.2,CHADEMO,25.0,79b72a61-f5ca-433f-b824-0c7df1204859,Massy Warrens,Massy Warrens - Massy Stores Supercenter,Warrens,St. Michael,BB,,Massy,578dca79-afd1-4b04-816a-322a7067114b,8f8a1bc53cfa9904f8ceebad0a28992a,,,,,,RFID,0.00,0.00,0.00,BBD,
24c580d0-6ac8-460c-8cf4-0e697bfcafdc,2025-06-15 15:48:40,2025-06-15 16:34:57,2025-06-15 11:48:40,2025-06-15 12:34:57,America/Barbados,46.28,13.22,4.4,23.2,8.0,03c821d6-6274-427c-937a-ad91c6bc020d,MP-025,51210097772981,03c821d6-6274-427c-937a-ad91c6bc020d.2,CHADEMO,25.0,79b72a61-f5ca-433f-b824-0c7df1204859,Massy Warrens,Massy Warrens - Massy Stores Supercenter,Warrens,St. Michael,BB,,Massy,578dca79-afd1-4b04-816a-322a7067114b,876c5be78ae0af525fac5d4891ec4c79,,,,,,SYSTEM,7.70,7.70,0.00,BBD,
3997d5b0-481c-4d1d-92ff-49f0d278be23,2025-06-15 15:28:41,2025-06-15 15:28:41,2025-06-15 11:28:41,2025-06-15 11:28:41,America/Barbados,0.00,0.00,0.0,0.0,0.0,03c821d6-6274-427c-937a-ad91c6bc020d,MP-025,51210097772981,03c821d6-6274-427c-937a-ad91c6bc020d.1,CCS_2,25.0,79b72a61-f5ca-433f-b824-0c7df1204859,Massy Warrens,Massy Warrens - Massy Stores Supercenter,Warrens,St. Michael,BB,,Massy,578dca79-afd1-4b04-816a-322a7067114b,03d1ce26fa49936b6e72eb9eafef6e3f,,,,,,RFID,0.00,0.00,0.00,BBD,
818c2f5c-d648-4833-b160-d5ba9dec99e2,2025-06-16 00:27:43,2025-06-16 00:27:43,2025-06-15 20:27:43,2025-06-15 20:27:43,America/Barbados,0.00,0.00,0.0,0.0,0.0,03c821d6-6274-427c-937a-ad91c6bc020d,MP-025,51210097772981,03c821d6-6274-427c-937a-ad91c6bc020d.1,CCS_2,25.0,79b72a61-f5ca-433f-b824-0c7df1204859,Massy Warrens,Massy Warrens - Massy Stores Supercenter,Warrens,St. Michael,BB,,Massy,578dca79-afd1-4b04-816a-322a7067114b,9a0aa3c4b0310980ab78bd4ad3e6744a,,,,,,RFID,0.00,0.00,0.00,BBD,
8374acdc-9ee7-433e-b72e-10eec3eb2963,2025-06-16 02:20:40,2025-06-16 03:05:36,2025-06-15 22:20:40,2025-06-15 23:05:36,America/Barbados,44.94,0.00,18.3,29.0,25.4,03c821d6-6274-427c-937a-ad91c6bc020d,MP-025,51210097772981,03c821d6-6274-427c-937a-ad91c6bc020d.1,CCS_2,25.0,79b72a61-f5ca-433f-b824-0c7df1204859,Massy Warrens,Massy Warrens - Massy Stores Supercenter,Warrens,St. Michael,BB,,Massy,578dca79-afd1-4b04-816a-322a7067114b,40a16d94208fdc757cd189b90808792e,,,,,,SYSTEM,32.03,32.03,0.00,BBD,
0332b11e-f54f-4683-b007-380bd7660f06,2025-06-16 20:21:51,2025-06-16 10:31:22,2025-06-16 16:21:51,2025-06-16 06:31:22,America/Barbados,13.35,0.00,4.2,29.0,22.8,03c821d6-6274-427c-937a-ad91c6bc020d,MP-025,51210097772981,03c821d6-6274-427c-937a-ad91c6bc020d.1,CCS_2,25.0,79b72a61-f5ca-433f-b824-0c7df1204859,Massy Warrens,Massy Warrens - Massy Stores Supercenter,Warrens,St. Michael,BB,,Massy,578dca79-afd1-4b04-816a-322a7067114b,d76e311d9fe9da830bba8b125798eaaa,,,,,55757001-227f-4341-b0da-b3cf3df8ce27,RFID,0.00,0.00,0.00,BBD,
32ecbe2a-bff8-4de6-a7c1-02466dc2d09f,2025-06-16 13:29:51,2025-06-16 13:29:51,2025-06-16 09:29:51,2025-06-16 09:29:51,America/Barbados,0.00,0.00,0.0,0.0,0.0,03c821d6-6274-427c-937a-ad91c6bc020d,MP-025,51210097772981,03c821d6-6274-427c-937a-ad91c6bc020d.2,CHADEMO,25.0,79b72a61-f5ca-433f-b824-0c7df1204859,Massy Warrens,Massy Warrens - Massy Stores Supercenter,Warrens,St. Michael,BB,,Massy,578dca79-afd1-4b04-816a-322a7067114b,564363f1092f00b6d8b93b0dffe923e8,,,,,,RFID,0.00,0.00,0.00,BBD,
93e4c66f-8309-41fb-b8e4-c2e49e0e1b43,2025-06-16 21:17:26,2025-06-16 22:53:34,2025-06-16 17:17:26,2025-06-16 18:53:34,America/Barbados,96.13,0.03,45.4,34.8,28.5,03c821d6-6274-427c-937a-ad91c6bc020d,MP-025,51210097772981,03c821d6-6274-427c-937a-ad91c6bc020d.1,CCS_2,25.0,79b72a61-f5ca-433f-b824-0c7df1204859,Massy Warrens,Massy Warrens - Massy Stores Supercenter,Warrens,St. Michael,BB,,Massy,578dca79-afd1-4b04-816a-322a7067114b,35b6f6f99ae2087ef24aff4869dea359,,,,,9210ee0a-d99f-4855-9c03-cdf9ee6fab7d,RFID,79.45,79.45,0.00,BBD,
bb760112-435c-4de9-8585-c3878ddfd5ca,2025-06-16 23:39:35,2025-06-17 01:02:00,2025-06-16 19:39:35,2025-06-16 21:02:00,America/Barbados,82.42,0.00,29.4,29.0,21.4,03c821d6-6274-427c-937a-ad91c6bc020d,MP-025,51210097772981,03c821d6-6274-427c-937a-ad91c6bc020d.1,CCS_2,25.0,79b72a61-f5ca-433f-b824-0c7df1204859,Massy Warrens,Massy Warrens - Massy Stores Supercenter,Warrens,St. Michael,BB,,Massy,578dca79-afd1-4b04-816a-322a7067114b,dd4c88acde25753674e21b473fe166ef,,,,,,SYSTEM,51.45,51.45,0.00,BBD,
f2ca9ffa-2639-48a7-82c3-5346ef77b525,2025-06-17 02:03:58,2025-06-17 02:03:58,2025-06-16 22:03:58,2025-06-16 22:03:58,America/Barbados,0.00,0.00,0.0,0.0,0.0,03c821d6-6274-427c-937a-ad91c6bc020d,MP-025,51210097772981,03c821d6-6274-427c-937a-ad91c6bc020d.1,CCS_2,25.0,79b72a61-f5ca-433f-b824-0c7df1204859,Massy Warrens,Massy Warrens - Massy Stores Supercenter,Warrens,St. Michael,BB,,Massy,578dca79-afd1-4b04-816a-322a7067114b,14bed3a4905e5eb5b454837dc4e55898,,,,,,RFID,0.00,0.00,0.00,BBD,
bbc4de34-55e0-4d81-8f2f-825643335e1d,2025-06-17 14:37:55,2025-06-17 16:38:01,2025-06-17 10:37:55,2025-06-17 12:38:01,America/Barbados,120.10,0.00,53.0,1816.8,61.5,03c821d6-6274-427c-937a-ad91c6bc020d,MP-025,51210097772981,03c821d6-6274-427c-937a-ad91c6bc020d.1,CCS_2,25.0,79b72a61-f5ca-433f-b824-0c7df1204859,Massy Warrens,Massy Warrens - Massy Stores Supercenter,Warrens,St. Michael,BB,,Massy,578dca79-afd1-4b04-816a-322a7067114b,36103e32ca748011fafd0684597de9b8,,,,,28fa464f-755d-408f-b101-69e31a4fb5cf,RFID,92.75,92.75,0.00,BBD,
c1446d9d-7305-4c5b-8b23-6f61731cd0cf,2025-06-17 16:57:15,2025-06-17 18:34:06,2025-06-17 12:57:15,2025-06-17 14:34:06,America/Barbados,96.85,0.00,35.5,29.0,22.0,03c821d6-6274-427c-937a-ad91c6bc020d,MP-025,51210097772981,03c821d6-6274-427c-937a-ad91c6bc020d.1,CCS_2,25.0,79b72a61-f5ca-433f-b824-0c7df1204859,Massy Warrens,Massy Warrens - Massy Stores Supercenter,Warrens,St. Michael,BB,,Massy,578dca79-afd1-4b04-816a-322a7067114b,b58b5b07674ec2cbf93f570547b26ce1,,,,,b23b088b-2ef1-4a43-aa7b-30a2abe9c056,RFID,62.13,62.13,0.00,BBD,
f900d6e2-4e88-4282-9748-e7e4450cdde4,2025-06-17 23:29:52,2025-06-18 01:03:41,2025-06-17 19:29:52,2025-06-17 21:03:41,America/Barbados,93.82,0.00,39.9,29.0,25.6,03c821d6-6274-427c-937a-ad91c6bc020d,MP-025,51210097772981,03c821d6-6274-427c-937a-ad91c6bc020d.1,CCS_2,25.0,79b72a61-f5ca-433f-b824-0c7df1204859,Massy Warrens,Massy Warrens - Massy Stores Supercenter,Warrens,St. Michael,BB,,Massy,578dca79-afd1-4b04-816a-322a7067114b,a37650d10cfbec0b3a09686403b781b0,,,,,cd1a6858-23e4-44b4-86ef-6893b5e2c87d,RFID,69.83,69.83,0.00,BBD,
38f3ab15-577b-45df-89a5-d4048a547bdc,2025-06-18 06:02:58,2025-06-18 07:30:58,2025-06-18 02:02:58,2025-06-18 03:30:58,America/Barbados,88.00,0.00,41.1,34.8,28.3,03c821d6-6274-427c-937a-ad91c6bc020d,MP-025,51210097772981,03c821d6-6274-427c-937a-ad91c6bc020d.1,CCS_2,25.0,79b72a61-f5ca-433f-b824-0c7df1204859,Massy Warrens,Massy Warrens - Massy Stores Supercenter,Warrens,St. Michael,BB,,Massy,578dca79-afd1-4b04-816a-322a7067114b,35b6f6f99ae2087ef24aff4869dea359,,,,,9210ee0a-d99f-4855-9c03-cdf9ee6fab7d,RFID,71.93,71.93,0.00,BBD,
846d16e2-6da3-4ca1-9ec1-4dc5c2b79456,2025-06-18 15:23:05,2025-06-18 15:41:57,2025-06-18 11:23:05,2025-06-18 11:41:57,America/Barbados,18.87,0.00,3.3,21.2,11.0,03c821d6-6274-427c-937a-ad91c6bc020d,MP-025,51210097772981,03c821d6-6274-427c-937a-ad91c6bc020d.2,CHADEMO,25.0,79b72a61-f5ca-433f-b824-0c7df1204859,Massy Warrens,Massy Warrens - Massy Stores Supercenter,Warrens,St. Michael,BB,,Massy,578dca79-afd1-4b04-816a-322a7067114b,9aff3794868b8b1cb666452049df58aa,,,,,,SYSTEM,5.78,5.78,0.00,BBD,
1681570d-06e8-4c75-ba1b-2d4399275ea1,2025-06-18 11:46:16,2025-06-18 11:46:16,2025-06-18 07:46:16,2025-06-18 07:46:16,America/Barbados,0.00,0.00,0.0,0.0,0.0,03c821d6-6274-427c-937a-ad91c6bc020d,MP-025,51210097772981,03c821d6-6274-427c-937a-ad91c6bc020d.1,CCS_2,25.0,79b72a61-f5ca-433f-b824-0c7df1204859,Massy Warrens,Massy Warrens - Massy Stores Supercenter,Warrens,St. Michael,BB,,Massy,578dca79-afd1-4b04-816a-322a7067114b,53c3e7f13adc18ac7473c99ec64d56c5,,,,,,RFID,0.00,0.00,0.00,BBD,
bc1ec49d-4900-4448-b56b-a5e0672afe33,2025-06-18 22:14:45,2025-06-18 23:55:04,2025-06-18 18:14:45,2025-06-18 19:55:04,America/Barbados,100.32,0.00,47.4,133.3,29.7,03c821d6-6274-427c-937a-ad91c6bc020d,MP-025,51210097772981,03c821d6-6274-427c-937a-ad91c6bc020d.1,CCS_2,25.0,79b72a61-f5ca-433f-b824-0c7df1204859,Massy Warrens,Massy Warrens - Massy Stores Supercenter,Warrens,St. Michael,BB,,Massy,578dca79-afd1-4b04-816a-322a7067114b,35b6f6f99ae2087ef24aff4869dea359,,,,,9210ee0a-d99f-4855-9c03-cdf9ee6fab7d,RFID,82.95,82.95,0.00,BBD,
7a722d47-d4cb-4304-9bc2-74a9aba747fc,2025-06-19 18:03:14,2025-06-19 19:27:28,2025-06-19 14:03:14,2025-06-19 15:27:28,America/Barbados,84.23,0.00,40.7,315.5,34.3,03c821d6-6274-427c-937a-ad91c6bc020d,MP-025,51210097772981,03c821d6-6274-427c-937a-ad91c6bc020d.1,CCS_2,25.0,79b72a61-f5ca-433f-b824-0c7df1204859,Massy Warrens,Massy Warrens - Massy Stores Supercenter,Warrens,St. Michael,BB,,Massy,578dca79-afd1-4b04-816a-322a7067114b,c5b8e5cca33ece5ec5f736e20403f3bc,,,,,f03826f6-65b6-4eb6-b29b-253cd5d0f346,RFID,71.23,71.23,0.00,BBD,
e51087b2-ca24-4eda-9008-3fb010273f08,2025-06-19 22:06:02,2025-06-19 23:04:26,2025-06-19 18:06:02,2025-06-19 19:04:26,America/Barbados,58.40,0.00,24.8,29.0,25.5,03c821d6-6274-427c-937a-ad91c6bc020d,MP-025,51210097772981,03c821d6-6274-427c-937a-ad91c6bc020d.1,CCS_2,25.0,79b72a61-f5ca-433f-b824-0c7df1204859,Massy Warrens,Massy Warrens - Massy Stores Supercenter,Warrens,St. Michael,BB,,Massy,578dca79-afd1-4b04-816a-322a7067114b,9a0aa3c4b0310980ab78bd4ad3e6744a,,,,,8c7a084b-ebbc-4912-b13b-4783148e94ff,RFID,43.40,43.40,0.00,BBD,
16739a78-aeb8-404c-a98b-99da7cff5ae5,2025-06-19 23:57:00,2025-06-20 01:47:49,2025-06-19 19:57:00,2025-06-19 21:47:49,America/Barbados,110.82,1.03,45.2,34.8,24.7,03c821d6-6274-427c-937a-ad91c6bc020d,MP-025,51210097772981,03c821d6-6274-427c-937a-ad91c6bc020d.1,CCS_2,25.0,79b72a61-f5ca-433f-b824-0c7df1204859,Massy Warrens,Massy Warrens - Massy Stores Supercenter,Warrens,St. Michael,BB,,Massy,578dca79-afd1-4b04-816a-322a7067114b,11767201bead19330121c619c3a397d5,,,,,,SYSTEM,79.10,79.10,0.00,BBD,
9a625a5b-50e7-45fc-a61c-5fe8b96d8d70,2025-06-20 01:52:05,2025-06-20 03:16:40,2025-06-19 21:52:05,2025-06-19 23:16:40,America/Barbados,84.58,0.00,32.4,25.8,14.1,03c821d6-6274-427c-937a-ad91c6bc020d,MP-025,51210097772981,03c821d6-6274-427c-937a-ad91c6bc020d.1,CCS_2,25.0,79b72a61-f5ca-433f-b824-0c7df1204859,Massy Warrens,Massy Warrens - Massy Stores Supercenter,Warrens,St. Michael,BB,,Massy,578dca79-afd1-4b04-816a-322a7067114b,677d88bb83a91963e061ae8a70c86a51,,,,,545e7042-ec87-4932-88ff-b50d3666c9af,RFID,56.70,56.70,0.00,BBD,
fe28995e-4a05-4ccc-add0-01d6ea239ee6,2025-06-20 09:12:47,2025-06-20 10:14:48,2025-06-20 05:12:47,2025-06-20 06:14:48,America/Barbados,62.02,0.02,21.0,23.7,9.2,03c821d6-6274-427c-937a-ad91c6bc020d,MP-025,51210097772981,03c821d6-6274-427c-937a-ad91c6bc020d.1,CCS_2,25.0,79b72a61-f5ca-433f-b824-0c7df1204859,Massy Warrens,Massy Warrens - Massy Stores Supercenter,Warrens,St. Michael,BB,,Massy,578dca79-afd1-4b04-816a-322a7067114b,dd4c88acde25753674e21b473fe166ef,,,,,033b321f-9ea1-4604-93a9-0160f0c2ca9c,RFID,36.75,36.75,0.00,BBD,
76d57d8a-c2cc-4ff9-8b3b-d4c92eaa256d,2025-06-20 11:25:37,2025-06-20 12:29:17,2025-06-20 07:25:37,2025-06-20 08:29:17,America/Barbados,63.67,0.00,28.7,34.8,27.2,03c821d6-6274-427c-937a-ad91c6bc020d,MP-025,51210097772981,03c821d6-6274-427c-937a-ad91c6bc020d.1,CCS_2,25.0,79b72a61-f5ca-433f-b824-0c7df1204859,Massy Warrens,Massy Warrens - Massy Stores Supercenter,Warrens,St. Michael,BB,,Massy,578dca79-afd1-4b04-816a-322a7067114b,d01f8298c4aa0be4b825cec87e3512c6,,,,,7c802f13-3acc-4c06-8717-a63c9d015e7e,RFID,50.23,50.23,0.00,BBD,
d4d15bd3-b6b5-4124-9711-43195645bf7f,2025-06-20 12:42:56,2025-06-20 13:12:16,2025-06-20 08:42:56,2025-06-20 09:12:16,America/Barbados,29.33,0.00,13.9,34.8,28.7,03c821d6-6274-427c-937a-ad91c6bc020d,MP-025,51210097772981,03c821d6-6274-427c-937a-ad91c6bc020d.1,CCS_2,25.0,79b72a61-f5ca-433f-b824-0c7df1204859,Massy Warrens,Massy Warrens - Massy Stores Supercenter,Warrens,St. Michael,BB,,Massy,578dca79-afd1-4b04-816a-322a7067114b,d01f8298c4aa0be4b825cec87e3512c6,,,,,7c802f13-3acc-4c06-8717-a63c9d015e7e,RFID,24.33,24.33,0.00,BBD,
059e2d87-0b4b-47b4-8d56-67af0df91ff9,2025-06-20 13:49:49,2025-06-20 14:03:53,2025-06-20 09:49:49,2025-06-20 10:03:53,America/Barbados,14.07,2.07,1.6,13.0,8.2,03c821d6-6274-427c-937a-ad91c6bc020d,MP-025,51210097772981,03c821d6-6274-427c-937a-ad91c6bc020d.2,CHADEMO,25.0,79b72a61-f5ca-433f-b824-0c7df1204859,Massy Warrens,Massy Warrens - Massy Stores Supercenter,Warrens,St. Michael,BB,,Massy,578dca79-afd1-4b04-816a-322a7067114b,9aff3794868b8b1cb666452049df58aa,,,,,,SYSTEM,2.80,2.80,0.00,BBD,
5fd50d6c-1eaf-4aa1-b061-dc520a2ac7d7,2025-06-20 13:54:56,2025-06-20 16:32:22,2025-06-20 09:54:56,2025-06-20 12:32:22,America/Barbados,157.43,85.42,7.1,6.0,5.7,8d27dae5-8d1f-48d0-bfe1-8875d5d568a5,MP-0079,M5012464-2,8d27dae5-8d1f-48d0-bfe1-8875d5d568a5.2,TYPE_2,22.0,1977c2c7-cd44-4e6f-a827-370cd9aad5bd,Massy Sunset Crest,"Massy Stores Supercenter, Sunset Crest",Holetown,St James,BB,,Massy,578dca79-afd1-4b04-816a-322a7067114b,1d17a8c52ff72b872f2d7376591f3803,,,,,bdcf6786-58a5-43d6-8272-e374e3e4661c,RFID,10.65,10.65,0.00,BBD,
b062052e-c92c-469e-80f2-acab56a20397,2025-06-20 22:21:37,2025-06-20 22:39:35,2025-06-20 18:21:37,2025-06-20 18:39:35,America/Barbados,17.97,0.00,2.1,12.0,6.9,8d27dae5-8d1f-48d0-bfe1-8875d5d568a5,MP-0079,M5012464-2,8d27dae5-8d1f-48d0-bfe1-8875d5d568a5.2,TYPE_2,22.0,1977c2c7-cd44-4e6f-a827-370cd9aad5bd,Massy Sunset Crest,"Massy Stores Supercenter, Sunset Crest",Holetown,St James,BB,,Massy,578dca79-afd1-4b04-816a-322a7067114b,94341940e1fa01df47e40ec893cbaf5d,,,,,d7aff9e5-6a68-460e-9892-2c18732d5b53,RFID,3.15,3.15,0.00,BBD,
3659eb52-0559-47f6-a2bc-022c29f9408b,2025-06-20 17:21:10,2025-06-20 17:21:10,2025-06-20 13:21:10,2025-06-20 13:21:10,America/Barbados,0.00,0.00,0.0,0.0,0.0,03c821d6-6274-427c-937a-ad91c6bc020d,MP-025,51210097772981,03c821d6-6274-427c-937a-ad91c6bc020d.1,CCS_2,25.0,79b72a61-f5ca-433f-b824-0c7df1204859,Massy Warrens,Massy Warrens - Massy Stores Supercenter,Warrens,St. Michael,BB,,Massy,578dca79-afd1-4b04-816a-322a7067114b,36103e32ca748011fafd0684597de9b8,,,,,,RFID,0.00,0.00,0.00,BBD,
e58ee889-1a62-4b9b-b046-2fcd7f06ab50,2025-06-20 20:57:03,2025-06-20 23:10:00,2025-06-20 16:57:03,2025-06-20 19:10:00,America/Barbados,132.95,0.00,53.3,29.0,24.9,03c821d6-6274-427c-937a-ad91c6bc020d,MP-025,51210097772981,03c821d6-6274-427c-937a-ad91c6bc020d.2,CHADEMO,25.0,79b72a61-f5ca-433f-b824-0c7df1204859,Massy Warrens,Massy Warrens - Massy Stores Supercenter,Warrens,St. Michael,BB,,Massy,578dca79-afd1-4b04-816a-322a7067114b,8f8a1bc53cfa9904f8ceebad0a28992a,,,,,2b43a680-6c0f-4d9c-937d-40d2fa634566,RFID,93.28,93.28,0.00,BBD,
8ca25824-59d8-4905-89d7-61b0f342755a,2025-06-21 04:44:58,2025-06-21 04:44:58,2025-06-21 00:44:58,2025-06-21 00:44:58,America/Barbados,0.00,0.00,0.0,0.0,0.0,03c821d6-6274-427c-937a-ad91c6bc020d,MP-025,51210097772981,03c821d6-6274-427c-937a-ad91c6bc020d.1,CCS_2,25.0,79b72a61-f5ca-433f-b824-0c7df1204859,Massy Warrens,Massy Warrens - Massy Stores Supercenter,Warrens,St. Michael,BB,,Massy,578dca79-afd1-4b04-816a-322a7067114b,7daacebf9b4ad61d93ad71b9621b0320,,,,,,RFID,0.00,0.00,0.00,BBD,
ce87f6b7-6a43-4b68-bcc1-5e6a496dabf3,2025-06-21 14:37:44,2025-06-21 16:12:46,2025-06-21 10:37:44,2025-06-21 12:12:46,America/Barbados,95.03,0.00,10.5,12.0,6.6,8d27dae5-8d1f-48d0-bfe1-8875d5d568a5,MP-0079,M5012464-2,8d27dae5-8d1f-48d0-bfe1-8875d5d568a5.2,TYPE_2,22.0,1977c2c7-cd44-4e6f-a827-370cd9aad5bd,Massy Sunset Crest,"Massy Stores Supercenter, Sunset Crest",Holetown,St James,BB,,Massy,578dca79-afd1-4b04-816a-322a7067114b,077de232d085e93ffa0aa74fc8ac4a48,,,,,72a12083-767c-420c-8900-a8829a90c134,RFID,15.75,15.75,0.00,BBD,
a0ff742e-de27-418b-bd75-71b6f149e0d0,2025-06-21 14:54:35,2025-06-21 16:30:54,2025-06-21 10:54:35,2025-06-21 12:30:54,America/Barbados,96.32,0.22,41.0,29.0,25.7,03c821d6-6274-427c-937a-ad91c6bc020d,MP-025,51210097772981,03c821d6-6274-427c-937a-ad91c6bc020d.1,CCS_2,25.0,79b72a61-f5ca-433f-b824-0c7df1204859,Massy Warrens,Massy Warrens - Massy Stores Supercenter,Warrens,St. Michael,BB,,Massy,578dca79-afd1-4b04-816a-322a7067114b,5911ffba106a13f8c146db3cc5fdaaf2,,,,,f4154aa6-6205-47f5-bff4-856043d935c8,RFID,71.75,71.75,0.00,BBD,
221bd293-ba8f-4a4d-98c2-90aed7b8bb9f,2025-06-21 17:30:45,2025-06-21 17:42:29,2025-06-21 13:30:45,2025-06-21 13:42:29,America/Barbados,11.73,0.00,4.9,0.0,0.0,03c821d6-6274-427c-937a-ad91c6bc020d,MP-025,51210097772981,03c821d6-6274-427c-937a-ad91c6bc020d.1,CCS_2,25.0,79b72a61-f5ca-433f-b824-0c7df1204859,Massy Warrens,Massy Warrens - Massy Stores Supercenter,Warrens,St. Michael,BB,,Massy,578dca79-afd1-4b04-816a-322a7067114b,080eb6f3ca035209586fad3b452199c2,,,,,12a311e6-c8c8-4c1e-a086-6aa23bc92f92,RFID,8.58,8.58,0.00,BBD,
8f5960ee-000a-4d59-9e88-78018b9aa006,2025-06-21 18:03:30,2025-06-21 18:32:29,2025-06-21 14:03:30,2025-06-21 14:32:29,America/Barbados,28.98,0.07,5.0,23.2,10.5,03c821d6-6274-427c-937a-ad91c6bc020d,MP-025,51210097772981,03c821d6-6274-427c-937a-ad91c6bc020d.2,CHADEMO,25.0,79b72a61-f5ca-433f-b824-0c7df1204859,Massy Warrens,Massy Warrens - Massy Stores Supercenter,Warrens,St. Michael,BB,,Massy,578dca79-afd1-4b04-816a-322a7067114b,db3e62ad8d365e37e9d2fbcca8e6af4b,,,,,,SYSTEM,8.75,8.75,0.00,BBD,
d01b28eb-6cb7-4b18-8407-271966042636,2025-06-21 21:15:47,2025-06-21 21:40:28,2025-06-21 17:15:47,2025-06-21 17:40:28,America/Barbados,24.68,10.02,1.5,9.0,6.2,8d27dae5-8d1f-48d0-bfe1-8875d5d568a5,MP-0079,M5012464-2,8d27dae5-8d1f-48d0-bfe1-8875d5d568a5.2,TYPE_2,22.0,1977c2c7-cd44-4e6f-a827-370cd9aad5bd,Massy Sunset Crest,"Massy Stores Supercenter, Sunset Crest",Holetown,St James,BB,,Massy,578dca79-afd1-4b04-816a-322a7067114b,768d1282fc5a8c161355988d1098736a,,,,,,SYSTEM,2.25,2.25,0.00,BBD,
1447f385-07b1-4f2b-86a9-ce6d664f4a03,2025-06-21 21:10:44,2025-06-21 21:10:44,2025-06-21 17:10:44,2025-06-21 17:10:44,America/Barbados,0.00,0.00,0.0,0.0,0.0,03c821d6-6274-427c-937a-ad91c6bc020d,MP-025,51210097772981,03c821d6-6274-427c-937a-ad91c6bc020d.1,CCS_2,25.0,79b72a61-f5ca-433f-b824-0c7df1204859,Massy Warrens,Massy Warrens - Massy Stores Supercenter,Warrens,St. Michael,BB,,Massy,578dca79-afd1-4b04-816a-322a7067114b,080eb6f3ca035209586fad3b452199c2,,,,,,RFID,0.00,0.00,0.00,BBD,
b1bcf586-bf58-42c1-8110-1f8c3f00f623,2025-06-21 23:18:36,2025-06-21 23:39:52,2025-06-21 19:18:36,2025-06-21 19:39:52,America/Barbados,21.27,0.00,8.0,29.2,22.8,03c821d6-6274-427c-937a-ad91c6bc020d,MP-025,51210097772981,03c821d6-6274-427c-937a-ad91c6bc020d.2,CHADEMO,25.0,79b72a61-f5ca-433f-b824-0c7df1204859,Massy Warrens,Massy Warrens - Massy Stores Supercenter,Warrens,St. Michael,BB,,Massy,578dca79-afd1-4b04-816a-322a7067114b,85238d638918d8b6ce011cd702d78404,,,,,,SYSTEM,14.00,14.00,0.00,BBD,
6729a449-2950-417d-b9ac-2cf06db72700,2025-06-22 14:46:39,2025-06-22 14:46:39,2025-06-22 10:46:39,2025-06-22 10:46:39,America/Barbados,0.00,0.00,0.0,0.0,0.0,03c821d6-6274-427c-937a-ad91c6bc020d,MP-025,51210097772981,03c821d6-6274-427c-937a-ad91c6bc020d.1,CCS_2,25.0,79b72a61-f5ca-433f-b824-0c7df1204859,Massy Warrens,Massy Warrens - Massy Stores Supercenter,Warrens,St. Michael,BB,,Massy,578dca79-afd1-4b04-816a-322a7067114b,dc8112164eb988c9912ee48a043eed3b,,,,,,RFID,0.00,0.00,0.00,BBD,
9bfccd98-c7c7-4ff0-845c-6ed5761db204,2025-06-22 20:20:22,2025-06-22 23:00:48,2025-06-22 16:20:22,2025-06-22 19:00:48,America/Barbados,160.43,0.42,18.6,12.0,6.9,8d27dae5-8d1f-48d0-bfe1-8875d5d568a5,MP-0079,M5012464-2,8d27dae5-8d1f-48d0-bfe1-8875d5d568a5.2,TYPE_2,22.0,1977c2c7-cd44-4e6f-a827-370cd9aad5bd,Massy Sunset Crest,"Massy Stores Supercenter, Sunset Crest",Holetown,St James,BB,,Massy,578dca79-afd1-4b04-816a-322a7067114b,a48815f87d9e91fd6f750d4f0faf1972,,,,,b9b02f58-a011-463f-9a8c-41d553eb052f,RFID,27.90,27.90,0.00,BBD,
9d69b5d3-a521-40d6-94f8-1e8ce66cf83e,2025-06-22 22:57:24,2025-06-23 00:20:35,2025-06-22 18:57:24,2025-06-22 20:20:35,America/Barbados,83.18,0.53,31.1,29.0,22.4,03c821d6-6274-427c-937a-ad91c6bc020d,MP-025,51210097772981,03c821d6-6274-427c-937a-ad91c6bc020d.1,CCS_2,25.0,79b72a61-f5ca-433f-b824-0c7df1204859,Massy Warrens,Massy Warrens - Massy Stores Supercenter,Warrens,St. Michael,BB,,Massy,578dca79-afd1-4b04-816a-322a7067114b,677d88bb83a91963e061ae8a70c86a51,,,,,545e7042-ec87-4932-88ff-b50d3666c9af,RFID,54.43,54.43,0.00,BBD,
a839213e-2167-4103-b883-3167854570c4,2025-06-23 01:45:50,2025-06-23 02:10:10,2025-06-22 21:45:50,2025-06-22 22:10:10,America/Barbados,24.35,0.00,9.6,29.0,25.5,03c821d6-6274-427c-937a-ad91c6bc020d,MP-025,51210097772981,03c821d6-6274-427c-937a-ad91c6bc020d.1,CCS_2,25.0,79b72a61-f5ca-433f-b824-0c7df1204859,Massy Warrens,Massy Warrens - Massy Stores Supercenter,Warrens,St. Michael,BB,,Massy,578dca79-afd1-4b04-816a-322a7067114b,40a16d94208fdc757cd189b90808792e,,,,,,SYSTEM,16.80,16.80,0.00,BBD,
0b96fda3-bdb5-4497-8e51-8ed5339d6e65,2025-06-23 09:16:24,2025-06-23 10:17:05,2025-06-23 05:16:24,2025-06-23 06:17:05,America/Barbados,60.68,1.78,21.3,29.0,21.7,03c821d6-6274-427c-937a-ad91c6bc020d,MP-025,51210097772981,03c821d6-6274-427c-937a-ad91c6bc020d.1,CCS_2,25.0,79b72a61-f5ca-433f-b824-0c7df1204859,Massy Warrens,Massy Warrens - Massy Stores Supercenter,Warrens,St. Michael,BB,,Massy,578dca79-afd1-4b04-816a-322a7067114b,dd4c88acde25753674e21b473fe166ef,,,,,,SYSTEM,37.28,37.28,0.00,BBD,
d306cf4e-20c3-497b-88eb-72e7fb8d4f54,2025-06-23 15:01:23,2025-06-23 15:56:16,2025-06-23 11:01:23,2025-06-23 11:56:16,America/Barbados,54.88,23.90,3.7,17.4,7.2,03c821d6-6274-427c-937a-ad91c6bc020d,MP-025,51210097772981,03c821d6-6274-427c-937a-ad91c6bc020d.2,CHADEMO,25.0,79b72a61-f5ca-433f-b824-0c7df1204859,Massy Warrens,Massy Warrens - Massy Stores Supercenter,Warrens,St. Michael,BB,,Massy,578dca79-afd1-4b04-816a-322a7067114b,876c5be78ae0af525fac5d4891ec4c79,,,,,,SYSTEM,6.48,6.48,0.00,BBD,
7ca0f1b7-9917-4944-9c37-66fd857c45ee,2025-06-23 18:51:16,2025-06-23 20:38:34,2025-06-23 14:51:16,2025-06-23 16:38:34,America/Barbados,107.30,0.00,49.3,34.8,27.7,03c821d6-6274-427c-937a-ad91c6bc020d,MP-025,51210097772981,03c821d6-6274-427c-937a-ad91c6bc020d.1,CCS_2,25.0,79b72a61-f5ca-433f-b824-0c7df1204859,Massy Warrens,Massy Warrens - Massy Stores Supercenter,Warrens,St. Michael,BB,,Massy,578dca79-afd1-4b04-816a-322a7067114b,d01f8298c4aa0be4b825cec87e3512c6,,,,,7c802f13-3acc-4c06-8717-a63c9d015e7e,RFID,86.28,86.28,0.00,BBD,
b19467d5-0998-4305-94a1-8aae82ee0847,2025-06-23 22:10:52,2025-06-23 23:09:53,2025-06-23 18:10:52,2025-06-23 19:09:53,America/Barbados,59.02,0.12,24.6,438.0,34.6,03c821d6-6274-427c-937a-ad91c6bc020d,MP-025,51210097772981,03c821d6-6274-427c-937a-ad91c6bc020d.1,CCS_2,25.0,79b72a61-f5ca-433f-b824-0c7df1204859,Massy Warrens,Massy Warrens - Massy Stores Supercenter,Warrens,St. Michael,BB,,Massy,578dca79-afd1-4b04-816a-322a7067114b,53c3e7f13adc18ac7473c99ec64d56c5,,,,,5b11676b-0383-4ad8-a16f-6da4cd89f3e3,RFID,43.05,43.05,0.00,BBD,
7d6c0b97-64cc-4611-aba5-d4463ecb4c26,2025-06-23 23:42:14,2025-06-24 00:22:49,2025-06-23 19:42:14,2025-06-23 20:22:49,America/Barbados,40.58,0.00,12.8,29.0,19.0,03c821d6-6274-427c-937a-ad91c6bc020d,MP-025,51210097772981,03c821d6-6274-427c-937a-ad91c6bc020d.1,CCS_2,25.0,79b72a61-f5ca-433f-b824-0c7df1204859,Massy Warrens,Massy Warrens - Massy Stores Supercenter,Warrens,St. Michael,BB,,Massy,578dca79-afd1-4b04-816a-322a7067114b,dd4c88acde25753674e21b473fe166ef,,,,,,SYSTEM,22.40,22.40,0.00,BBD,
c43240a6-0712-43d3-8f65-218da0eae9a0,2025-06-24 04:29:53,2025-06-24 04:29:53,2025-06-24 00:29:53,2025-06-24 00:29:53,America/Barbados,0.00,0.00,0.0,0.0,0.0,03c821d6-6274-427c-937a-ad91c6bc020d,MP-025,51210097772981,03c821d6-6274-427c-937a-ad91c6bc020d.2,CHADEMO,25.0,79b72a61-f5ca-433f-b824-0c7df1204859,Massy Warrens,Massy Warrens - Massy Stores Supercenter,Warrens,St. Michael,BB,,Massy,578dca79-afd1-4b04-816a-322a7067114b,564363f1092f00b6d8b93b0dffe923e8,,,,,,RFID,0.00,0.00,0.00,BBD,
b235b323-630e-4572-92e1-5e96f41256e0,2025-06-24 09:37:43,2025-06-24 09:36:46,2025-06-24 05:37:43,2025-06-24 05:36:46,America/Barbados,41.38,0.00,17.7,34.8,26.0,03c821d6-6274-427c-937a-ad91c6bc020d,MP-025,51210097772981,03c821d6-6274-427c-937a-ad91c6bc020d.1,CCS_2,25.0,79b72a61-f5ca-433f-b824-0c7df1204859,Massy Warrens,Massy Warrens - Massy Stores Supercenter,Warrens,St. Michael,BB,,Massy,578dca79-afd1-4b04-816a-322a7067114b,ce2ff17b1b2815c8618594a2b444cc2a,,,,,,SYSTEM,0.00,0.00,0.00,BBD,
3f962364-9a6f-4338-b8ea-58dc2b7e68f7,2025-06-24 16:07:10,2025-06-24 18:57:26,2025-06-24 12:07:10,2025-06-24 14:57:26,America/Barbados,170.27,0.00,78.0,34.8,27.5,03c821d6-6274-427c-937a-ad91c6bc020d,MP-025,51210097772981,03c821d6-6274-427c-937a-ad91c6bc020d.1,CCS_2,25.0,79b72a61-f5ca-433f-b824-0c7df1204859,Massy Warrens,Massy Warrens - Massy Stores Supercenter,Warrens,St. Michael,BB,,Massy,578dca79-afd1-4b04-816a-322a7067114b,03d1ce26fa49936b6e72eb9eafef6e3f,,,,,97fceca9-6706-421a-89f2-0f307f042c89,RFID,136.50,136.50,0.00,BBD,
cc68cd19-f547-44a3-a476-0414cc339b42,2025-06-24 23:49:34,2025-06-25 00:02:02,2025-06-24 19:49:34,2025-06-24 20:02:02,America/Barbados,12.47,0.08,2.4,17.4,11.7,03c821d6-6274-427c-937a-ad91c6bc020d,MP-025,51210097772981,03c821d6-6274-427c-937a-ad91c6bc020d.2,CHADEMO,25.0,79b72a61-f5ca-433f-b824-0c7df1204859,Massy Warrens,Massy Warrens - Massy Stores Supercenter,Warrens,St. Michael,BB,,Massy,578dca79-afd1-4b04-816a-322a7067114b,564363f1092f00b6d8b93b0dffe923e8,,,,,ff8272b9-b9c0-4e2c-a725-65cbd037a327,RFID,4.20,4.20,0.00,BBD,
416df35e-bd40-479b-9d6d-714ade874502,2025-06-25 00:05:39,2025-06-25 01:56:34,2025-06-24 20:05:39,2025-06-24 21:56:34,America/Barbados,110.92,0.35,43.0,29.0,23.3,03c821d6-6274-427c-937a-ad91c6bc020d,MP-025,51210097772981,03c821d6-6274-427c-937a-ad91c6bc020d.1,CCS_2,25.0,79b72a61-f5ca-433f-b824-0c7df1204859,Massy Warrens,Massy Warrens - Massy Stores Supercenter,Warrens,St. Michael,BB,,Massy,578dca79-afd1-4b04-816a-322a7067114b,677d88bb83a91963e061ae8a70c86a51,,,,,545e7042-ec87-4932-88ff-b50d3666c9af,RFID,75.25,75.25,0.00,BBD,
ce3e1bf5-a280-43a2-9e5f-530cc8afc160,2025-06-25 15:13:15,2025-06-25 15:49:30,2025-06-25 11:13:15,2025-06-25 11:49:30,America/Barbados,36.25,0.10,15.7,34.8,26.2,03c821d6-6274-427c-937a-ad91c6bc020d,MP-025,51210097772981,03c821d6-6274-427c-937a-ad91c6bc020d.1,CCS_2,25.0,79b72a61-f5ca-433f-b824-0c7df1204859,Massy Warrens,Massy Warrens - Massy Stores Supercenter,Warrens,St. Michael,BB,,Massy,578dca79-afd1-4b04-816a-322a7067114b,ce2ff17b1b2815c8618594a2b444cc2a,,,,,,SYSTEM,27.48,27.48,0.00,BBD,
11bf83b5-1728-4aba-a1c2-75aee3b405b7,2025-06-25 17:49:25,2025-06-25 17:49:31,2025-06-25 13:49:25,2025-06-25 13:49:31,America/Barbados,0.11,0.00,0.0,0.0,0.0,03c821d6-6274-427c-937a-ad91c6bc020d,MP-025,51210097772981,03c821d6-6274-427c-937a-ad91c6bc020d.1,CCS_2,25.0,79b72a61-f5ca-433f-b824-0c7df1204859,Massy Warrens,Massy Warrens - Massy Stores Supercenter,Warrens,St. Michael,BB,,Massy,578dca79-afd1-4b04-816a-322a7067114b,7daacebf9b4ad61d93ad71b9621b0320,,,,,,RFID,0.00,0.00,0.00,BBD,
fd2d3025-1261-4fe0-86fa-51a979e1ae01,2025-06-25 20:59:28,2025-06-25 20:59:28,2025-06-25 16:59:28,2025-06-25 16:59:28,America/Barbados,0.00,0.00,0.0,0.0,0.0,03c821d6-6274-427c-937a-ad91c6bc020d,MP-025,51210097772981,03c821d6-6274-427c-937a-ad91c6bc020d.1,CCS_2,25.0,79b72a61-f5ca-433f-b824-0c7df1204859,Massy Warrens,Massy Warrens - Massy Stores Supercenter,Warrens,St. Michael,BB,,Massy,578dca79-afd1-4b04-816a-322a7067114b,53c3e7f13adc18ac7473c99ec64d56c5,,,,,,RFID,0.00,0.00,0.00,BBD,
a1989dce-0f28-4747-8a6a-d8659c0c7d1a,2025-06-26 15:53:29,2025-06-26 16:17:53,2025-06-26 11:53:29,2025-06-26 12:17:53,America/Barbados,24.40,0.00,10.3,29.0,25.5,03c821d6-6274-427c-937a-ad91c6bc020d,MP-025,51210097772981,03c821d6-6274-427c-937a-ad91c6bc020d.1,CCS_2,25.0,79b72a61-f5ca-433f-b824-0c7df1204859,Massy Warrens,Massy Warrens - Massy Stores Supercenter,Warrens,St. Michael,BB,,Massy,578dca79-afd1-4b04-816a-322a7067114b,cc99bf8d372551c618a7ef19604df400,,,,,,SYSTEM,18.03,18.03,0.00,BBD,
1e82b8de-d1bd-4c6a-aedf-18a5199db320,2025-06-26 17:24:02,2025-06-26 17:51:39,2025-06-26 13:24:02,2025-06-26 13:51:39,America/Barbados,27.62,0.00,11.7,0.0,0.0,03c821d6-6274-427c-937a-ad91c6bc020d,MP-025,51210097772981,03c821d6-6274-427c-937a-ad91c6bc020d.1,CCS_2,25.0,79b72a61-f5ca-433f-b824-0c7df1204859,Massy Warrens,Massy Warrens - Massy Stores Supercenter,Warrens,St. Michael,BB,,Massy,578dca79-afd1-4b04-816a-322a7067114b,dc8112164eb988c9912ee48a043eed3b,,,,,af41c1ab-4f44-487a-add2-ab68c55fa38c,RFID,20.48,20.48,0.00,BBD,
f24d48f3-f5be-425e-b21a-3ecd46287f02,2025-06-26 23:28:08,2025-06-27 00:57:53,2025-06-26 19:28:08,2025-06-26 20:57:53,America/Barbados,89.75,0.00,34.2,29.0,22.7,03c821d6-6274-427c-937a-ad91c6bc020d,MP-025,51210097772981,03c821d6-6274-427c-937a-ad91c6bc020d.1,CCS_2,25.0,79b72a61-f5ca-433f-b824-0c7df1204859,Massy Warrens,Massy Warrens - Massy Stores Supercenter,Warrens,St. Michael,BB,,Massy,578dca79-afd1-4b04-816a-322a7067114b,677d88bb83a91963e061ae8a70c86a51,,,,,545e7042-ec87-4932-88ff-b50d3666c9af,RFID,59.85,59.85,0.00,BBD,
117363d6-ade0-4587-a01b-b41d1a9633d5,2025-06-27 08:10:44,2025-06-27 09:44:53,2025-06-27 04:10:44,2025-06-27 05:44:53,America/Barbados,94.15,0.13,34.3,29.0,21.9,03c821d6-6274-427c-937a-ad91c6bc020d,MP-025,51210097772981,03c821d6-6274-427c-937a-ad91c6bc020d.1,CCS_2,25.0,79b72a61-f5ca-433f-b824-0c7df1204859,Massy Warrens,Massy Warrens - Massy Stores Supercenter,Warrens,St. Michael,BB,,Massy,578dca79-afd1-4b04-816a-322a7067114b,dd4c88acde25753674e21b473fe166ef,,,,,033b321f-9ea1-4604-93a9-0160f0c2ca9c,RFID,60.03,60.03,0.00,BBD,
7a49af25-e7b1-4d3a-98c6-c3a13700231b,2025-06-27 10:50:52,2025-06-27 13:27:51,2025-06-27 06:50:52,2025-06-27 09:27:51,America/Barbados,156.98,0.00,61.7,271.3,25.2,03c821d6-6274-427c-937a-ad91c6bc020d,MP-025,51210097772981,03c821d6-6274-427c-937a-ad91c6bc020d.2,CHADEMO,25.0,79b72a61-f5ca-433f-b824-0c7df1204859,Massy Warrens,Massy Warrens - Massy Stores Supercenter,Warrens,St. Michael,BB,,Massy,578dca79-afd1-4b04-816a-322a7067114b,8f8a1bc53cfa9904f8ceebad0a28992a,,,,,2b43a680-6c0f-4d9c-937d-40d2fa634566,RFID,107.98,107.98,0.00,BBD,
7039f703-f3df-4da3-917b-d638ad3f94f6,2025-06-27 13:29:07,2025-06-27 14:21:06,2025-06-27 09:29:07,2025-06-27 10:21:06,America/Barbados,51.98,0.00,22.9,34.8,26.5,03c821d6-6274-427c-937a-ad91c6bc020d,MP-025,51210097772981,03c821d6-6274-427c-937a-ad91c6bc020d.1,CCS_2,25.0,79b72a61-f5ca-433f-b824-0c7df1204859,Massy Warrens,Massy Warrens - Massy Stores Supercenter,Warrens,St. Michael,BB,,Massy,578dca79-afd1-4b04-816a-322a7067114b,36103e32ca748011fafd0684597de9b8,,,,,28fa464f-755d-408f-b101-69e31a4fb5cf,RFID,40.08,40.08,0.00,BBD,
09ace13a-ce21-48a6-b646-089f0e8756ae,2025-06-27 18:40:07,2025-06-27 18:47:57,2025-06-27 14:40:07,2025-06-27 14:47:57,America/Barbados,7.83,0.00,3.2,29.0,24.4,03c821d6-6274-427c-937a-ad91c6bc020d,MP-025,51210097772981,03c821d6-6274-427c-937a-ad91c6bc020d.1,CCS_2,25.0,79b72a61-f5ca-433f-b824-0c7df1204859,Massy Warrens,Massy Warrens - Massy Stores Supercenter,Warrens,St. Michael,BB,,Massy,578dca79-afd1-4b04-816a-322a7067114b,dd4c88acde25753674e21b473fe166ef,,,,,,SYSTEM,5.60,5.60,0.00,BBD,
a9f0dac3-2d38-48a9-91c7-3edd77235876,2025-06-27 23:24:28,2025-06-28 00:29:01,2025-06-27 19:24:28,2025-06-27 20:29:01,America/Barbados,64.55,0.00,27.3,36.4,25.5,03c821d6-6274-427c-937a-ad91c6bc020d,MP-025,51210097772981,03c821d6-6274-427c-937a-ad91c6bc020d.1,CCS_2,25.0,79b72a61-f5ca-433f-b824-0c7df1204859,Massy Warrens,Massy Warrens - Massy Stores Supercenter,Warrens,St. Michael,BB,,Massy,578dca79-afd1-4b04-816a-322a7067114b,40a16d94208fdc757cd189b90808792e,,,,,,SYSTEM,47.78,47.78,0.00,BBD,
8f0ae04b-ae13-4c27-88d7-3d79245431cd,2025-06-28 06:24:08,2025-06-28 07:52:55,2025-06-28 02:24:08,2025-06-28 03:52:55,America/Barbados,88.78,0.00,40.3,34.8,27.5,03c821d6-6274-427c-937a-ad91c6bc020d,MP-025,51210097772981,03c821d6-6274-427c-937a-ad91c6bc020d.1,CCS_2,25.0,79b72a61-f5ca-433f-b824-0c7df1204859,Massy Warrens,Massy Warrens - Massy Stores Supercenter,Warrens,St. Michael,BB,,Massy,578dca79-afd1-4b04-816a-322a7067114b,35b6f6f99ae2087ef24aff4869dea359,,,,,9210ee0a-d99f-4855-9c03-cdf9ee6fab7d,RFID,70.53,70.53,0.00,BBD,
e6e694a3-f2d6-4513-b0e9-7570c83e11bc,2025-06-28 10:05:20,2025-06-28 11:31:05,2025-06-28 06:05:20,2025-06-28 07:31:05,America/Barbados,85.75,0.00,36.6,29.0,25.7,03c821d6-6274-427c-937a-ad91c6bc020d,MP-025,51210097772981,03c821d6-6274-427c-937a-ad91c6bc020d.1,CCS_2,25.0,79b72a61-f5ca-433f-b824-0c7df1204859,Massy Warrens,Massy Warrens - Massy Stores Supercenter,Warrens,St. Michael,BB,,Massy,578dca79-afd1-4b04-816a-322a7067114b,9a0aa3c4b0310980ab78bd4ad3e6744a,,,,,8c7a084b-ebbc-4912-b13b-4783148e94ff,RFID,64.05,64.05,0.00,BBD,
4a32c904-1a4c-444a-af15-3ebc5e9aa89d,2025-06-28 19:38:42,2025-06-28 20:40:53,2025-06-28 15:38:42,2025-06-28 16:40:53,America/Barbados,62.18,0.17,7.2,12.0,7.0,024e77fc-3da1-4e73-930e-b76e45511419,MP-001,M5005918-7,024e77fc-3da1-4e73-930e-b76e45511419.1,TYPE_2,7.4,1977c2c7-cd44-4e6f-a827-370cd9aad5bd,Massy Sunset Crest,"Massy Stores Supercenter, Sunset Crest",Holetown,St James,BB,,Massy,578dca79-afd1-4b04-816a-322a7067114b,80cb6e0b21930e5365d7168dd6885f3a,,,,,,WEB_APP,10.80,10.80,0.00,BBD,
9c8a9d5c-1276-4342-af22-c8e663298f02,2025-06-29 13:30:03,2025-06-29 14:16:08,2025-06-29 09:30:03,2025-06-29 10:16:08,America/Barbados,46.08,0.00,15.3,29.0,19.9,03c821d6-6274-427c-937a-ad91c6bc020d,MP-025,51210097772981,03c821d6-6274-427c-937a-ad91c6bc020d.1,CCS_2,25.0,79b72a61-f5ca-433f-b824-0c7df1204859,Massy Warrens,Massy Warrens - Massy Stores Supercenter,Warrens,St. Michael,BB,,Massy,578dca79-afd1-4b04-816a-322a7067114b,0e411a7aae18e5bf462136072fec76ab,,,,,,SYSTEM,26.78,26.78,0.00,BBD,
6669d265-7002-4537-9cc3-fb5ffd13c60f,2025-06-29 17:32:45,2025-06-29 18:43:30,2025-06-29 13:32:45,2025-06-29 14:43:30,America/Barbados,70.75,0.00,30.7,29.0,26.1,03c821d6-6274-427c-937a-ad91c6bc020d,MP-025,51210097772981,03c821d6-6274-427c-937a-ad91c6bc020d.1,CCS_2,25.0,79b72a61-f5ca-433f-b824-0c7df1204859,Massy Warrens,Massy Warrens - Massy Stores Supercenter,Warrens,St. Michael,BB,,Massy,578dca79-afd1-4b04-816a-322a7067114b,ce2ff17b1b2815c8618594a2b444cc2a,,,,,,SYSTEM,53.73,53.73,0.00,BBD,
51a9785d-f934-4675-b858-99c66e46c975,2025-06-29 19:12:56,2025-06-29 19:47:08,2025-06-29 15:12:56,2025-06-29 15:47:08,America/Barbados,34.20,4.23,4.8,17.4,9.1,03c821d6-6274-427c-937a-ad91c6bc020d,MP-025,51210097772981,03c821d6-6274-427c-937a-ad91c6bc020d.2,CHADEMO,25.0,79b72a61-f5ca-433f-b824-0c7df1204859,Massy Warrens,Massy Warrens - Massy Stores Supercenter,Warrens,St. Michael,BB,,Massy,578dca79-afd1-4b04-816a-322a7067114b,564363f1092f00b6d8b93b0dffe923e8,,,,,ff8272b9-b9c0-4e2c-a725-65cbd037a327,RFID,8.40,8.40,0.00,BBD,
f3a6e382-ec71-4f5d-ab3c-4735560764a3,2025-06-29 22:05:08,2025-06-29 23:38:30,2025-06-29 18:05:08,2025-06-29 19:38:30,America/Barbados,93.37,0.00,39.8,34.8,25.7,03c821d6-6274-427c-937a-ad91c6bc020d,MP-025,51210097772981,03c821d6-6274-427c-937a-ad91c6bc020d.1,CCS_2,25.0,79b72a61-f5ca-433f-b824-0c7df1204859,Massy Warrens,Massy Warrens - Massy Stores Supercenter,Warrens,St. Michael,BB,,Massy,578dca79-afd1-4b04-816a-322a7067114b,a37650d10cfbec0b3a09686403b781b0,,,,,cd1a6858-23e4-44b4-86ef-6893b5e2c87d,RFID,69.65,69.65,0.00,BBD,
4e270d86-d4a7-452e-8ff8-225dd462a1f6,2025-06-29 23:40:20,2025-06-30 01:31:41,2025-06-29 19:40:20,2025-06-29 21:31:41,America/Barbados,111.35,0.00,42.9,29.0,23.0,03c821d6-6274-427c-937a-ad91c6bc020d,MP-025,51210097772981,03c821d6-6274-427c-937a-ad91c6bc020d.1,CCS_2,25.0,79b72a61-f5ca-433f-b824-0c7df1204859,Massy Warrens,Massy Warrens - Massy Stores Supercenter,Warrens,St. Michael,BB,,Massy,578dca79-afd1-4b04-816a-322a7067114b,677d88bb83a91963e061ae8a70c86a51,,,,,545e7042-ec87-4932-88ff-b50d3666c9af,RFID,75.08,75.08,0.00,BBD,
927508d5-77ed-4fd7-9b47-b8ef5507a14a,2025-06-30 08:33:06,2025-06-30 09:24:48,2025-06-30 04:33:06,2025-06-30 05:24:48,America/Barbados,51.70,0.05,17.4,29.0,19.8,03c821d6-6274-427c-937a-ad91c6bc020d,MP-025,51210097772981,03c821d6-6274-427c-937a-ad91c6bc020d.1,CCS_2,25.0,79b72a61-f5ca-433f-b824-0c7df1204859,Massy Warrens,Massy Warrens - Massy Stores Supercenter,Warrens,St. Michael,BB,,Massy,578dca79-afd1-4b04-816a-322a7067114b,dd4c88acde25753674e21b473fe166ef,,,,,033b321f-9ea1-4604-93a9-0160f0c2ca9c,RFID,30.45,30.45,0.00,BBD,
2ab94acf-4f8f-42e4-bf59-905598073ed6,2025-06-30 11:57:44,2025-06-30 14:24:36,2025-06-30 07:57:44,2025-06-30 10:24:36,America/Barbados,146.87,0.00,66.3,40.0,27.3,03c821d6-6274-427c-937a-ad91c6bc020d,MP-025,51210097772981,03c821d6-6274-427c-937a-ad91c6bc020d.1,CCS_2,25.0,79b72a61-f5ca-433f-b824-0c7df1204859,Massy Warrens,Massy Warrens - Massy Stores Supercenter,Warrens,St. Michael,BB,,Massy,578dca79-afd1-4b04-816a-322a7067114b,d01f8298c4aa0be4b825cec87e3512c6,,,,,7c802f13-3acc-4c06-8717-a63c9d015e7e,RFID,116.03,116.03,0.00,BBD,
b992cc0d-a20f-4f82-9d26-9db578ca1f5d,2025-06-30 18:43:08,2025-06-30 18:43:08,2025-06-30 14:43:08,2025-06-30 14:43:08,America/Barbados,0.00,0.00,0.0,0.0,0.0,03c821d6-6274-427c-937a-ad91c6bc020d,MP-025,51210097772981,03c821d6-6274-427c-937a-ad91c6bc020d.1,CCS_2,25.0,79b72a61-f5ca-433f-b824-0c7df1204859,Massy Warrens,Massy Warrens - Massy Stores Supercenter,Warrens,St. Michael,BB,,Massy,578dca79-afd1-4b04-816a-322a7067114b,dc8112164eb988c9912ee48a043eed3b,,,,,,RFID,0.00,0.00,0.00,BBD,
e0b3f464-0978-434a-afcf-744c639ca745,2025-06-30 21:47:53,2025-06-30 23:26:25,2025-06-30 17:47:53,2025-06-30 19:26:25,America/Barbados,98.53,0.00,42.0,198.4,27.4,03c821d6-6274-427c-937a-ad91c6bc020d,MP-025,51210097772981,03c821d6-6274-427c-937a-ad91c6bc020d.1,CCS_2,25.0,79b72a61-f5ca-433f-b824-0c7df1204859,Massy Warrens,Massy Warrens - Massy Stores Supercenter,Warrens,St. Michael,BB,,Massy,578dca79-afd1-4b04-816a-322a7067114b,9a0aa3c4b0310980ab78bd4ad3e6744a,,,,,8c7a084b-ebbc-4912-b13b-4783148e94ff,RFID,73.50,73.50,0.00,BBD,
a6a518d3-39e1-4125-a729-065e7c86cd34,2025-07-01 06:18:27,2025-07-01 06:33:11,2025-07-01 02:18:27,2025-07-01 02:33:11,America/Barbados,14.73,0.28,3.2,19.8,13.4,03c821d6-6274-427c-937a-ad91c6bc020d,MP-025,51210097772981,03c821d6-6274-427c-937a-ad91c6bc020d.2,CHADEMO,25.0,79b72a61-f5ca-433f-b824-0c7df1204859,Massy Warrens,Massy Warrens - Massy Stores Supercenter,Warrens,St. Michael,BB,,Massy,578dca79-afd1-4b04-816a-322a7067114b,564363f1092f00b6d8b93b0dffe923e8,,,,,ff8272b9-b9c0-4e2c-a725-65cbd037a327,RFID,5.60,5.60,0.00,BBD,
8c967880-6138-4136-bf64-27f166834734,2025-07-03 09:57:05,2025-07-03 11:38:13,2025-07-03 05:57:05,2025-07-03 07:38:13,America/Barbados,101.13,0.00,37.7,38.0,22.0,03c821d6-6274-427c-937a-ad91c6bc020d,MP-025,51210097772981,03c821d6-6274-427c-937a-ad91c6bc020d.1,CCS_2,25.0,79b72a61-f5ca-433f-b824-0c7df1204859,Massy Warrens,Massy Warrens - Massy Stores Supercenter,Warrens,St. Michael,BB,,Massy,578dca79-afd1-4b04-816a-322a7067114b,dd4c88acde25753674e21b473fe166ef,,,,,,SYSTEM,65.98,65.98,0.00,BBD,
d464b95d-6ab8-4e42-b394-97daf5b3682d,2025-07-03 13:20:48,2025-07-03 13:31:48,2025-07-03 09:20:48,2025-07-03 09:31:48,America/Barbados,11.00,0.00,2.0,242.7,43.4,03c821d6-6274-427c-937a-ad91c6bc020d,MP-025,51210097772981,03c821d6-6274-427c-937a-ad91c6bc020d.2,CHADEMO,25.0,79b72a61-f5ca-433f-b824-0c7df1204859,Massy Warrens,Massy Warrens - Massy Stores Supercenter,Warrens,St. Michael,BB,,Massy,578dca79-afd1-4b04-816a-322a7067114b,564363f1092f00b6d8b93b0dffe923e8,,,,,ff8272b9-b9c0-4e2c-a725-65cbd037a327,RFID,3.50,3.50,0.00,BBD,
e66e2d77-2ef0-492f-bce2-a0fbdf116854,2025-07-03 21:06:56,2025-07-03 21:43:49,2025-07-03 17:06:56,2025-07-03 17:43:49,America/Barbados,36.88,0.87,4.2,12.0,6.9,8d27dae5-8d1f-48d0-bfe1-8875d5d568a5,MP-0079,M5012464-2,8d27dae5-8d1f-48d0-bfe1-8875d5d568a5.1,TYPE_2,22.0,1977c2c7-cd44-4e6f-a827-370cd9aad5bd,Massy Sunset Crest,"Massy Stores Supercenter, Sunset Crest",Holetown,St James,BB,,Massy,578dca79-afd1-4b04-816a-322a7067114b,d094140c914a0230b6a3c3c35ba1c158,,,,,18d39925-7b1f-4232-b364-e41448dcf7bd,RFID,6.30,6.30,0.00,BBD,
051e35f9-d843-4327-b9a2-18db3f3dcebd,2025-07-03 23:29:56,2025-07-04 01:17:13,2025-07-03 19:29:56,2025-07-03 21:17:13,America/Barbados,107.28,0.87,41.0,29.0,23.0,03c821d6-6274-427c-937a-ad91c6bc020d,MP-025,51210097772981,03c821d6-6274-427c-937a-ad91c6bc020d.1,CCS_2,25.0,79b72a61-f5ca-433f-b824-0c7df1204859,Massy Warrens,Massy Warrens - Massy Stores Supercenter,Warrens,St. Michael,BB,,Massy,578dca79-afd1-4b04-816a-322a7067114b,677d88bb83a91963e061ae8a70c86a51,,,,,545e7042-ec87-4932-88ff-b50d3666c9af,RFID,71.75,71.75,0.00,BBD,
e1c7520d-7c69-41f2-bdae-e6f55562029e,2025-07-04 15:23:17,2025-07-04 15:23:17,2025-07-04 11:23:17,2025-07-04 11:23:17,America/Barbados,0.00,0.00,0.0,0.0,0.0,03c821d6-6274-427c-937a-ad91c6bc020d,MP-025,51210097772981,03c821d6-6274-427c-937a-ad91c6bc020d.1,CCS_2,25.0,79b72a61-f5ca-433f-b824-0c7df1204859,Massy Warrens,Massy Warrens - Massy Stores Supercenter,Warrens,St. Michael,BB,,Massy,578dca79-afd1-4b04-816a-322a7067114b,a37650d10cfbec0b3a09686403b781b0,,,,,,RFID,0.00,0.00,0.00,BBD,
7ec34890-7634-4fc3-9e57-bd4bcf429536,2025-07-04 18:45:41,2025-07-04 19:51:15,2025-07-04 14:45:41,2025-07-04 15:51:15,America/Barbados,65.57,0.00,27.9,31.8,25.5,03c821d6-6274-427c-937a-ad91c6bc020d,MP-025,51210097772981,03c821d6-6274-427c-937a-ad91c6bc020d.1,CCS_2,25.0,79b72a61-f5ca-433f-b824-0c7df1204859,Massy Warrens,Massy Warrens - Massy Stores Supercenter,Warrens,St. Michael,BB,,Massy,578dca79-afd1-4b04-816a-322a7067114b,d094140c914a0230b6a3c3c35ba1c158,,,,,,SYSTEM,48.83,48.83,0.00,BBD,
673fbfdb-bc8d-4172-9021-4e0924fbe888,2025-07-04 19:58:40,2025-07-04 22:28:44,2025-07-04 15:58:40,2025-07-04 18:28:44,America/Barbados,150.07,0.25,62.7,34.8,25.1,03c821d6-6274-427c-937a-ad91c6bc020d,MP-025,51210097772981,03c821d6-6274-427c-937a-ad91c6bc020d.1,CCS_2,25.0,79b72a61-f5ca-433f-b824-0c7df1204859,Massy Warrens,Massy Warrens - Massy Stores Supercenter,Warrens,St. Michael,BB,,Massy,578dca79-afd1-4b04-816a-322a7067114b,646e6f6a3dc9b3baf56730afeab800ea,,,,,,SYSTEM,109.73,109.73,0.00,BBD,
a6676690-39ac-442b-9e44-07b7ba22c985,2025-07-04 23:22:16,2025-07-04 23:33:44,2025-07-04 19:22:16,2025-07-04 19:33:44,America/Barbados,11.47,0.12,4.9,29.0,27.1,03c821d6-6274-427c-937a-ad91c6bc020d,MP-025,51210097772981,03c821d6-6274-427c-937a-ad91c6bc020d.1,CCS_2,25.0,79b72a61-f5ca-433f-b824-0c7df1204859,Massy Warrens,Massy Warrens - Massy Stores Supercenter,Warrens,St. Michael,BB,,Massy,578dca79-afd1-4b04-816a-322a7067114b,03d1ce26fa49936b6e72eb9eafef6e3f,,,,,97fceca9-6706-421a-89f2-0f307f042c89,RFID,8.58,8.58,0.00,BBD,
563c227b-25b7-46c7-b64f-be807e5e8b65,2025-07-05 15:29:27,2025-07-05 16:15:49,2025-07-05 11:29:27,2025-07-05 12:15:49,America/Barbados,46.37,0.00,19.6,29.3,24.0,03c821d6-6274-427c-937a-ad91c6bc020d,MP-025,51210097772981,03c821d6-6274-427c-937a-ad91c6bc020d.1,CCS_2,25.0,79b72a61-f5ca-433f-b824-0c7df1204859,Massy Warrens,Massy Warrens - Massy Stores Supercenter,Warrens,St. Michael,BB,,Massy,578dca79-afd1-4b04-816a-322a7067114b,03d1ce26fa49936b6e72eb9eafef6e3f,,,,,97fceca9-6706-421a-89f2-0f307f042c89,RFID,34.30,34.30,0.00,BBD,
209b7585-01ce-45e9-a3c6-f1233e58e582,2025-07-06 22:44:56,2025-07-07 00:05:31,2025-07-06 18:44:56,2025-07-06 20:05:31,America/Barbados,80.58,0.00,30.1,29.0,21.6,03c821d6-6274-427c-937a-ad91c6bc020d,MP-025,51210097772981,03c821d6-6274-427c-937a-ad91c6bc020d.1,CCS_2,25.0,79b72a61-f5ca-433f-b824-0c7df1204859,Massy Warrens,Massy Warrens - Massy Stores Supercenter,Warrens,St. Michael,BB,,Massy,578dca79-afd1-4b04-816a-322a7067114b,677d88bb83a91963e061ae8a70c86a51,,,,,545e7042-ec87-4932-88ff-b50d3666c9af,RFID,52.68,52.68,0.00,BBD,
53f8e20d-c8c9-4847-92f5-af3c7fea5f43,2025-07-07 17:01:08,2025-07-07 19:20:37,2025-07-07 13:01:08,2025-07-07 15:20:37,America/Barbados,139.48,1.03,53.0,49.8,22.6,03c821d6-6274-427c-937a-ad91c6bc020d,MP-025,51210097772981,03c821d6-6274-427c-937a-ad91c6bc020d.1,CCS_2,25.0,79b72a61-f5ca-433f-b824-0c7df1204859,Massy Warrens,Massy Warrens - Massy Stores Supercenter,Warrens,St. Michael,BB,,Massy,578dca79-afd1-4b04-816a-322a7067114b,9524292787ec90c1c0d210497cc1166e,,,,,81c772bc-95b4-494a-b120-9b72e065fadc,RFID,92.75,92.75,0.00,BBD,
22b84560-9b8c-4437-aa8c-00a9253c60a0,2025-07-07 22:52:58,2025-07-08 01:22:51,2025-07-07 18:52:58,2025-07-07 21:22:51,America/Barbados,149.88,0.05,62.7,34.8,25.1,03c821d6-6274-427c-937a-ad91c6bc020d,MP-025,51210097772981,03c821d6-6274-427c-937a-ad91c6bc020d.1,CCS_2,25.0,79b72a61-f5ca-433f-b824-0c7df1204859,Massy Warrens,Massy Warrens - Massy Stores Supercenter,Warrens,St. Michael,BB,,Massy,578dca79-afd1-4b04-816a-322a7067114b,78e78a55903cbaa152fa8a1923bb98d0,,,,,,SYSTEM,109.73,109.73,0.00,BBD,
c36aef14-0840-4bf8-a194-2011d839c873,2025-07-08 15:54:00,2025-07-08 17:10:56,2025-07-08 11:54:00,2025-07-08 13:10:56,America/Barbados,76.93,0.00,9.3,12.0,7.3,024e77fc-3da1-4e73-930e-b76e45511419,MP-001,M5005918-7,024e77fc-3da1-4e73-930e-b76e45511419.1,TYPE_2,7.4,1977c2c7-cd44-4e6f-a827-370cd9aad5bd,Massy Sunset Crest,"Massy Stores Supercenter, Sunset Crest",Holetown,St James,BB,,Massy,578dca79-afd1-4b04-816a-322a7067114b,ce2ff17b1b2815c8618594a2b444cc2a,,,,,,SYSTEM,13.95,13.95,0.00,BBD,
85ab2934-b6f5-44a4-8aee-67f8f924d4d9,2025-07-08 21:30:41,2025-07-08 21:54:06,2025-07-08 17:30:41,2025-07-08 17:54:06,America/Barbados,23.42,9.40,1.4,6.0,5.8,8d27dae5-8d1f-48d0-bfe1-8875d5d568a5,MP-0079,M5012464-2,8d27dae5-8d1f-48d0-bfe1-8875d5d568a5.2,TYPE_2,22.0,1977c2c7-cd44-4e6f-a827-370cd9aad5bd,Massy Sunset Crest,"Massy Stores Supercenter, Sunset Crest",Holetown,St James,BB,,Massy,578dca79-afd1-4b04-816a-322a7067114b,768d1282fc5a8c161355988d1098736a,,,,,,SYSTEM,2.10,2.10,0.00,BBD,
8d80e51c-a15d-4116-8f09-bd30fe1f9bb1,2025-07-08 22:10:55,2025-07-08 23:26:34,2025-07-08 18:10:55,2025-07-08 19:26:34,America/Barbados,75.65,0.00,32.2,2244.5,84.1,03c821d6-6274-427c-937a-ad91c6bc020d,MP-025,51210097772981,03c821d6-6274-427c-937a-ad91c6bc020d.1,CCS_2,25.0,79b72a61-f5ca-433f-b824-0c7df1204859,Massy Warrens,Massy Warrens - Massy Stores Supercenter,Warrens,St. Michael,BB,,Massy,578dca79-afd1-4b04-816a-322a7067114b,c9f39b141441317dae066dcffaff1e69,,,,,9bff59bf-2b40-4081-9b07-1f27cc10d92b,RFID,56.35,56.35,0.00,BBD,
4d18313c-b222-400a-a391-e3671d00b1b8,2025-07-09 00:33:14,2025-07-09 02:28:34,2025-07-08 20:33:14,2025-07-08 22:28:34,America/Barbados,115.33,0.00,60.2,34.8,31.3,03c821d6-6274-427c-937a-ad91c6bc020d,MP-025,51210097772981,03c821d6-6274-427c-937a-ad91c6bc020d.1,CCS_2,25.0,79b72a61-f5ca-433f-b824-0c7df1204859,Massy Warrens,Massy Warrens - Massy Stores Supercenter,Warrens,St. Michael,BB,,Massy,578dca79-afd1-4b04-816a-322a7067114b,627f845759db7ce678e3c1ea831c0241,,,,,,SYSTEM,105.35,105.35,0.00,BBD,
88541945-1395-445d-b781-fd5c94b52528,2025-07-09 02:51:53,2025-07-09 04:39:18,2025-07-08 22:51:53,2025-07-09 00:39:18,America/Barbados,107.42,0.00,41.9,29.0,23.4,03c821d6-6274-427c-937a-ad91c6bc020d,MP-025,51210097772981,03c821d6-6274-427c-937a-ad91c6bc020d.1,CCS_2,25.0,79b72a61-f5ca-433f-b824-0c7df1204859,Massy Warrens,Massy Warrens - Massy Stores Supercenter,Warrens,St. Michael,BB,,Massy,578dca79-afd1-4b04-816a-322a7067114b,677d88bb83a91963e061ae8a70c86a51,,,,,545e7042-ec87-4932-88ff-b50d3666c9af,RFID,73.33,73.33,0.00,BBD,
3e843a37-232d-4c21-b94e-9ab96ac933e8,2025-07-09 18:38:18,2025-07-09 19:03:59,2025-07-09 14:38:18,2025-07-09 15:03:59,America/Barbados,25.68,1.70,2.8,12.0,7.2,8d27dae5-8d1f-48d0-bfe1-8875d5d568a5,MP-0079,M5012464-2,8d27dae5-8d1f-48d0-bfe1-8875d5d568a5.1,TYPE_2,22.0,1977c2c7-cd44-4e6f-a827-370cd9aad5bd,Massy Sunset Crest,"Massy Stores Supercenter, Sunset Crest",Holetown,St James,BB,,Massy,578dca79-afd1-4b04-816a-322a7067114b,d094140c914a0230b6a3c3c35ba1c158,,,,,18d39925-7b1f-4232-b364-e41448dcf7bd,RFID,4.20,4.20,0.00,BBD,
680a22a9-3796-47da-810d-a41da4ba40b8,2025-07-09 19:07:51,2025-07-09 20:12:59,2025-07-09 15:07:51,2025-07-09 16:12:59,America/Barbados,65.15,0.00,23.6,29.0,22.6,03c821d6-6274-427c-937a-ad91c6bc020d,MP-025,51210097772981,03c821d6-6274-427c-937a-ad91c6bc020d.1,CCS_2,25.0,79b72a61-f5ca-433f-b824-0c7df1204859,Massy Warrens,Massy Warrens - Massy Stores Supercenter,Warrens,St. Michael,BB,,Massy,578dca79-afd1-4b04-816a-322a7067114b,b58b5b07674ec2cbf93f570547b26ce1,,,,,b23b088b-2ef1-4a43-aa7b-30a2abe9c056,RFID,41.30,41.30,0.00,BBD,
ef4e0748-930b-4e0c-b24a-2532f19ee172,2025-07-09 22:14:41,2025-07-09 23:51:31,2025-07-09 18:14:41,2025-07-09 19:51:31,America/Barbados,96.83,12.78,9.7,72.0,7.8,024e77fc-3da1-4e73-930e-b76e45511419,MP-001,M5005918-7,024e77fc-3da1-4e73-930e-b76e45511419.1,TYPE_2,7.4,1977c2c7-cd44-4e6f-a827-370cd9aad5bd,Massy Sunset Crest,"Massy Stores Supercenter, Sunset Crest",Holetown,St James,BB,,Massy,578dca79-afd1-4b04-816a-322a7067114b,e6ccdc78f742c2ebda943c4506b7ab80,,,,,,WEB_APP,14.55,14.55,0.00,BBD,
df2b83ed-9845-4e5e-9d74-3715477eb629,2025-07-10 06:21:25,2025-07-10 08:02:31,2025-07-10 02:21:25,2025-07-10 04:02:31,America/Barbados,101.10,0.00,37.0,22.3,11.6,03c821d6-6274-427c-937a-ad91c6bc020d,MP-025,51210097772981,03c821d6-6274-427c-937a-ad91c6bc020d.1,CCS_2,25.0,79b72a61-f5ca-433f-b824-0c7df1204859,Massy Warrens,Massy Warrens - Massy Stores Supercenter,Warrens,St. Michael,BB,,Massy,578dca79-afd1-4b04-816a-322a7067114b,dd4c88acde25753674e21b473fe166ef,,,,,033b321f-9ea1-4604-93a9-0160f0c2ca9c,RFID,64.75,64.75,0.00,BBD,
3e6342ed-b3e5-4e5a-8357-a803a15d7c5e,2025-07-10 17:20:36,2025-07-10 18:11:23,2025-07-10 13:20:36,2025-07-10 14:11:23,America/Barbados,50.78,0.00,22.9,52.3,26.3,03c821d6-6274-427c-937a-ad91c6bc020d,MP-025,51210097772981,03c821d6-6274-427c-937a-ad91c6bc020d.1,CCS_2,25.0,79b72a61-f5ca-433f-b824-0c7df1204859,Massy Warrens,Massy Warrens - Massy Stores Supercenter,Warrens,St. Michael,BB,,Massy,578dca79-afd1-4b04-816a-322a7067114b,35b6f6f99ae2087ef24aff4869dea359,,,,,9210ee0a-d99f-4855-9c03-cdf9ee6fab7d,RFID,40.08,40.08,0.00,BBD,
a4578161-d5e1-4cc4-bda6-af2956f3b7aa,2025-07-10 23:20:03,2025-07-11 00:48:53,2025-07-10 19:20:03,2025-07-10 20:48:53,America/Barbados,88.83,0.00,34.4,29.0,22.9,03c821d6-6274-427c-937a-ad91c6bc020d,MP-025,51210097772981,03c821d6-6274-427c-937a-ad91c6bc020d.1,CCS_2,25.0,79b72a61-f5ca-433f-b824-0c7df1204859,Massy Warrens,Massy Warrens - Massy Stores Supercenter,Warrens,St. Michael,BB,,Massy,578dca79-afd1-4b04-816a-322a7067114b,677d88bb83a91963e061ae8a70c86a51,,,,,545e7042-ec87-4932-88ff-b50d3666c9af,RFID,60.20,60.20,0.00,BBD,
4d172479-295d-41fd-affc-9a80fe843337,2025-07-11 16:44:05,2025-07-11 18:53:15,2025-07-11 12:44:05,2025-07-11 14:53:15,America/Barbados,129.17,15.50,26.8,29.0,14.2,03c821d6-6274-427c-937a-ad91c6bc020d,MP-025,51210097772981,03c821d6-6274-427c-937a-ad91c6bc020d.2,CHADEMO,25.0,79b72a61-f5ca-433f-b824-0c7df1204859,Massy Warrens,Massy Warrens - Massy Stores Supercenter,Warrens,St. Michael,BB,,Massy,578dca79-afd1-4b04-816a-322a7067114b,85238d638918d8b6ce011cd702d78404,,,,,,SYSTEM,46.90,46.90,0.00,BBD,
1c910296-a405-481a-9735-e1f22da67283,2025-07-11 19:19:46,2025-07-11 19:45:46,2025-07-11 15:19:46,2025-07-11 15:45:46,America/Barbados,26.00,10.00,1.5,6.0,5.8,8d27dae5-8d1f-48d0-bfe1-8875d5d568a5,MP-0079,M5012464-2,8d27dae5-8d1f-48d0-bfe1-8875d5d568a5.1,TYPE_2,22.0,1977c2c7-cd44-4e6f-a827-370cd9aad5bd,Massy Sunset Crest,"Massy Stores Supercenter, Sunset Crest",Holetown,St James,BB,,Massy,578dca79-afd1-4b04-816a-322a7067114b,768d1282fc5a8c161355988d1098736a,,,,,,SYSTEM,2.25,2.25,0.00,BBD,
c0a5bb8b-5cd8-428f-8710-623ff576855c,2025-07-11 23:41:56,2025-07-12 00:26:48,2025-07-11 19:41:56,2025-07-11 20:26:48,America/Barbados,44.87,0.00,19.0,29.0,25.5,03c821d6-6274-427c-937a-ad91c6bc020d,MP-025,51210097772981,03c821d6-6274-427c-937a-ad91c6bc020d.1,CCS_2,25.0,79b72a61-f5ca-433f-b824-0c7df1204859,Massy Warrens,Massy Warrens - Massy Stores Supercenter,Warrens,St. Michael,BB,,Massy,578dca79-afd1-4b04-816a-322a7067114b,18b056becc3958b16a5bcd0a571a411d,,,,,,SYSTEM,33.25,33.25,0.00,BBD,
387a930b-310f-4a7b-9479-a159f8dc7c8f,2025-07-12 01:30:27,2025-07-12 02:32:30,2025-07-11 21:30:27,2025-07-11 22:32:30,America/Barbados,62.05,0.07,28.5,34.8,27.6,03c821d6-6274-427c-937a-ad91c6bc020d,MP-025,51210097772981,03c821d6-6274-427c-937a-ad91c6bc020d.1,CCS_2,25.0,79b72a61-f5ca-433f-b824-0c7df1204859,Massy Warrens,Massy Warrens - Massy Stores Supercenter,Warrens,St. Michael,BB,,Massy,578dca79-afd1-4b04-816a-322a7067114b,c72847ec674bfe6cbddfe488c140a36e,,,,,,WEB_APP,49.88,49.88,0.00,BBD,
99e760de-589c-4bf1-a7e1-8d8bbe0671e8,2025-07-12 03:09:00,2025-07-12 04:10:43,2025-07-11 23:09:00,2025-07-12 00:10:43,America/Barbados,61.72,0.00,26.1,29.0,25.4,03c821d6-6274-427c-937a-ad91c6bc020d,MP-025,51210097772981,03c821d6-6274-427c-937a-ad91c6bc020d.1,CCS_2,25.0,79b72a61-f5ca-433f-b824-0c7df1204859,Massy Warrens,Massy Warrens - Massy Stores Supercenter,Warrens,St. Michael,BB,,Massy,578dca79-afd1-4b04-816a-322a7067114b,40a16d94208fdc757cd189b90808792e,,,,,,SYSTEM,45.68,45.68,0.00,BBD,
92894dea-ecdc-4b5b-bc98-3177646f5a88,2025-07-12 08:28:52,2025-07-12 11:52:18,2025-07-12 04:28:52,2025-07-12 07:52:18,America/Barbados,203.43,0.00,79.3,29.0,23.4,03c821d6-6274-427c-937a-ad91c6bc020d,MP-025,51210097772981,03c821d6-6274-427c-937a-ad91c6bc020d.2,CHADEMO,25.0,79b72a61-f5ca-433f-b824-0c7df1204859,Massy Warrens,Massy Warrens - Massy Stores Supercenter,Warrens,St. Michael,BB,,Massy,578dca79-afd1-4b04-816a-322a7067114b,8f8a1bc53cfa9904f8ceebad0a28992a,,,,,2b43a680-6c0f-4d9c-937d-40d2fa634566,RFID,138.78,138.78,0.00,BBD,
2b5ff4be-1bc4-4396-8c1b-15c3b53e2f80,2025-07-12 13:16:25,2025-07-12 13:54:36,2025-07-12 09:16:25,2025-07-12 09:54:36,America/Barbados,38.18,0.00,16.8,33.1,25.5,03c821d6-6274-427c-937a-ad91c6bc020d,MP-025,51210097772981,03c821d6-6274-427c-937a-ad91c6bc020d.1,CCS_2,25.0,79b72a61-f5ca-433f-b824-0c7df1204859,Massy Warrens,Massy Warrens - Massy Stores Supercenter,Warrens,St. Michael,BB,,Massy,578dca79-afd1-4b04-816a-322a7067114b,11767201bead19330121c619c3a397d5,,,,,,SYSTEM,29.40,29.40,0.00,BBD,
8e7e6a96-0597-4ae0-acf6-b9cee501f38c,2025-07-12 15:12:15,2025-07-12 15:47:03,2025-07-12 11:12:15,2025-07-12 11:47:03,America/Barbados,34.80,0.00,16.3,37.7,28.2,03c821d6-6274-427c-937a-ad91c6bc020d,MP-025,51210097772981,03c821d6-6274-427c-937a-ad91c6bc020d.1,CCS_2,25.0,79b72a61-f5ca-433f-b824-0c7df1204859,Massy Warrens,Massy Warrens - Massy Stores Supercenter,Warrens,St. Michael,BB,,Massy,578dca79-afd1-4b04-816a-322a7067114b,11767201bead19330121c619c3a397d5,,,,,,SYSTEM,28.53,28.53,0.00,BBD,
7c546c38-e95f-48e6-9fb3-cef33e0a668e,2025-07-12 17:08:43,2025-07-12 18:03:03,2025-07-12 13:08:43,2025-07-12 14:03:03,America/Barbados,54.33,1.67,17.5,34.8,19.5,03c821d6-6274-427c-937a-ad91c6bc020d,MP-025,51210097772981,03c821d6-6274-427c-937a-ad91c6bc020d.1,CCS_2,25.0,79b72a61-f5ca-433f-b824-0c7df1204859,Massy Warrens,Massy Warrens - Massy Stores Supercenter,Warrens,St. Michael,BB,,Massy,578dca79-afd1-4b04-816a-322a7067114b,11767201bead19330121c619c3a397d5,,,,,,SYSTEM,30.63,30.63,0.00,BBD,
b96edc27-07b3-48c9-96e6-248a80ce725a,2025-07-12 20:02:56,2025-07-12 20:32:45,2025-07-12 16:02:56,2025-07-12 16:32:45,America/Barbados,29.82,0.00,12.6,149.6,32.0,03c821d6-6274-427c-937a-ad91c6bc020d,MP-025,51210097772981,03c821d6-6274-427c-937a-ad91c6bc020d.1,CCS_2,25.0,79b72a61-f5ca-433f-b824-0c7df1204859,Massy Warrens,Massy Warrens - Massy Stores Supercenter,Warrens,St. Michael,BB,,Massy,578dca79-afd1-4b04-816a-322a7067114b,9524292787ec90c1c0d210497cc1166e,,,,,81c772bc-95b4-494a-b120-9b72e065fadc,RFID,22.05,22.05,0.00,BBD,
f0dfc79a-d81e-4d03-996f-2a9d9bd933ff,2025-07-12 21:11:57,2025-07-12 23:01:30,2025-07-12 17:11:57,2025-07-12 19:01:30,America/Barbados,109.55,0.02,46.5,32.7,25.5,03c821d6-6274-427c-937a-ad91c6bc020d,MP-025,51210097772981,03c821d6-6274-427c-937a-ad91c6bc020d.1,CCS_2,25.0,79b72a61-f5ca-433f-b824-0c7df1204859,Massy Warrens,Massy Warrens - Massy Stores Supercenter,Warrens,St. Michael,BB,,Massy,578dca79-afd1-4b04-816a-322a7067114b,c9f39b141441317dae066dcffaff1e69,,,,,9bff59bf-2b40-4081-9b07-1f27cc10d92b,RFID,81.38,81.38,0.00,BBD,
00132832-b208-4a3f-a069-e7711b919716,2025-07-13 10:37:35,2025-07-13 11:41:54,2025-07-13 06:37:35,2025-07-13 07:41:54,America/Barbados,64.32,0.00,26.8,29.0,24.9,03c821d6-6274-427c-937a-ad91c6bc020d,MP-025,51210097772981,03c821d6-6274-427c-937a-ad91c6bc020d.1,CCS_2,25.0,79b72a61-f5ca-433f-b824-0c7df1204859,Massy Warrens,Massy Warrens - Massy Stores Supercenter,Warrens,St. Michael,BB,,Massy,578dca79-afd1-4b04-816a-322a7067114b,18b056becc3958b16a5bcd0a571a411d,,,,,,SYSTEM,46.90,46.90,0.00,BBD,
9d8d371b-bdf9-4baf-bbad-e04aa70d9539,2025-07-13 18:32:21,2025-07-13 18:43:58,2025-07-13 14:32:21,2025-07-13 14:43:58,America/Barbados,11.62,4.58,0.7,6.1,5.5,8d27dae5-8d1f-48d0-bfe1-8875d5d568a5,MP-0079,M5012464-2,8d27dae5-8d1f-48d0-bfe1-8875d5d568a5.2,TYPE_2,22.0,1977c2c7-cd44-4e6f-a827-370cd9aad5bd,Massy Sunset Crest,"Massy Stores Supercenter, Sunset Crest",Holetown,St James,BB,,Massy,578dca79-afd1-4b04-816a-322a7067114b,768d1282fc5a8c161355988d1098736a,,,,,,SYSTEM,1.05,1.05,0.00,BBD,
6ee9e258-4b99-4f38-a921-fdc6121f597a,2025-07-13 19:28:44,2025-07-13 20:55:39,2025-07-13 15:28:44,2025-07-13 16:55:39,America/Barbados,86.92,1.15,33.3,51.4,23.7,03c821d6-6274-427c-937a-ad91c6bc020d,MP-025,51210097772981,03c821d6-6274-427c-937a-ad91c6bc020d.1,CCS_2,25.0,79b72a61-f5ca-433f-b824-0c7df1204859,Massy Warrens,Massy Warrens - Massy Stores Supercenter,Warrens,St. Michael,BB,,Massy,578dca79-afd1-4b04-816a-322a7067114b,78e78a55903cbaa152fa8a1923bb98d0,,,,,,SYSTEM,58.28,58.28,0.00,BBD,
a0ad1c3d-3c9c-4e68-9edd-65a55ff4ef8a,2025-07-14 05:21:41,2025-07-14 06:09:18,2025-07-14 01:21:41,2025-07-14 02:09:18,America/Barbados,47.62,0.00,19.2,29.0,25.4,03c821d6-6274-427c-937a-ad91c6bc020d,MP-025,51210097772981,03c821d6-6274-427c-937a-ad91c6bc020d.1,CCS_2,25.0,79b72a61-f5ca-433f-b824-0c7df1204859,Massy Warrens,Massy Warrens - Massy Stores Supercenter,Warrens,St. Michael,BB,,Massy,578dca79-afd1-4b04-816a-322a7067114b,40a16d94208fdc757cd189b90808792e,,,,,,SYSTEM,33.60,33.60,0.00,BBD,
bfc3384f-9a5b-4a37-a2b3-a243b00a021d,2025-07-14 09:27:58,2025-07-14 11:10:03,2025-07-14 05:27:58,2025-07-14 07:10:03,America/Barbados,102.08,11.37,28.7,29.0,19.1,03c821d6-6274-427c-937a-ad91c6bc020d,MP-025,51210097772981,03c821d6-6274-427c-937a-ad91c6bc020d.2,CHADEMO,25.0,79b72a61-f5ca-433f-b824-0c7df1204859,Massy Warrens,Massy Warrens - Massy Stores Supercenter,Warrens,St. Michael,BB,,Massy,578dca79-afd1-4b04-816a-322a7067114b,f3ff5f81b006bbba395c21932fd22620,,,,,,SYSTEM,50.23,50.23,0.00,BBD,
ebce9d2a-5c7e-4b78-8159-bcf44a8403d6,2025-07-14 21:25:20,2025-07-14 21:43:39,2025-07-14 17:25:20,2025-07-14 17:43:39,America/Barbados,18.32,7.30,1.1,6.0,5.7,8d27dae5-8d1f-48d0-bfe1-8875d5d568a5,MP-0079,M5012464-2,8d27dae5-8d1f-48d0-bfe1-8875d5d568a5.2,TYPE_2,22.0,1977c2c7-cd44-4e6f-a827-370cd9aad5bd,Massy Sunset Crest,"Massy Stores Supercenter, Sunset Crest",Holetown,St James,BB,,Massy,578dca79-afd1-4b04-816a-322a7067114b,768d1282fc5a8c161355988d1098736a,,,,,,SYSTEM,1.65,1.65,0.00,BBD,
42ef4c4e-4aa3-4882-bb02-717d4c523c60,2025-07-17 12:57:17,2025-07-17 13:09:20,2025-07-17 08:57:17,2025-07-17 09:09:20,America/Barbados,12.05,0.00,1.5,120.0,16.5,8d27dae5-8d1f-48d0-bfe1-8875d5d568a5,MP-0079,M5012464-2,8d27dae5-8d1f-48d0-bfe1-8875d5d568a5.2,TYPE_2,22.0,1977c2c7-cd44-4e6f-a827-370cd9aad5bd,Massy Sunset Crest,"Massy Stores Supercenter, Sunset Crest",Holetown,St James,BB,,Massy,578dca79-afd1-4b04-816a-322a7067114b,7cfcc29f81219f6bb6aaa1b15febfb1e,,,,,,SYSTEM,2.25,2.25,0.00,BBD,
ac80841e-d275-46b6-89a6-d92fa22f7faa,2025-07-18 18:22:55,2025-07-18 18:23:51,2025-07-18 14:22:55,2025-07-18 14:23:51,America/Barbados,0.93,0.00,0.0,0.0,0.0,8d27dae5-8d1f-48d0-bfe1-8875d5d568a5,MP-0079,M5012464-2,8d27dae5-8d1f-48d0-bfe1-8875d5d568a5.2,TYPE_2,22.0,1977c2c7-cd44-4e6f-a827-370cd9aad5bd,Massy Sunset Crest,"Massy Stores Supercenter, Sunset Crest",Holetown,St James,BB,,Massy,578dca79-afd1-4b04-816a-322a7067114b,d01f8298c4aa0be4b825cec87e3512c6,,,,,,RFID,0.00,0.00,0.00,BBD,
137e320f-8438-45f3-a990-74314a5a8424,2025-07-18 18:24:30,2025-07-18 21:24:04,2025-07-18 14:24:30,2025-07-18 17:24:04,America/Barbados,179.57,0.52,20.0,12.0,6.7,8d27dae5-8d1f-48d0-bfe1-8875d5d568a5,MP-0079,M5012464-2,8d27dae5-8d1f-48d0-bfe1-8875d5d568a5.2,TYPE_2,22.0,1977c2c7-cd44-4e6f-a827-370cd9aad5bd,Massy Sunset Crest,"Massy Stores Supercenter, Sunset Crest",Holetown,St James,BB,,Massy,578dca79-afd1-4b04-816a-322a7067114b,d01f8298c4aa0be4b825cec87e3512c6,,,,,7c802f13-3acc-4c06-8717-a63c9d015e7e,RFID,30.00,30.00,0.00,BBD,
d2e7fd39-a3d9-4aab-b5c7-cbb2d70a799b,2025-07-20 16:36:26,2025-07-20 17:43:14,2025-07-20 12:36:26,2025-07-20 13:43:14,America/Barbados,66.80,24.80,4.5,12.0,6.3,8d27dae5-8d1f-48d0-bfe1-8875d5d568a5,MP-0079,M5012464-2,8d27dae5-8d1f-48d0-bfe1-8875d5d568a5.2,TYPE_2,22.0,1977c2c7-cd44-4e6f-a827-370cd9aad5bd,Massy Sunset Crest,"Massy Stores Supercenter, Sunset Crest",Holetown,St James,BB,,Massy,578dca79-afd1-4b04-816a-322a7067114b,564363f1092f00b6d8b93b0dffe923e8,,,,,ff8272b9-b9c0-4e2c-a725-65cbd037a327,RFID,6.75,6.75,0.00,BBD,
5d5c0e5a-13bc-4982-8507-3a08127839f0,2025-07-20 21:24:54,2025-07-20 21:34:53,2025-07-20 17:24:54,2025-07-20 17:34:53,America/Barbados,9.98,3.00,0.6,6.2,5.5,024e77fc-3da1-4e73-930e-b76e45511419,MP-001,M5005918-7,024e77fc-3da1-4e73-930e-b76e45511419.1,TYPE_2,7.4,1977c2c7-cd44-4e6f-a827-370cd9aad5bd,Massy Sunset Crest,"Massy Stores Supercenter, Sunset Crest",Holetown,St James,BB,,Massy,578dca79-afd1-4b04-816a-322a7067114b,768d1282fc5a8c161355988d1098736a,,,,,,SYSTEM,0.90,0.90,0.00,BBD,
943be982-448d-4bee-9a98-ee403099ed77,2025-07-21 22:32:28,2025-07-21 23:01:06,2025-07-21 18:32:28,2025-07-21 19:01:06,America/Barbados,28.63,10.65,1.7,6.1,6.0,8d27dae5-8d1f-48d0-bfe1-8875d5d568a5,MP-0079,M5012464-2,8d27dae5-8d1f-48d0-bfe1-8875d5d568a5.2,TYPE_2,22.0,1977c2c7-cd44-4e6f-a827-370cd9aad5bd,Massy Sunset Crest,"Massy Stores Supercenter, Sunset Crest",Holetown,St James,BB,,Massy,578dca79-afd1-4b04-816a-322a7067114b,768d1282fc5a8c161355988d1098736a,,,,,,SYSTEM,2.55,2.55,0.00,BBD,
716842d7-6449-4fa5-b328-c7392e13b256,2025-07-24 22:24:02,2025-07-24 22:46:53,2025-07-24 18:24:02,2025-07-24 18:46:53,America/Barbados,22.85,21.85,0.0,0.0,0.0,024e77fc-3da1-4e73-930e-b76e45511419,MP-001,M5005918-7,024e77fc-3da1-4e73-930e-b76e45511419.2,TYPE_2,7.4,1977c2c7-cd44-4e6f-a827-370cd9aad5bd,Massy Sunset Crest,"Massy Stores Supercenter, Sunset Crest",Holetown,St James,BB,,Massy,578dca79-afd1-4b04-816a-322a7067114b,768d1282fc5a8c161355988d1098736a,,,,,,SYSTEM,0.00,0.00,0.00,BBD,
99730e6b-8fdd-44d7-95ac-bc43e4b31217,2025-07-28 22:20:37,2025-07-28 22:47:25,2025-07-28 18:20:37,2025-07-28 18:47:25,America/Barbados,26.80,0.00,2.9,12.0,6.4,024e77fc-3da1-4e73-930e-b76e45511419,MP-001,M5005918-7,024e77fc-3da1-4e73-930e-b76e45511419.1,TYPE_2,7.4,1977c2c7-cd44-4e6f-a827-370cd9aad5bd,Massy Sunset Crest,"Massy Stores Supercenter, Sunset Crest",Holetown,St James,BB,,Massy,578dca79-afd1-4b04-816a-322a7067114b,564363f1092f00b6d8b93b0dffe923e8,,,,,ff8272b9-b9c0-4e2c-a725-65cbd037a327,RFID,4.35,4.35,0.00,BBD,
3e4cc6ee-73df-45af-becb-7d17e5a0cc22,2025-08-01 03:07:34,2025-08-01 03:31:03,2025-07-31 23:07:34,2025-07-31 23:31:03,America/Barbados,23.48,9.47,1.4,6.0,6.0,8d27dae5-8d1f-48d0-bfe1-8875d5d568a5,MP-0079,M5012464-2,8d27dae5-8d1f-48d0-bfe1-8875d5d568a5.1,TYPE_2,22.0,1977c2c7-cd44-4e6f-a827-370cd9aad5bd,Massy Sunset Crest,"Massy Stores Supercenter, Sunset Crest",Holetown,St James,BB,,Massy,578dca79-afd1-4b04-816a-322a7067114b,768d1282fc5a8c161355988d1098736a,,,,,,SYSTEM,2.10,2.10,0.00,BBD,
2a9d796a-f870-4685-b362-6e4744b7ecd8,2025-08-02 15:13:54,2025-08-02 15:41:42,2025-08-02 11:13:54,2025-08-02 11:41:42,America/Barbados,27.80,1.02,3.2,12.0,7.4,8d27dae5-8d1f-48d0-bfe1-8875d5d568a5,MP-0079,M5012464-2,8d27dae5-8d1f-48d0-bfe1-8875d5d568a5.1,TYPE_2,22.0,1977c2c7-cd44-4e6f-a827-370cd9aad5bd,Massy Sunset Crest,"Massy Stores Supercenter, Sunset Crest",Holetown,St James,BB,,Massy,578dca79-afd1-4b04-816a-322a7067114b,94341940e1fa01df47e40ec893cbaf5d,,,,,d7aff9e5-6a68-460e-9892-2c18732d5b53,RFID,4.80,4.80,0.00,BBD,
6d301b22-493d-42b6-898f-62616ca02663,2025-08-02 17:24:07,2025-08-02 17:59:17,2025-08-02 13:24:07,2025-08-02 13:59:17,America/Barbados,35.17,24.17,1.0,6.0,5.7,8d27dae5-8d1f-48d0-bfe1-8875d5d568a5,MP-0079,M5012464-2,8d27dae5-8d1f-48d0-bfe1-8875d5d568a5.1,TYPE_2,22.0,1977c2c7-cd44-4e6f-a827-370cd9aad5bd,Massy Sunset Crest,"Massy Stores Supercenter, Sunset Crest",Holetown,St James,BB,,Massy,578dca79-afd1-4b04-816a-322a7067114b,18008f87ad6a61c9256e97b54b5cf26c,,,,,,SYSTEM,1.50,1.50,0.00,BBD,
19e00761-f203-4f8e-8730-64e2380bb15a,2025-08-02 21:03:43,2025-08-02 21:49:24,2025-08-02 17:03:43,2025-08-02 17:49:24,America/Barbados,45.68,1.67,4.8,12.0,6.6,8d27dae5-8d1f-48d0-bfe1-8875d5d568a5,MP-0079,M5012464-2,8d27dae5-8d1f-48d0-bfe1-8875d5d568a5.1,TYPE_2,22.0,1977c2c7-cd44-4e6f-a827-370cd9aad5bd,Massy Sunset Crest,"Massy Stores Supercenter, Sunset Crest",Holetown,St James,BB,,Massy,578dca79-afd1-4b04-816a-322a7067114b,d094140c914a0230b6a3c3c35ba1c158,,,,,,SYSTEM,7.20,7.20,0.00,BBD,
d933cec9-d425-4f9d-892c-50509129591d,2025-08-02 22:20:31,2025-08-02 22:33:40,2025-08-02 18:20:31,2025-08-02 18:33:40,America/Barbados,13.15,0.15,1.4,12.0,6.5,8d27dae5-8d1f-48d0-bfe1-8875d5d568a5,MP-0079,M5012464-2,8d27dae5-8d1f-48d0-bfe1-8875d5d568a5.2,TYPE_2,22.0,1977c2c7-cd44-4e6f-a827-370cd9aad5bd,Massy Sunset Crest,"Massy Stores Supercenter, Sunset Crest",Holetown,St James,BB,,Massy,578dca79-afd1-4b04-816a-322a7067114b,564363f1092f00b6d8b93b0dffe923e8,,,,,ff8272b9-b9c0-4e2c-a725-65cbd037a327,RFID,2.10,2.10,0.00,BBD,
27e2a5d6-ae9b-4df5-8316-b2584fb94960,2025-08-06 19:55:50,2025-08-06 20:16:15,2025-08-06 15:55:50,2025-08-06 16:16:15,America/Barbados,20.42,7.42,1.2,6.0,6.0,8d27dae5-8d1f-48d0-bfe1-8875d5d568a5,MP-0079,M5012464-2,8d27dae5-8d1f-48d0-bfe1-8875d5d568a5.1,TYPE_2,22.0,1977c2c7-cd44-4e6f-a827-370cd9aad5bd,Massy Sunset Crest,"Massy Stores Supercenter, Sunset Crest",Holetown,St James,BB,,Massy,578dca79-afd1-4b04-816a-322a7067114b,768d1282fc5a8c161355988d1098736a,,,,,,SYSTEM,1.80,1.80,0.00,BBD,
fcbf656f-2e2b-48e8-9b20-65b1ee4f0eee,2025-08-07 10:35:28,2025-08-07 10:53:52,2025-08-07 06:35:28,2025-08-07 06:53:52,America/Barbados,18.40,0.00,6.9,29.0,22.6,03c821d6-6274-427c-937a-ad91c6bc020d,MP-025,51210097772981,03c821d6-6274-427c-937a-ad91c6bc020d.1,CCS_2,25.0,79b72a61-f5ca-433f-b824-0c7df1204859,Massy Warrens,Massy Warrens - Massy Stores Supercenter,Warrens,St. Michael,BB,,Massy,578dca79-afd1-4b04-816a-322a7067114b,91eea880ab7f2ca51fa7d2a0ebe5d341,,,,,0fe44e40-d6bc-438c-9f7b-d0e5cefe2f0b,RFID,0.00,0.00,0.00,BBD,
5de1233e-6046-4132-b718-b32f29a7fe4f,2025-08-07 15:22:27,2025-08-07 16:26:13,2025-08-07 11:22:27,2025-08-07 12:26:13,America/Barbados,63.77,23.48,3.8,5.8,5.8,03c821d6-6274-427c-937a-ad91c6bc020d,MP-025,51210097772981,03c821d6-6274-427c-937a-ad91c6bc020d.3,TYPE_2,25.0,79b72a61-f5ca-433f-b824-0c7df1204859,Massy Warrens,Massy Warrens - Massy Stores Supercenter,Warrens,St. Michael,BB,,Massy,578dca79-afd1-4b04-816a-322a7067114b,ba0c6ff4b7e1b82d41a1509224941275,,,,,ab30998c-36a2-4d79-908c-b992dce24cd3,RFID,6.65,6.65,0.00,BBD,
adf2ec50-dd51-42fb-9fda-805bf18dad9b,2025-08-07 15:52:25,2025-08-07 17:13:17,2025-08-07 11:52:25,2025-08-07 13:13:17,America/Barbados,80.87,0.00,34.3,29.0,25.4,03c821d6-6274-427c-937a-ad91c6bc020d,MP-025,51210097772981,03c821d6-6274-427c-937a-ad91c6bc020d.1,CCS_2,25.0,79b72a61-f5ca-433f-b824-0c7df1204859,Massy Warrens,Massy Warrens - Massy Stores Supercenter,Warrens,St. Michael,BB,,Massy,578dca79-afd1-4b04-816a-322a7067114b,5911ffba106a13f8c146db3cc5fdaaf2,,,,,f4154aa6-6205-47f5-bff4-856043d935c8,RFID,60.03,60.03,0.00,BBD,
67379540-be18-4808-a9bb-f86ad4e09247,2025-08-07 21:10:12,2025-08-07 22:15:17,2025-08-07 17:10:12,2025-08-07 18:15:17,America/Barbados,65.08,0.00,28.8,35.4,26.6,03c821d6-6274-427c-937a-ad91c6bc020d,MP-025,51210097772981,03c821d6-6274-427c-937a-ad91c6bc020d.1,CCS_2,25.0,79b72a61-f5ca-433f-b824-0c7df1204859,Massy Warrens,Massy Warrens - Massy Stores Supercenter,Warrens,St. Michael,BB,,Massy,578dca79-afd1-4b04-816a-322a7067114b,03d1ce26fa49936b6e72eb9eafef6e3f,,,,,97fceca9-6706-421a-89f2-0f307f042c89,RFID,50.40,50.40,0.00,BBD,
23c48d49-d13a-4714-be61-a37fb3502854,2025-08-08 03:51:07,2025-08-08 04:13:16,2025-08-07 23:51:07,2025-08-08 00:13:16,America/Barbados,22.15,9.17,1.3,6.1,5.7,8d27dae5-8d1f-48d0-bfe1-8875d5d568a5,MP-0079,M5012464-2,8d27dae5-8d1f-48d0-bfe1-8875d5d568a5.2,TYPE_2,22.0,1977c2c7-cd44-4e6f-a827-370cd9aad5bd,Massy Sunset Crest,"Massy Stores Supercenter, Sunset Crest",Holetown,St James,BB,,Massy,578dca79-afd1-4b04-816a-322a7067114b,768d1282fc5a8c161355988d1098736a,,,,,,SYSTEM,1.95,1.95,0.00,BBD,
a309caea-69a4-4c91-b5e5-e077e70b5d98,2025-08-08 23:29:31,2025-08-09 00:06:45,2025-08-08 19:29:31,2025-08-08 20:06:45,America/Barbados,37.23,0.23,4.1,12.0,6.5,8d27dae5-8d1f-48d0-bfe1-8875d5d568a5,MP-0079,M5012464-2,8d27dae5-8d1f-48d0-bfe1-8875d5d568a5.2,TYPE_2,22.0,1977c2c7-cd44-4e6f-a827-370cd9aad5bd,Massy Sunset Crest,"Massy Stores Supercenter, Sunset Crest",Holetown,St James,BB,,Massy,578dca79-afd1-4b04-816a-322a7067114b,564363f1092f00b6d8b93b0dffe923e8,,,,,ff8272b9-b9c0-4e2c-a725-65cbd037a327,RFID,6.15,6.15,0.00,BBD,
43c33b6f-590a-42be-a4cb-da1519643b70,2025-08-09 11:27:13,2025-08-09 13:10:34,2025-08-09 07:27:13,2025-08-09 09:10:34,America/Barbados,103.35,0.03,44.0,29.0,25.6,03c821d6-6274-427c-937a-ad91c6bc020d,MP-025,51210097772981,03c821d6-6274-427c-937a-ad91c6bc020d.1,CCS_2,25.0,79b72a61-f5ca-433f-b824-0c7df1204859,Massy Warrens,Massy Warrens - Massy Stores Supercenter,Warrens,St. Michael,BB,,Massy,578dca79-afd1-4b04-816a-322a7067114b,91eea880ab7f2ca51fa7d2a0ebe5d341,,,,,,SYSTEM,0.00,0.00,0.00,BBD,
ce1bcbef-a8f4-42df-8db6-4abee8f19ca6,2025-08-09 17:25:50,2025-08-09 17:57:47,2025-08-09 13:25:50,2025-08-09 13:57:47,America/Barbados,31.95,0.00,14.0,31.6,26.4,03c821d6-6274-427c-937a-ad91c6bc020d,MP-025,51210097772981,03c821d6-6274-427c-937a-ad91c6bc020d.1,CCS_2,25.0,79b72a61-f5ca-433f-b824-0c7df1204859,Massy Warrens,Massy Warrens - Massy Stores Supercenter,Warrens,St. Michael,BB,,Massy,578dca79-afd1-4b04-816a-322a7067114b,03d1ce26fa49936b6e72eb9eafef6e3f,,,,,97fceca9-6706-421a-89f2-0f307f042c89,RFID,24.50,24.50,0.00,BBD,
08c1e893-d516-4484-8561-1a319863c75a,2025-08-09 18:48:06,2025-08-09 20:02:04,2025-08-09 14:48:06,2025-08-09 16:02:04,America/Barbados,73.97,0.00,31.7,40.0,25.8,03c821d6-6274-427c-937a-ad91c6bc020d,MP-025,51210097772981,03c821d6-6274-427c-937a-ad91c6bc020d.1,CCS_2,25.0,79b72a61-f5ca-433f-b824-0c7df1204859,Massy Warrens,Massy Warrens - Massy Stores Supercenter,Warrens,St. Michael,BB,,Massy,578dca79-afd1-4b04-816a-322a7067114b,8ac0e8aa9751197f37cc59bdf0c10429,,,,,,SYSTEM,55.48,55.48,0.00,BBD,
a3f4d1b9-ab63-4c5a-9dee-c98d682788f4,2025-08-09 22:27:55,2025-08-09 22:31:00,2025-08-09 18:27:55,2025-08-09 18:31:00,America/Barbados,3.08,0.00,1.2,29.0,23.7,03c821d6-6274-427c-937a-ad91c6bc020d,MP-025,51210097772981,03c821d6-6274-427c-937a-ad91c6bc020d.1,CCS_2,25.0,79b72a61-f5ca-433f-b824-0c7df1204859,Massy Warrens,Massy Warrens - Massy Stores Supercenter,Warrens,St. Michael,BB,,Massy,578dca79-afd1-4b04-816a-322a7067114b,03d1ce26fa49936b6e72eb9eafef6e3f,,,,,97fceca9-6706-421a-89f2-0f307f042c89,RFID,2.10,2.10,0.00,BBD,
438a99fe-d9b9-4048-98dd-8bc58aeddc99,2025-08-10 00:44:24,2025-08-10 01:56:03,2025-08-09 20:44:24,2025-08-09 21:56:03,America/Barbados,71.65,0.35,31.7,29.5,26.7,03c821d6-6274-427c-937a-ad91c6bc020d,MP-025,51210097772981,03c821d6-6274-427c-937a-ad91c6bc020d.1,CCS_2,25.0,79b72a61-f5ca-433f-b824-0c7df1204859,Massy Warrens,Massy Warrens - Massy Stores Supercenter,Warrens,St. Michael,BB,,Massy,578dca79-afd1-4b04-816a-322a7067114b,03d1ce26fa49936b6e72eb9eafef6e3f,,,,,97fceca9-6706-421a-89f2-0f307f042c89,RFID,55.48,55.48,0.00,BBD,
18d0621a-a7a7-4f1f-89c4-83739d8a0896,2025-08-09 22:52:11,2025-08-10 15:13:36,2025-08-09 18:52:11,2025-08-10 11:13:36,America/Barbados,981.42,768.38,25.6,30.0,7.4,8d27dae5-8d1f-48d0-bfe1-8875d5d568a5,MP-0079,M5012464-2,8d27dae5-8d1f-48d0-bfe1-8875d5d568a5.1,TYPE_2,22.0,1977c2c7-cd44-4e6f-a827-370cd9aad5bd,Massy Sunset Crest,"Massy Stores Supercenter, Sunset Crest",Holetown,St James,BB,,Massy,578dca79-afd1-4b04-816a-322a7067114b,94341940e1fa01df47e40ec893cbaf5d,,,,,d7aff9e5-6a68-460e-9892-2c18732d5b53,RFID,38.40,38.40,0.00,BBD,
488916a9-814b-4d5b-a477-5f06bce3a20d,2025-08-10 14:45:32,2025-08-10 15:59:34,2025-08-10 10:45:32,2025-08-10 11:59:34,America/Barbados,74.03,0.00,32.4,34.8,26.3,03c821d6-6274-427c-937a-ad91c6bc020d,MP-025,51210097772981,03c821d6-6274-427c-937a-ad91c6bc020d.1,CCS_2,25.0,79b72a61-f5ca-433f-b824-0c7df1204859,Massy Warrens,Massy Warrens - Massy Stores Supercenter,Warrens,St. Michael,BB,,Massy,578dca79-afd1-4b04-816a-322a7067114b,03d1ce26fa49936b6e72eb9eafef6e3f,,,,,97fceca9-6706-421a-89f2-0f307f042c89,RFID,56.70,56.70,0.00,BBD,
a387472c-d29d-41c4-b977-b8b96251713a,2025-08-10 19:37:43,2025-08-10 20:17:34,2025-08-10 15:37:43,2025-08-10 16:17:34,America/Barbados,39.85,0.00,4.4,12.0,6.6,8d27dae5-8d1f-48d0-bfe1-8875d5d568a5,MP-0079,M5012464-2,8d27dae5-8d1f-48d0-bfe1-8875d5d568a5.2,TYPE_2,22.0,1977c2c7-cd44-4e6f-a827-370cd9aad5bd,Massy Sunset Crest,"Massy Stores Supercenter, Sunset Crest",Holetown,St James,BB,,Massy,578dca79-afd1-4b04-816a-322a7067114b,564363f1092f00b6d8b93b0dffe923e8,,,,,ff8272b9-b9c0-4e2c-a725-65cbd037a327,RFID,6.60,6.60,0.00,BBD,
fa839570-04f6-42c4-9ac0-aee21f227030,2025-08-10 22:17:11,2025-08-10 23:31:11,2025-08-10 18:17:11,2025-08-10 19:31:11,America/Barbados,74.00,0.63,25.9,29.0,21.2,03c821d6-6274-427c-937a-ad91c6bc020d,MP-025,51210097772981,03c821d6-6274-427c-937a-ad91c6bc020d.1,CCS_2,25.0,79b72a61-f5ca-433f-b824-0c7df1204859,Massy Warrens,Massy Warrens - Massy Stores Supercenter,Warrens,St. Michael,BB,,Massy,578dca79-afd1-4b04-816a-322a7067114b,dd4c88acde25753674e21b473fe166ef,,,,,,SYSTEM,45.33,45.33,0.00,BBD,
fc7d2fc5-a6d9-44d1-814f-33ed4c086d37,2025-08-10 23:33:19,2025-08-11 00:20:08,2025-08-10 19:33:19,2025-08-10 20:20:08,America/Barbados,46.82,0.00,19.9,29.5,25.4,03c821d6-6274-427c-937a-ad91c6bc020d,MP-025,51210097772981,03c821d6-6274-427c-937a-ad91c6bc020d.1,CCS_2,25.0,79b72a61-f5ca-433f-b824-0c7df1204859,Massy Warrens,Massy Warrens - Massy Stores Supercenter,Warrens,St. Michael,BB,,Massy,578dca79-afd1-4b04-816a-322a7067114b,5911ffba106a13f8c146db3cc5fdaaf2,,,,,f4154aa6-6205-47f5-bff4-856043d935c8,RFID,34.83,34.83,0.00,BBD,
5967e836-3870-4b51-8df6-67655a7f114d,2025-08-11 14:05:28,2025-08-11 16:13:26,2025-08-11 10:05:28,2025-08-11 12:13:26,America/Barbados,127.97,1.03,50.7,29.0,24.0,03c821d6-6274-427c-937a-ad91c6bc020d,MP-025,51210097772981,03c821d6-6274-427c-937a-ad91c6bc020d.1,CCS_2,25.0,79b72a61-f5ca-433f-b824-0c7df1204859,Massy Warrens,Massy Warrens - Massy Stores Supercenter,Warrens,St. Michael,BB,,Massy,578dca79-afd1-4b04-816a-322a7067114b,78e78a55903cbaa152fa8a1923bb98d0,,,,,,SYSTEM,88.73,88.73,0.00,BBD,
221c27fa-66dd-435c-b303-5fd76ddd2705,2025-08-11 20:39:03,2025-08-11 22:33:37,2025-08-11 16:39:03,2025-08-11 18:33:37,America/Barbados,114.57,0.00,42.7,29.0,23.6,03c821d6-6274-427c-937a-ad91c6bc020d,MP-025,51210097772981,03c821d6-6274-427c-937a-ad91c6bc020d.2,CHADEMO,25.0,79b72a61-f5ca-433f-b824-0c7df1204859,Massy Warrens,Massy Warrens - Massy Stores Supercenter,Warrens,St. Michael,BB,,Massy,578dca79-afd1-4b04-816a-322a7067114b,8f8a1bc53cfa9904f8ceebad0a28992a,,,,,51d219d7-e400-4900-ad08-d88c10bbbde8,RFID,74.73,74.73,0.00,BBD,
79626524-b4bb-446c-a1a9-f7c4dfaf4d85,2025-08-12 14:46:09,2025-08-12 15:36:53,2025-08-12 10:46:09,2025-08-12 11:36:53,America/Barbados,50.74,0.00,5.5,26.6,23.1,03c821d6-6274-427c-937a-ad91c6bc020d,MP-025,51210097772981,03c821d6-6274-427c-937a-ad91c6bc020d.2,CHADEMO,25.0,79b72a61-f5ca-433f-b824-0c7df1204859,Massy Warrens,Massy Warrens - Massy Stores Supercenter,Warrens,St. Michael,BB,,Massy,578dca79-afd1-4b04-816a-322a7067114b,f3ff5f81b006bbba395c21932fd22620,,,,,98a75c81-51a2-4442-bc22-c8a915a0ed15,RFID,9.63,9.63,0.00,BBD,
0ed35ba4-2176-4c3c-ae94-3806243779ca,2025-08-12 22:31:50,2025-08-12 22:49:30,2025-08-12 18:31:50,2025-08-12 18:49:30,America/Barbados,17.67,0.12,3.9,17.4,13.4,03c821d6-6274-427c-937a-ad91c6bc020d,MP-025,51210097772981,03c821d6-6274-427c-937a-ad91c6bc020d.2,CHADEMO,25.0,79b72a61-f5ca-433f-b824-0c7df1204859,Massy Warrens,Massy Warrens - Massy Stores Supercenter,Warrens,St. Michael,BB,,Massy,578dca79-afd1-4b04-816a-322a7067114b,564363f1092f00b6d8b93b0dffe923e8,,,,,ff8272b9-b9c0-4e2c-a725-65cbd037a327,RFID,6.83,6.83,0.00,BBD,
b55d5ca5-bd5a-4cf9-af46-9a9f52a4550b,2025-08-12 23:19:29,2025-08-13 00:30:31,2025-08-12 19:19:29,2025-08-12 20:30:31,America/Barbados,71.03,0.00,30.4,29.0,25.7,03c821d6-6274-427c-937a-ad91c6bc020d,MP-025,51210097772981,03c821d6-6274-427c-937a-ad91c6bc020d.1,CCS_2,25.0,79b72a61-f5ca-433f-b824-0c7df1204859,Massy Warrens,Massy Warrens - Massy Stores Supercenter,Warrens,St. Michael,BB,,Massy,578dca79-afd1-4b04-816a-322a7067114b,bd2d20502041649826b09cb2dc6fc6ce,,,,,,SYSTEM,53.20,53.20,0.00,BBD,
f4132723-7e1f-4023-8aad-aa9b97329b4b,2025-08-13 15:18:02,2025-08-13 15:27:24,2025-08-13 11:18:02,2025-08-13 11:27:24,America/Barbados,9.37,0.07,1.1,11.6,7.2,03c821d6-6274-427c-937a-ad91c6bc020d,MP-025,51210097772981,03c821d6-6274-427c-937a-ad91c6bc020d.3,TYPE_2,25.0,79b72a61-f5ca-433f-b824-0c7df1204859,Massy Warrens,Massy Warrens - Massy Stores Supercenter,Warrens,St. Michael,BB,,Massy,578dca79-afd1-4b04-816a-322a7067114b,fde6b12c4aafd90e6c1b83931d42e12d,,,,,,SYSTEM,1.93,1.93,0.00,BBD,
c592aa47-a69e-4a26-a6fc-7e4ffd8203e2,2025-08-13 21:45:10,2025-08-13 22:40:56,2025-08-13 17:45:10,2025-08-13 18:40:56,America/Barbados,55.77,0.00,24.4,34.8,26.3,03c821d6-6274-427c-937a-ad91c6bc020d,MP-025,51210097772981,03c821d6-6274-427c-937a-ad91c6bc020d.1,CCS_2,25.0,79b72a61-f5ca-433f-b824-0c7df1204859,Massy Warrens,Massy Warrens - Massy Stores Supercenter,Warrens,St. Michael,BB,,Massy,578dca79-afd1-4b04-816a-322a7067114b,78e78a55903cbaa152fa8a1923bb98d0,,,,,,SYSTEM,42.70,42.70,0.00,BBD,
70bc1fb9-e0b0-493c-8298-88ed42e95ed1,2025-08-14 00:37:59,2025-08-14 02:11:41,2025-08-13 20:37:59,2025-08-13 22:11:41,America/Barbados,93.70,0.00,35.3,29.0,22.6,03c821d6-6274-427c-937a-ad91c6bc020d,MP-025,51210097772981,03c821d6-6274-427c-937a-ad91c6bc020d.1,CCS_2,25.0,79b72a61-f5ca-433f-b824-0c7df1204859,Massy Warrens,Massy Warrens - Massy Stores Supercenter,Warrens,St. Michael,BB,,Massy,578dca79-afd1-4b04-816a-322a7067114b,dd4c88acde25753674e21b473fe166ef,,,,,,SYSTEM,61.78,61.78,0.00,BBD,
69648192-ed22-499f-a3ec-edf1038af132,2025-08-14 11:00:56,2025-08-14 12:58:43,2025-08-14 07:00:56,2025-08-14 08:58:43,America/Barbados,117.78,0.00,52.1,29.0,26.6,03c821d6-6274-427c-937a-ad91c6bc020d,MP-025,51210097772981,03c821d6-6274-427c-937a-ad91c6bc020d.1,CCS_2,25.0,79b72a61-f5ca-433f-b824-0c7df1204859,Massy Warrens,Massy Warrens - Massy Stores Supercenter,Warrens,St. Michael,BB,,Massy,578dca79-afd1-4b04-816a-322a7067114b,aa1332086ef3bc74ede207bdd6956748,,,,,,SYSTEM,91.18,91.18,0.00,BBD,
d46e2979-cbcf-4a00-8566-2876edbe6c48,2025-08-14 20:12:11,2025-08-14 21:10:20,2025-08-14 16:12:11,2025-08-14 17:10:20,America/Barbados,58.15,0.00,25.8,40.0,26.8,03c821d6-6274-427c-937a-ad91c6bc020d,MP-025,51210097772981,03c821d6-6274-427c-937a-ad91c6bc020d.1,CCS_2,25.0,79b72a61-f5ca-433f-b824-0c7df1204859,Massy Warrens,Massy Warrens - Massy Stores Supercenter,Warrens,St. Michael,BB,,Massy,578dca79-afd1-4b04-816a-322a7067114b,de496c2b0c06805735691033fa5f0366,,,,,,SYSTEM,45.15,45.15,0.00,BBD,
3779d80b-b867-4d81-aa6e-ec8489c9c2b7,2025-08-14 22:51:47,2025-08-14 23:24:49,2025-08-14 18:51:47,2025-08-14 19:24:49,America/Barbados,33.03,0.00,14.2,29.5,25.9,03c821d6-6274-427c-937a-ad91c6bc020d,MP-025,51210097772981,03c821d6-6274-427c-937a-ad91c6bc020d.1,CCS_2,25.0,79b72a61-f5ca-433f-b824-0c7df1204859,Massy Warrens,Massy Warrens - Massy Stores Supercenter,Warrens,St. Michael,BB,,Massy,578dca79-afd1-4b04-816a-322a7067114b,03d1ce26fa49936b6e72eb9eafef6e3f,,,,,97fceca9-6706-421a-89f2-0f307f042c89,RFID,24.85,24.85,0.00,BBD,
a238a65e-ba3b-46f5-b113-93302eb189f7,2025-08-14 23:19:59,2025-08-14 23:36:44,2025-08-14 19:19:59,2025-08-14 19:36:44,America/Barbados,16.75,0.00,2.0,25.7,8.1,03c821d6-6274-427c-937a-ad91c6bc020d,MP-025,51210097772981,03c821d6-6274-427c-937a-ad91c6bc020d.3,TYPE_2,25.0,79b72a61-f5ca-433f-b824-0c7df1204859,Massy Warrens,Massy Warrens - Massy Stores Supercenter,Warrens,St. Michael,BB,,Massy,578dca79-afd1-4b04-816a-322a7067114b,94341940e1fa01df47e40ec893cbaf5d,,,,,d7aff9e5-6a68-460e-9892-2c18732d5b53,RFID,3.50,3.50,0.00,BBD,
45fc9be5-d7e7-4081-813b-79ba1f7e1f6b,2025-08-14 23:37:52,2025-08-15 00:08:52,2025-08-14 19:37:52,2025-08-14 20:08:52,America/Barbados,31.00,0.00,13.2,29.0,25.6,03c821d6-6274-427c-937a-ad91c6bc020d,MP-025,51210097772981,03c821d6-6274-427c-937a-ad91c6bc020d.1,CCS_2,25.0,79b72a61-f5ca-433f-b824-0c7df1204859,Massy Warrens,Massy Warrens - Massy Stores Supercenter,Warrens,St. Michael,BB,,Massy,578dca79-afd1-4b04-816a-322a7067114b,94341940e1fa01df47e40ec893cbaf5d,,,,,d7aff9e5-6a68-460e-9892-2c18732d5b53,RFID,23.10,23.10,0.00,BBD,
b05025ed-a8d3-4456-8c45-115120a3b04b,2025-08-15 00:30:45,2025-08-15 01:43:06,2025-08-14 20:30:45,2025-08-14 21:43:06,America/Barbados,72.35,0.03,30.1,29.0,25.0,03c821d6-6274-427c-937a-ad91c6bc020d,MP-025,51210097772981,03c821d6-6274-427c-937a-ad91c6bc020d.1,CCS_2,25.0,79b72a61-f5ca-433f-b824-0c7df1204859,Massy Warrens,Massy Warrens - Massy Stores Supercenter,Warrens,St. Michael,BB,,Massy,578dca79-afd1-4b04-816a-322a7067114b,18b056becc3958b16a5bcd0a571a411d,,,,,,SYSTEM,52.68,52.68,0.00,BBD,
3d58b097-5273-4e69-8add-4f596c3a294b,2025-08-15 11:43:08,2025-08-15 12:21:04,2025-08-15 07:43:08,2025-08-15 08:21:04,America/Barbados,37.93,0.00,16.2,32.0,25.7,03c821d6-6274-427c-937a-ad91c6bc020d,MP-025,51210097772981,03c821d6-6274-427c-937a-ad91c6bc020d.1,CCS_2,25.0,79b72a61-f5ca-433f-b824-0c7df1204859,Massy Warrens,Massy Warrens - Massy Stores Supercenter,Warrens,St. Michael,BB,,Massy,578dca79-afd1-4b04-816a-322a7067114b,94341940e1fa01df47e40ec893cbaf5d,,,,,d7aff9e5-6a68-460e-9892-2c18732d5b53,RFID,28.35,28.35,0.00,BBD,
22caa8b1-c703-4ae8-a970-d59cdadf3bcf,2025-08-15 12:58:09,2025-08-15 13:32:34,2025-08-15 08:58:09,2025-08-15 09:32:34,America/Barbados,34.42,0.00,13.6,29.0,23.7,03c821d6-6274-427c-937a-ad91c6bc020d,MP-025,51210097772981,03c821d6-6274-427c-937a-ad91c6bc020d.2,CHADEMO,25.0,79b72a61-f5ca-433f-b824-0c7df1204859,Massy Warrens,Massy Warrens - Massy Stores Supercenter,Warrens,St. Michael,BB,,Massy,578dca79-afd1-4b04-816a-322a7067114b,f3ff5f81b006bbba395c21932fd22620,,,,,98a75c81-51a2-4442-bc22-c8a915a0ed15,RFID,23.80,23.80,0.00,BBD,
d54e1640-1981-4549-a77b-206d8245899a,2025-08-15 15:15:19,2025-08-15 15:50:05,2025-08-15 11:15:19,2025-08-15 11:50:05,America/Barbados,34.77,0.00,14.7,29.0,25.4,03c821d6-6274-427c-937a-ad91c6bc020d,MP-025,51210097772981,03c821d6-6274-427c-937a-ad91c6bc020d.1,CCS_2,25.0,79b72a61-f5ca-433f-b824-0c7df1204859,Massy Warrens,Massy Warrens - Massy Stores Supercenter,Warrens,St. Michael,BB,,Massy,578dca79-afd1-4b04-816a-322a7067114b,3ec90e3238512ad68148b90118b24c98,,,,,,SYSTEM,25.73,25.73,0.00,BBD,
66fc3930-d82e-4748-9f8d-58a078c66a59,2025-08-15 17:10:42,2025-08-15 18:50:04,2025-08-15 13:10:42,2025-08-15 14:50:04,America/Barbados,99.37,0.18,42.4,34.8,25.7,03c821d6-6274-427c-937a-ad91c6bc020d,MP-025,51210097772981,03c821d6-6274-427c-937a-ad91c6bc020d.1,CCS_2,25.0,79b72a61-f5ca-433f-b824-0c7df1204859,Massy Warrens,Massy Warrens - Massy Stores Supercenter,Warrens,St. Michael,BB,,Massy,578dca79-afd1-4b04-816a-322a7067114b,42dfbf19e2a9105371ca237ee4254699,,,,,387aa4c9-49cb-4251-9291-b5a0ed031660,RFID,74.20,74.20,0.00,BBD,
66e3872d-3449-4c55-9de6-79c86d5986b6,2025-08-15 21:23:53,2025-08-15 23:01:02,2025-08-15 17:23:53,2025-08-15 19:01:02,America/Barbados,97.15,0.02,36.6,29.0,22.6,03c821d6-6274-427c-937a-ad91c6bc020d,MP-025,51210097772981,03c821d6-6274-427c-937a-ad91c6bc020d.1,CCS_2,25.0,79b72a61-f5ca-433f-b824-0c7df1204859,Massy Warrens,Massy Warrens - Massy Stores Supercenter,Warrens,St. Michael,BB,,Massy,578dca79-afd1-4b04-816a-322a7067114b,d7cc4e50984b9951108a824cad497da5,,,,,,SYSTEM,64.05,64.05,0.00,BBD,
bac5b0e9-c7a2-401e-8ddf-ebd7ef4dea2a,2025-08-15 23:16:59,2025-08-15 23:23:04,2025-08-15 19:16:59,2025-08-15 19:23:04,America/Barbados,6.08,0.00,2.5,32.7,25.3,03c821d6-6274-427c-937a-ad91c6bc020d,MP-025,51210097772981,03c821d6-6274-427c-937a-ad91c6bc020d.1,CCS_2,25.0,79b72a61-f5ca-433f-b824-0c7df1204859,Massy Warrens,Massy Warrens - Massy Stores Supercenter,Warrens,St. Michael,BB,,Massy,578dca79-afd1-4b04-816a-322a7067114b,dd4c88acde25753674e21b473fe166ef,,,,,,SYSTEM,4.38,4.38,0.00,BBD,
1669d553-5d88-40bc-aa59-8837a113e504,2025-08-16 03:59:18,2025-08-16 06:36:13,2025-08-15 23:59:18,2025-08-16 02:36:13,America/Barbados,156.92,1.03,63.4,29.0,24.4,03c821d6-6274-427c-937a-ad91c6bc020d,MP-025,51210097772981,03c821d6-6274-427c-937a-ad91c6bc020d.1,CCS_2,25.0,79b72a61-f5ca-433f-b824-0c7df1204859,Massy Warrens,Massy Warrens - Massy Stores Supercenter,Warrens,St. Michael,BB,,Massy,578dca79-afd1-4b04-816a-322a7067114b,78e78a55903cbaa152fa8a1923bb98d0,,,,,,SYSTEM,110.95,110.95,0.00,BBD,
429557e5-0ae5-4d7e-9a1d-07c37c5f7b27,2025-08-16 13:56:10,2025-08-16 14:10:06,2025-08-16 09:56:10,2025-08-16 10:10:06,America/Barbados,13.93,0.00,5.3,29.0,22.6,03c821d6-6274-427c-937a-ad91c6bc020d,MP-025,51210097772981,03c821d6-6274-427c-937a-ad91c6bc020d.1,CCS_2,25.0,79b72a61-f5ca-433f-b824-0c7df1204859,Massy Warrens,Massy Warrens - Massy Stores Supercenter,Warrens,St. Michael,BB,,Massy,578dca79-afd1-4b04-816a-322a7067114b,0b085866d6e642436a1cd70b9734456d,,,,,2a12a426-b4c5-4d27-a9c2-23c203aad3f1,RFID,9.28,9.28,0.00,BBD,
55e85c59-16cb-4663-b023-22cce15b9cd8,2025-08-16 21:01:36,2025-08-16 21:41:52,2025-08-16 17:01:36,2025-08-16 17:41:52,America/Barbados,40.27,4.13,5.1,19.4,8.5,03c821d6-6274-427c-937a-ad91c6bc020d,MP-025,51210097772981,03c821d6-6274-427c-937a-ad91c6bc020d.2,CHADEMO,25.0,79b72a61-f5ca-433f-b824-0c7df1204859,Massy Warrens,Massy Warrens - Massy Stores Supercenter,Warrens,St. Michael,BB,,Massy,578dca79-afd1-4b04-816a-322a7067114b,876c5be78ae0af525fac5d4891ec4c79,,,,,,SYSTEM,8.93,8.93,0.00,BBD,
8de3cbd7-ca04-44c2-b761-a04b255bcd87,2025-08-16 23:15:14,2025-08-17 00:55:28,2025-08-16 19:15:14,2025-08-16 20:55:28,America/Barbados,100.23,0.00,42.8,29.0,25.6,03c821d6-6274-427c-937a-ad91c6bc020d,MP-025,51210097772981,03c821d6-6274-427c-937a-ad91c6bc020d.1,CCS_2,25.0,79b72a61-f5ca-433f-b824-0c7df1204859,Massy Warrens,Massy Warrens - Massy Stores Supercenter,Warrens,St. Michael,BB,,Massy,578dca79-afd1-4b04-816a-322a7067114b,94341940e1fa01df47e40ec893cbaf5d,,,,,d7aff9e5-6a68-460e-9892-2c18732d5b53,RFID,74.90,74.90,0.00,BBD,
86ed9369-c24f-4981-a7ec-1852d03b6cba,2025-08-17 09:03:53,2025-08-17 11:23:09,2025-08-17 05:03:53,2025-08-17 07:23:09,America/Barbados,139.27,0.00,61.8,34.8,26.7,03c821d6-6274-427c-937a-ad91c6bc020d,MP-025,51210097772981,03c821d6-6274-427c-937a-ad91c6bc020d.1,CCS_2,25.0,79b72a61-f5ca-433f-b824-0c7df1204859,Massy Warrens,Massy Warrens - Massy Stores Supercenter,Warrens,St. Michael,BB,,Massy,578dca79-afd1-4b04-816a-322a7067114b,35b6f6f99ae2087ef24aff4869dea359,,,,,9210ee0a-d99f-4855-9c03-cdf9ee6fab7d,RFID,108.15,108.15,0.00,BBD,
9316dada-4a99-4c55-8c39-4c2ec5bd35fa,2025-08-17 18:14:17,2025-08-17 18:14:32,2025-08-17 14:14:17,2025-08-17 14:14:32,America/Barbados,0.25,0.00,0.0,0.0,0.0,03c821d6-6274-427c-937a-ad91c6bc020d,MP-025,51210097772981,03c821d6-6274-427c-937a-ad91c6bc020d.3,TYPE_2,25.0,79b72a61-f5ca-433f-b824-0c7df1204859,Massy Warrens,Massy Warrens - Massy Stores Supercenter,Warrens,St. Michael,BB,,Massy,578dca79-afd1-4b04-816a-322a7067114b,cd2bba1eca5faa93049b52161905acf8,,,,,,RFID,0.00,0.00,0.00,BBD,
d539328a-26f7-4419-b41d-905220931b1f,2025-08-17 16:52:54,2025-08-17 17:33:12,2025-08-17 12:52:54,2025-08-17 13:33:12,America/Barbados,40.30,0.00,17.0,29.0,25.4,03c821d6-6274-427c-937a-ad91c6bc020d,MP-025,51210097772981,03c821d6-6274-427c-937a-ad91c6bc020d.1,CCS_2,25.0,79b72a61-f5ca-433f-b824-0c7df1204859,Massy Warrens,Massy Warrens - Massy Stores Supercenter,Warrens,St. Michael,BB,,Massy,578dca79-afd1-4b04-816a-322a7067114b,5911ffba106a13f8c146db3cc5fdaaf2,,,,,f4154aa6-6205-47f5-bff4-856043d935c8,RFID,29.75,29.75,0.00,BBD,
cd18c94e-5e31-4328-b78c-116f633532b4,2025-08-17 19:05:20,2025-08-17 19:29:06,2025-08-17 15:05:20,2025-08-17 15:29:06,America/Barbados,23.77,0.00,5.0,23.2,12.7,03c821d6-6274-427c-937a-ad91c6bc020d,MP-025,51210097772981,03c821d6-6274-427c-937a-ad91c6bc020d.2,CHADEMO,25.0,79b72a61-f5ca-433f-b824-0c7df1204859,Massy Warrens,Massy Warrens - Massy Stores Supercenter,Warrens,St. Michael,BB,,Massy,578dca79-afd1-4b04-816a-322a7067114b,cd2bba1eca5faa93049b52161905acf8,,,,,81f31cbe-ab95-4b3c-8c72-a4de34560734,RFID,8.75,8.75,0.00,BBD,
be9c642f-457d-43c9-bc7b-f3629364dbea,2025-08-18 02:41:55,2025-08-18 03:23:32,2025-08-17 22:41:55,2025-08-17 23:23:32,America/Barbados,41.62,0.28,13.2,29.0,19.2,03c821d6-6274-427c-937a-ad91c6bc020d,MP-025,51210097772981,03c821d6-6274-427c-937a-ad91c6bc020d.1,CCS_2,25.0,79b72a61-f5ca-433f-b824-0c7df1204859,Massy Warrens,Massy Warrens - Massy Stores Supercenter,Warrens,St. Michael,BB,,Massy,578dca79-afd1-4b04-816a-322a7067114b,dd4c88acde25753674e21b473fe166ef,,,,,,SYSTEM,23.10,23.10,0.00,BBD,
2ee82f0d-5046-474a-ad89-2b2aa597b293,2025-08-19 00:06:33,2025-08-19 01:32:52,2025-08-18 20:06:33,2025-08-18 21:32:52,America/Barbados,86.32,0.55,31.8,29.0,22.3,03c821d6-6274-427c-937a-ad91c6bc020d,MP-025,51210097772981,03c821d6-6274-427c-937a-ad91c6bc020d.1,CCS_2,25.0,79b72a61-f5ca-433f-b824-0c7df1204859,Massy Warrens,Massy Warrens - Massy Stores Supercenter,Warrens,St. Michael,BB,,Massy,578dca79-afd1-4b04-816a-322a7067114b,d7cc4e50984b9951108a824cad497da5,,,,,,SYSTEM,55.65,55.65,0.00,BBD,
da563e48-5ae4-487f-94ee-cbb37ad6ad59,2025-08-19 12:37:45,2025-08-19 13:15:12,2025-08-19 08:37:45,2025-08-19 09:15:12,America/Barbados,37.45,0.00,16.1,29.0,25.8,03c821d6-6274-427c-937a-ad91c6bc020d,MP-025,51210097772981,03c821d6-6274-427c-937a-ad91c6bc020d.1,CCS_2,25.0,79b72a61-f5ca-433f-b824-0c7df1204859,Massy Warrens,Massy Warrens - Massy Stores Supercenter,Warrens,St. Michael,BB,,Massy,578dca79-afd1-4b04-816a-322a7067114b,03d1ce26fa49936b6e72eb9eafef6e3f,,,,,97fceca9-6706-421a-89f2-0f307f042c89,RFID,28.18,28.18,0.00,BBD,
23588f5f-5e98-43ee-a71e-3bcadbac968b,2025-08-19 16:56:49,2025-08-19 18:16:10,2025-08-19 12:56:49,2025-08-19 14:16:10,America/Barbados,79.35,0.00,33.9,29.0,25.7,03c821d6-6274-427c-937a-ad91c6bc020d,MP-025,51210097772981,03c821d6-6274-427c-937a-ad91c6bc020d.1,CCS_2,25.0,79b72a61-f5ca-433f-b824-0c7df1204859,Massy Warrens,Massy Warrens - Massy Stores Supercenter,Warrens,St. Michael,BB,,Massy,578dca79-afd1-4b04-816a-322a7067114b,8ac0e8aa9751197f37cc59bdf0c10429,,,,,,SYSTEM,59.33,59.33,0.00,BBD,
20c86980-d546-4e93-8dc4-fb58212d5eea,2025-08-19 21:13:42,2025-08-19 21:41:36,2025-08-19 17:13:42,2025-08-19 17:41:36,America/Barbados,27.90,0.00,10.4,23.2,22.4,03c821d6-6274-427c-937a-ad91c6bc020d,MP-025,51210097772981,03c821d6-6274-427c-937a-ad91c6bc020d.2,CHADEMO,25.0,79b72a61-f5ca-433f-b824-0c7df1204859,Massy Warrens,Massy Warrens - Massy Stores Supercenter,Warrens,St. Michael,BB,,Massy,578dca79-afd1-4b04-816a-322a7067114b,8f8a1bc53cfa9904f8ceebad0a28992a,,,,,51d219d7-e400-4900-ad08-d88c10bbbde8,RFID,18.20,18.20,0.00,BBD,
ce4ebbd2-a7c1-4134-ab49-bde30be93849,2025-08-20 14:57:56,2025-08-20 16:18:24,2025-08-20 10:57:56,2025-08-20 12:18:24,America/Barbados,80.47,0.00,36.0,34.8,26.9,03c821d6-6274-427c-937a-ad91c6bc020d,MP-025,51210097772981,03c821d6-6274-427c-937a-ad91c6bc020d.1,CCS_2,25.0,79b72a61-f5ca-433f-b824-0c7df1204859,Massy Warrens,Massy Warrens - Massy Stores Supercenter,Warrens,St. Michael,BB,,Massy,578dca79-afd1-4b04-816a-322a7067114b,c5b8e5cca33ece5ec5f736e20403f3bc,,,,,f03826f6-65b6-4eb6-b29b-253cd5d0f346,RFID,63.00,63.00,0.00,BBD,
265e2325-827e-4e1f-ba79-05bbc0c03f9a,2025-08-20 19:23:18,2025-08-20 19:28:28,2025-08-20 15:23:18,2025-08-20 15:28:28,America/Barbados,5.17,0.00,1.3,17.4,15.4,03c821d6-6274-427c-937a-ad91c6bc020d,MP-025,51210097772981,03c821d6-6274-427c-937a-ad91c6bc020d.2,CHADEMO,25.0,79b72a61-f5ca-433f-b824-0c7df1204859,Massy Warrens,Massy Warrens - Massy Stores Supercenter,Warrens,St. Michael,BB,,Massy,578dca79-afd1-4b04-816a-322a7067114b,564363f1092f00b6d8b93b0dffe923e8,,,,,ff8272b9-b9c0-4e2c-a725-65cbd037a327,RFID,2.28,2.28,0.00,BBD,
de166507-f17b-4674-8789-b75ec164331a,2025-08-20 23:11:37,2025-08-21 00:09:35,2025-08-20 19:11:37,2025-08-20 20:09:35,America/Barbados,57.97,8.95,5.8,12.0,7.2,8d27dae5-8d1f-48d0-bfe1-8875d5d568a5,MP-0079,M5012464-2,8d27dae5-8d1f-48d0-bfe1-8875d5d568a5.1,TYPE_2,22.0,1977c2c7-cd44-4e6f-a827-370cd9aad5bd,Massy Sunset Crest,"Massy Stores Supercenter, Sunset Crest",Holetown,St James,BB,,Massy,578dca79-afd1-4b04-816a-322a7067114b,94341940e1fa01df47e40ec893cbaf5d,,,,,d7aff9e5-6a68-460e-9892-2c18732d5b53,RFID,8.70,8.70,0.00,BBD,
e77312c8-4e59-4286-8b40-5a0dac1ae50e,2025-08-21 08:44:50,2025-08-21 09:53:57,2025-08-21 04:44:50,2025-08-21 05:53:57,America/Barbados,69.12,0.92,24.0,29.0,21.2,03c821d6-6274-427c-937a-ad91c6bc020d,MP-025,51210097772981,03c821d6-6274-427c-937a-ad91c6bc020d.1,CCS_2,25.0,79b72a61-f5ca-433f-b824-0c7df1204859,Massy Warrens,Massy Warrens - Massy Stores Supercenter,Warrens,St. Michael,BB,,Massy,578dca79-afd1-4b04-816a-322a7067114b,dd4c88acde25753674e21b473fe166ef,,,,,,SYSTEM,42.00,42.00,0.00,BBD,
91614756-5c36-4cd0-92e7-4c449b87e316,2025-08-21 15:38:37,2025-08-21 16:56:07,2025-08-21 11:38:37,2025-08-21 12:56:07,America/Barbados,77.50,0.00,33.5,29.0,26.0,03c821d6-6274-427c-937a-ad91c6bc020d,MP-025,51210097772981,03c821d6-6274-427c-937a-ad91c6bc020d.1,CCS_2,25.0,79b72a61-f5ca-433f-b824-0c7df1204859,Massy Warrens,Massy Warrens - Massy Stores Supercenter,Warrens,St. Michael,BB,,Massy,578dca79-afd1-4b04-816a-322a7067114b,03d1ce26fa49936b6e72eb9eafef6e3f,,,,,97fceca9-6706-421a-89f2-0f307f042c89,RFID,58.63,58.63,0.00,BBD,
8409088c-0c9c-4ffc-81af-a55b4f0e0b79,2025-08-21 19:12:07,2025-08-21 19:13:27,2025-08-21 15:12:07,2025-08-21 15:13:27,America/Barbados,1.33,0.33,0.0,0.0,0.0,024e77fc-3da1-4e73-930e-b76e45511419,MP-001,M5005918-7,024e77fc-3da1-4e73-930e-b76e45511419.1,TYPE_2,7.4,1977c2c7-cd44-4e6f-a827-370cd9aad5bd,Massy Sunset Crest,"Massy Stores Supercenter, Sunset Crest",Holetown,St James,BB,,Massy,578dca79-afd1-4b04-816a-322a7067114b,2e66014b02c5c7fd4bed7d8506ada19a,,,,,,SYSTEM,0.00,0.00,0.00,BBD,
82f8b5f0-915a-45d5-9501-d3df627e8aae,2025-08-21 19:14:06,2025-08-21 19:14:49,2025-08-21 15:14:06,2025-08-21 15:14:49,America/Barbados,0.72,0.00,0.0,0.0,0.0,024e77fc-3da1-4e73-930e-b76e45511419,MP-001,M5005918-7,024e77fc-3da1-4e73-930e-b76e45511419.1,TYPE_2,7.4,1977c2c7-cd44-4e6f-a827-370cd9aad5bd,Massy Sunset Crest,"Massy Stores Supercenter, Sunset Crest",Holetown,St James,BB,,Massy,578dca79-afd1-4b04-816a-322a7067114b,2e66014b02c5c7fd4bed7d8506ada19a,,,,,,SYSTEM,0.00,0.00,0.00,BBD,
6cb18af2-4e74-4abf-a933-2040b8d13179,2025-08-21 19:40:36,2025-08-21 19:44:26,2025-08-21 15:40:36,2025-08-21 15:44:26,America/Barbados,3.83,2.83,0.0,0.0,0.0,024e77fc-3da1-4e73-930e-b76e45511419,MP-001,M5005918-7,024e77fc-3da1-4e73-930e-b76e45511419.2,TYPE_2,7.4,1977c2c7-cd44-4e6f-a827-370cd9aad5bd,Massy Sunset Crest,"Massy Stores Supercenter, Sunset Crest",Holetown,St James,BB,,Massy,578dca79-afd1-4b04-816a-322a7067114b,2e66014b02c5c7fd4bed7d8506ada19a,,,,,4533db09-5308-4104-9fed-348a74c0c25d,RFID,0.00,0.00,0.00,BBD,
48c79acb-8961-42d7-b693-c658e6b989a2,2025-08-21 19:45:19,2025-08-21 19:47:59,2025-08-21 15:45:19,2025-08-21 15:47:59,America/Barbados,2.67,1.67,0.0,0.0,0.0,024e77fc-3da1-4e73-930e-b76e45511419,MP-001,M5005918-7,024e77fc-3da1-4e73-930e-b76e45511419.2,TYPE_2,7.4,1977c2c7-cd44-4e6f-a827-370cd9aad5bd,Massy Sunset Crest,"Massy Stores Supercenter, Sunset Crest",Holetown,St James,BB,,Massy,578dca79-afd1-4b04-816a-322a7067114b,2e66014b02c5c7fd4bed7d8506ada19a,,,,,4533db09-5308-4104-9fed-348a74c0c25d,RFID,0.00,0.00,0.00,BBD,
9432ed1e-9a55-437b-9b7e-935c1d37d79c,2025-08-21 19:31:58,2025-08-21 20:13:08,2025-08-21 15:31:58,2025-08-21 16:13:08,America/Barbados,41.17,2.15,4.2,12.0,6.4,8d27dae5-8d1f-48d0-bfe1-8875d5d568a5,MP-0079,M5012464-2,8d27dae5-8d1f-48d0-bfe1-8875d5d568a5.1,TYPE_2,22.0,1977c2c7-cd44-4e6f-a827-370cd9aad5bd,Massy Sunset Crest,"Massy Stores Supercenter, Sunset Crest",Holetown,St James,BB,,Massy,578dca79-afd1-4b04-816a-322a7067114b,564363f1092f00b6d8b93b0dffe923e8,,,,,ff8272b9-b9c0-4e2c-a725-65cbd037a327,RFID,6.30,6.30,0.00,BBD,
563cd1d9-e9da-4421-b7c7-aa8a956bef70,2025-08-21 23:14:50,2025-08-21 23:25:36,2025-08-21 19:14:50,2025-08-21 19:25:36,America/Barbados,10.77,0.00,2.1,17.4,11.9,03c821d6-6274-427c-937a-ad91c6bc020d,MP-025,51210097772981,03c821d6-6274-427c-937a-ad91c6bc020d.2,CHADEMO,25.0,79b72a61-f5ca-433f-b824-0c7df1204859,Massy Warrens,Massy Warrens - Massy Stores Supercenter,Warrens,St. Michael,BB,,Massy,578dca79-afd1-4b04-816a-322a7067114b,564363f1092f00b6d8b93b0dffe923e8,,,,,ff8272b9-b9c0-4e2c-a725-65cbd037a327,RFID,3.68,3.68,0.00,BBD,
a5dc03a4-09e0-46ea-b247-007c5cb7131a,2025-08-22 13:17:44,2025-08-22 13:22:54,2025-08-22 09:17:44,2025-08-22 09:22:54,America/Barbados,5.17,0.00,2.2,29.0,26.0,03c821d6-6274-427c-937a-ad91c6bc020d,MP-025,51210097772981,03c821d6-6274-427c-937a-ad91c6bc020d.1,CCS_2,25.0,79b72a61-f5ca-433f-b824-0c7df1204859,Massy Warrens,Massy Warrens - Massy Stores Supercenter,Warrens,St. Michael,BB,,Massy,578dca79-afd1-4b04-816a-322a7067114b,35b6f6f99ae2087ef24aff4869dea359,,,,,9210ee0a-d99f-4855-9c03-cdf9ee6fab7d,RFID,3.85,3.85,0.00,BBD,
b165bad1-31c2-434b-9eff-ed139f1d2fca,2025-08-22 15:57:51,2025-08-22 16:39:11,2025-08-22 11:57:51,2025-08-22 12:39:11,America/Barbados,41.33,0.00,17.7,29.0,25.7,03c821d6-6274-427c-937a-ad91c6bc020d,MP-025,51210097772981,03c821d6-6274-427c-937a-ad91c6bc020d.1,CCS_2,25.0,79b72a61-f5ca-433f-b824-0c7df1204859,Massy Warrens,Massy Warrens - Massy Stores Supercenter,Warrens,St. Michael,BB,,Massy,578dca79-afd1-4b04-816a-322a7067114b,8ac0e8aa9751197f37cc59bdf0c10429,,,,,,SYSTEM,30.98,30.98,0.00,BBD,
11aa5aa4-ed8e-44c9-8cb6-bc46beb73cab,2025-08-22 17:50:17,2025-08-22 18:47:55,2025-08-22 13:50:17,2025-08-22 14:47:55,America/Barbados,57.63,0.00,21.1,29.0,22.0,03c821d6-6274-427c-937a-ad91c6bc020d,MP-025,51210097772981,03c821d6-6274-427c-937a-ad91c6bc020d.1,CCS_2,25.0,79b72a61-f5ca-433f-b824-0c7df1204859,Massy Warrens,Massy Warrens - Massy Stores Supercenter,Warrens,St. Michael,BB,,Massy,578dca79-afd1-4b04-816a-322a7067114b,dd4c88acde25753674e21b473fe166ef,,,,,,SYSTEM,36.93,36.93,0.00,BBD,
9e7e3f6c-b3c5-4d0a-9fe5-1f8ed3873ad9,2025-08-22 18:44:30,2025-08-22 19:18:15,2025-08-22 14:44:30,2025-08-22 15:18:15,America/Barbados,33.75,5.00,3.1,12.0,6.6,8d27dae5-8d1f-48d0-bfe1-8875d5d568a5,MP-0079,M5012464-2,8d27dae5-8d1f-48d0-bfe1-8875d5d568a5.2,TYPE_2,22.0,1977c2c7-cd44-4e6f-a827-370cd9aad5bd,Massy Sunset Crest,"Massy Stores Supercenter, Sunset Crest",Holetown,St James,BB,,Massy,578dca79-afd1-4b04-816a-322a7067114b,564363f1092f00b6d8b93b0dffe923e8,,,,,ff8272b9-b9c0-4e2c-a725-65cbd037a327,RFID,4.65,4.65,0.00,BBD,
6cd5a875-3186-4325-9fb8-17b0553f2add,2025-08-22 20:42:54,2025-08-22 22:47:56,2025-08-22 16:42:54,2025-08-22 18:47:56,America/Barbados,125.03,0.00,14.7,11.6,7.1,03c821d6-6274-427c-937a-ad91c6bc020d,MP-025,51210097772981,03c821d6-6274-427c-937a-ad91c6bc020d.3,TYPE_2,25.0,79b72a61-f5ca-433f-b824-0c7df1204859,Massy Warrens,Massy Warrens - Massy Stores Supercenter,Warrens,St. Michael,BB,,Massy,578dca79-afd1-4b04-816a-322a7067114b,5179b53c72c2139ec9749fb7ea5a9aeb,,,,,,SYSTEM,25.73,25.73,0.00,BBD,
a1d8a29f-8905-4531-b705-e99391acd45e,2025-08-23 17:43:13,2025-08-23 18:06:49,2025-08-23 13:43:13,2025-08-23 14:06:49,America/Barbados,23.60,0.00,10.0,29.0,25.4,03c821d6-6274-427c-937a-ad91c6bc020d,MP-025,51210097772981,03c821d6-6274-427c-937a-ad91c6bc020d.1,CCS_2,25.0,79b72a61-f5ca-433f-b824-0c7df1204859,Massy Warrens,Massy Warrens - Massy Stores Supercenter,Warrens,St. Michael,BB,,Massy,578dca79-afd1-4b04-816a-322a7067114b,94341940e1fa01df47e40ec893cbaf5d,,,,,d7aff9e5-6a68-460e-9892-2c18732d5b53,RFID,17.50,17.50,0.00,BBD,
c3593905-fdf8-430d-b4a7-4055b5f7cfa6,2025-08-24 00:50:06,2025-08-24 01:10:45,2025-08-23 20:50:06,2025-08-23 21:10:45,America/Barbados,20.65,0.00,8.7,29.0,25.3,03c821d6-6274-427c-937a-ad91c6bc020d,MP-025,51210097772981,03c821d6-6274-427c-937a-ad91c6bc020d.1,CCS_2,25.0,79b72a61-f5ca-433f-b824-0c7df1204859,Massy Warrens,Massy Warrens - Massy Stores Supercenter,Warrens,St. Michael,BB,,Massy,578dca79-afd1-4b04-816a-322a7067114b,03d1ce26fa49936b6e72eb9eafef6e3f,,,,,97fceca9-6706-421a-89f2-0f307f042c89,RFID,15.23,15.23,0.00,BBD,
ca49e8b9-f444-4215-870e-6193c54640f7,2025-08-24 06:15:09,2025-08-24 08:52:44,2025-08-24 02:15:09,2025-08-24 04:52:44,America/Barbados,157.58,0.00,70.0,29.5,26.7,03c821d6-6274-427c-937a-ad91c6bc020d,MP-025,51210097772981,03c821d6-6274-427c-937a-ad91c6bc020d.1,CCS_2,25.0,79b72a61-f5ca-433f-b824-0c7df1204859,Massy Warrens,Massy Warrens - Massy Stores Supercenter,Warrens,St. Michael,BB,,Massy,578dca79-afd1-4b04-816a-322a7067114b,35b6f6f99ae2087ef24aff4869dea359,,,,,9210ee0a-d99f-4855-9c03-cdf9ee6fab7d,RFID,122.50,122.50,0.00,BBD,
852eeb7c-2f15-4a47-b513-91e6e27bf938,2025-08-24 13:19:02,2025-08-24 14:10:42,2025-08-24 09:19:02,2025-08-24 10:10:42,America/Barbados,51.67,0.00,21.8,29.5,25.4,03c821d6-6274-427c-937a-ad91c6bc020d,MP-025,51210097772981,03c821d6-6274-427c-937a-ad91c6bc020d.1,CCS_2,25.0,79b72a61-f5ca-433f-b824-0c7df1204859,Massy Warrens,Massy Warrens - Massy Stores Supercenter,Warrens,St. Michael,BB,,Massy,578dca79-afd1-4b04-816a-322a7067114b,3ec90e3238512ad68148b90118b24c98,,,,,,SYSTEM,38.15,38.15,0.00,BBD,
70494310-a86c-47c9-8e4d-0ca08f7ad85f,2025-08-24 18:24:39,2025-08-24 18:46:58,2025-08-24 14:24:39,2025-08-24 14:46:58,America/Barbados,22.32,0.00,4.2,17.4,11.3,03c821d6-6274-427c-937a-ad91c6bc020d,MP-025,51210097772981,03c821d6-6274-427c-937a-ad91c6bc020d.2,CHADEMO,25.0,79b72a61-f5ca-433f-b824-0c7df1204859,Massy Warrens,Massy Warrens - Massy Stores Supercenter,Warrens,St. Michael,BB,,Massy,578dca79-afd1-4b04-816a-322a7067114b,564363f1092f00b6d8b93b0dffe923e8,,,,,ff8272b9-b9c0-4e2c-a725-65cbd037a327,RFID,7.35,7.35,0.00,BBD,
c195407a-db16-4c21-9a4f-aaca92842564,2025-08-24 18:58:48,2025-08-24 19:43:43,2025-08-24 14:58:48,2025-08-24 15:43:43,America/Barbados,44.92,0.00,16.5,29.0,22.0,03c821d6-6274-427c-937a-ad91c6bc020d,MP-025,51210097772981,03c821d6-6274-427c-937a-ad91c6bc020d.1,CCS_2,25.0,79b72a61-f5ca-433f-b824-0c7df1204859,Massy Warrens,Massy Warrens - Massy Stores Supercenter,Warrens,St. Michael,BB,,Massy,578dca79-afd1-4b04-816a-322a7067114b,1fccf7274b09cf68b9c1e2e9b89fce01,,,,,9b0b75bf-6fbc-4bed-b61c-8c18cb913d17,RFID,28.88,28.88,0.00,BBD,
2a9b14c1-7191-4edd-8f41-9e2f52d18970,2025-08-24 21:03:55,2025-08-24 21:56:15,2025-08-24 17:03:55,2025-08-24 17:56:15,America/Barbados,52.33,0.00,23.2,29.0,26.6,03c821d6-6274-427c-937a-ad91c6bc020d,MP-025,51210097772981,03c821d6-6274-427c-937a-ad91c6bc020d.1,CCS_2,25.0,79b72a61-f5ca-433f-b824-0c7df1204859,Massy Warrens,Massy Warrens - Massy Stores Supercenter,Warrens,St. Michael,BB,,Massy,578dca79-afd1-4b04-816a-322a7067114b,03d1ce26fa49936b6e72eb9eafef6e3f,,,,,97fceca9-6706-421a-89f2-0f307f042c89,RFID,40.60,40.60,0.00,BBD,
ac41d9e3-b77c-4f90-a08b-686381127428,2025-08-25 01:03:35,2025-08-25 02:07:19,2025-08-24 21:03:35,2025-08-24 22:07:19,America/Barbados,63.73,0.00,25.1,29.0,23.6,03c821d6-6274-427c-937a-ad91c6bc020d,MP-025,51210097772981,03c821d6-6274-427c-937a-ad91c6bc020d.1,CCS_2,25.0,79b72a61-f5ca-433f-b824-0c7df1204859,Massy Warrens,Massy Warrens - Massy Stores Supercenter,Warrens,St. Michael,BB,,Massy,578dca79-afd1-4b04-816a-322a7067114b,1b993bfece1664fdd15298d8800a83fd,,,,,,SYSTEM,43.93,43.93,0.00,BBD,
537682a8-b787-46c8-afa7-54a96c8aa4fd,2025-08-25 11:32:36,2025-08-25 12:46:37,2025-08-25 07:32:36,2025-08-25 08:46:37,America/Barbados,74.02,0.00,27.4,29.0,22.2,03c821d6-6274-427c-937a-ad91c6bc020d,MP-025,51210097772981,03c821d6-6274-427c-937a-ad91c6bc020d.1,CCS_2,25.0,79b72a61-f5ca-433f-b824-0c7df1204859,Massy Warrens,Massy Warrens - Massy Stores Supercenter,Warrens,St. Michael,BB,,Massy,578dca79-afd1-4b04-816a-322a7067114b,dd4c88acde25753674e21b473fe166ef,,,,,,SYSTEM,47.95,47.95,0.00,BBD,
6df36487-65a7-4b43-b58b-943fd7a0c00d,2025-08-25 14:39:37,2025-08-25 15:46:43,2025-08-25 10:39:37,2025-08-25 11:46:43,America/Barbados,67.10,0.00,26.2,29.0,23.5,03c821d6-6274-427c-937a-ad91c6bc020d,MP-025,51210097772981,03c821d6-6274-427c-937a-ad91c6bc020d.1,CCS_2,25.0,79b72a61-f5ca-433f-b824-0c7df1204859,Massy Warrens,Massy Warrens - Massy Stores Supercenter,Warrens,St. Michael,BB,,Massy,578dca79-afd1-4b04-816a-322a7067114b,18008f87ad6a61c9256e97b54b5cf26c,,,,,,SYSTEM,45.85,45.85,0.00,BBD,
8dfd5deb-0be5-45dc-b81e-016bf8be8bbb,2025-08-25 16:53:31,2025-08-25 19:00:22,2025-08-25 12:53:31,2025-08-25 15:00:22,America/Barbados,126.85,0.00,52.9,29.0,25.0,03c821d6-6274-427c-937a-ad91c6bc020d,MP-025,51210097772981,03c821d6-6274-427c-937a-ad91c6bc020d.1,CCS_2,25.0,79b72a61-f5ca-433f-b824-0c7df1204859,Massy Warrens,Massy Warrens - Massy Stores Supercenter,Warrens,St. Michael,BB,,Massy,578dca79-afd1-4b04-816a-322a7067114b,9524292787ec90c1c0d210497cc1166e,,,,,81c772bc-95b4-494a-b120-9b72e065fadc,RFID,92.58,92.58,0.00,BBD,
2252bd27-521b-40ea-9485-01227f9d69a4,2025-08-25 19:11:58,2025-08-25 19:49:12,2025-08-25 15:11:58,2025-08-25 15:49:12,America/Barbados,37.23,0.03,15.8,29.5,25.5,03c821d6-6274-427c-937a-ad91c6bc020d,MP-025,51210097772981,03c821d6-6274-427c-937a-ad91c6bc020d.1,CCS_2,25.0,79b72a61-f5ca-433f-b824-0c7df1204859,Massy Warrens,Massy Warrens - Massy Stores Supercenter,Warrens,St. Michael,BB,,Massy,578dca79-afd1-4b04-816a-322a7067114b,0e411a7aae18e5bf462136072fec76ab,,,,,,SYSTEM,27.65,27.65,0.00,BBD,
328c934b-3864-48f9-9406-4e123fc3b9c9,2025-08-25 20:31:19,2025-08-25 20:56:43,2025-08-25 16:31:19,2025-08-25 16:56:43,America/Barbados,25.40,0.00,10.7,29.0,25.3,03c821d6-6274-427c-937a-ad91c6bc020d,MP-025,51210097772981,03c821d6-6274-427c-937a-ad91c6bc020d.1,CCS_2,25.0,79b72a61-f5ca-433f-b824-0c7df1204859,Massy Warrens,Massy Warrens - Massy Stores Supercenter,Warrens,St. Michael,BB,,Massy,578dca79-afd1-4b04-816a-322a7067114b,8ac0e8aa9751197f37cc59bdf0c10429,,,,,,SYSTEM,18.73,18.73,0.00,BBD,
f983a8ec-0eda-4195-a3ec-b52de7ad3d6b,2025-08-25 21:11:52,2025-08-25 22:28:24,2025-08-25 17:11:52,2025-08-25 18:28:24,America/Barbados,76.53,0.08,32.2,29.5,25.3,03c821d6-6274-427c-937a-ad91c6bc020d,MP-025,51210097772981,03c821d6-6274-427c-937a-ad91c6bc020d.1,CCS_2,25.0,79b72a61-f5ca-433f-b824-0c7df1204859,Massy Warrens,Massy Warrens - Massy Stores Supercenter,Warrens,St. Michael,BB,,Massy,578dca79-afd1-4b04-816a-322a7067114b,53c3e7f13adc18ac7473c99ec64d56c5,,,,,5b11676b-0383-4ad8-a16f-6da4cd89f3e3,RFID,56.35,56.35,0.00,BBD,
fc8dfeb2-d3ce-4e8e-b565-1c2a21cde83b,2025-08-25 23:22:03,2025-08-26 00:01:23,2025-08-25 19:22:03,2025-08-25 20:01:23,America/Barbados,39.33,0.33,4.7,12.0,7.3,8d27dae5-8d1f-48d0-bfe1-8875d5d568a5,MP-0079,M5012464-2,8d27dae5-8d1f-48d0-bfe1-8875d5d568a5.2,TYPE_2,22.0,1977c2c7-cd44-4e6f-a827-370cd9aad5bd,Massy Sunset Crest,"Massy Stores Supercenter, Sunset Crest",Holetown,St James,BB,,Massy,578dca79-afd1-4b04-816a-322a7067114b,94341940e1fa01df47e40ec893cbaf5d,,,,,d7aff9e5-6a68-460e-9892-2c18732d5b53,RFID,7.05,7.05,0.00,BBD,
39192c09-0284-44a7-b4db-ced03a3a1450,2025-08-26 08:56:59,2025-08-26 10:45:29,2025-08-26 04:56:59,2025-08-26 06:45:29,America/Barbados,108.50,0.00,48.1,34.8,26.6,03c821d6-6274-427c-937a-ad91c6bc020d,MP-025,51210097772981,03c821d6-6274-427c-937a-ad91c6bc020d.1,CCS_2,25.0,79b72a61-f5ca-433f-b824-0c7df1204859,Massy Warrens,Massy Warrens - Massy Stores Supercenter,Warrens,St. Michael,BB,,Massy,578dca79-afd1-4b04-816a-322a7067114b,35b6f6f99ae2087ef24aff4869dea359,,,,,9210ee0a-d99f-4855-9c03-cdf9ee6fab7d,RFID,84.18,84.18,0.00,BBD,
56c64bf2-3c99-402c-9d4b-d46b8109b7ea,2025-08-26 23:48:23,2025-08-27 02:38:41,2025-08-26 19:48:23,2025-08-26 22:38:41,America/Barbados,170.30,1.03,72.5,34.8,25.7,03c821d6-6274-427c-937a-ad91c6bc020d,MP-025,51210097772981,03c821d6-6274-427c-937a-ad91c6bc020d.1,CCS_2,25.0,79b72a61-f5ca-433f-b824-0c7df1204859,Massy Warrens,Massy Warrens - Massy Stores Supercenter,Warrens,St. Michael,BB,,Massy,578dca79-afd1-4b04-816a-322a7067114b,03d1ce26fa49936b6e72eb9eafef6e3f,,,,,97fceca9-6706-421a-89f2-0f307f042c89,RFID,126.88,126.88,0.00,BBD,
2484de12-2391-4a07-9386-eb5fd115b84f,2025-08-27 03:32:36,2025-08-27 04:28:08,2025-08-26 23:32:36,2025-08-27 00:28:08,America/Barbados,55.53,0.78,18.4,29.0,20.2,03c821d6-6274-427c-937a-ad91c6bc020d,MP-025,51210097772981,03c821d6-6274-427c-937a-ad91c6bc020d.1,CCS_2,25.0,79b72a61-f5ca-433f-b824-0c7df1204859,Massy Warrens,Massy Warrens - Massy Stores Supercenter,Warrens,St. Michael,BB,,Massy,578dca79-afd1-4b04-816a-322a7067114b,dd4c88acde25753674e21b473fe166ef,,,,,,SYSTEM,32.20,32.20,0.00,BBD,
677f8733-1679-47bc-a6e1-c2a88e3dd148,2025-08-27 12:09:06,2025-08-27 12:25:52,2025-08-27 08:09:06,2025-08-27 08:25:52,America/Barbados,16.77,0.23,3.1,17.4,11.3,03c821d6-6274-427c-937a-ad91c6bc020d,MP-025,51210097772981,03c821d6-6274-427c-937a-ad91c6bc020d.2,CHADEMO,25.0,79b72a61-f5ca-433f-b824-0c7df1204859,Massy Warrens,Massy Warrens - Massy Stores Supercenter,Warrens,St. Michael,BB,,Massy,578dca79-afd1-4b04-816a-322a7067114b,564363f1092f00b6d8b93b0dffe923e8,,,,,ff8272b9-b9c0-4e2c-a725-65cbd037a327,RFID,5.43,5.43,0.00,BBD,
210adfb3-4cec-4e9a-9e49-51dfd1cb44fb,2025-08-27 15:03:52,2025-08-27 16:36:23,2025-08-27 11:03:52,2025-08-27 12:36:23,America/Barbados,92.52,0.00,40.5,34.5,26.3,03c821d6-6274-427c-937a-ad91c6bc020d,MP-025,51210097772981,03c821d6-6274-427c-937a-ad91c6bc020d.1,CCS_2,25.0,79b72a61-f5ca-433f-b824-0c7df1204859,Massy Warrens,Massy Warrens - Massy Stores Supercenter,Warrens,St. Michael,BB,,Massy,578dca79-afd1-4b04-816a-322a7067114b,36103e32ca748011fafd0684597de9b8,,,,,28fa464f-755d-408f-b101-69e31a4fb5cf,RFID,70.88,70.88,0.00,BBD,
0c751f38-a54f-47b0-83dd-07eab019194d,2025-08-27 21:39:45,2025-08-27 22:20:55,2025-08-27 17:39:45,2025-08-27 18:20:55,America/Barbados,41.17,0.00,14.2,29.0,20.7,03c821d6-6274-427c-937a-ad91c6bc020d,MP-025,51210097772981,03c821d6-6274-427c-937a-ad91c6bc020d.2,CHADEMO,25.0,79b72a61-f5ca-433f-b824-0c7df1204859,Massy Warrens,Massy Warrens - Massy Stores Supercenter,Warrens,St. Michael,BB,,Massy,578dca79-afd1-4b04-816a-322a7067114b,85238d638918d8b6ce011cd702d78404,,,,,,SYSTEM,24.85,24.85,0.00,BBD,
8ee0606f-b574-44c8-a21c-87ef5855d6b3,2025-08-28 05:13:42,2025-08-28 06:39:07,2025-08-28 01:13:42,2025-08-28 02:39:07,America/Barbados,85.42,0.70,30.3,29.0,21.5,03c821d6-6274-427c-937a-ad91c6bc020d,MP-025,51210097772981,03c821d6-6274-427c-937a-ad91c6bc020d.1,CCS_2,25.0,79b72a61-f5ca-433f-b824-0c7df1204859,Massy Warrens,Massy Warrens - Massy Stores Supercenter,Warrens,St. Michael,BB,,Massy,578dca79-afd1-4b04-816a-322a7067114b,dd4c88acde25753674e21b473fe166ef,,,,,,SYSTEM,53.03,53.03,0.00,BBD,
64d8bbc4-3a21-465f-bbee-f563c9871c29,2025-08-28 09:34:39,2025-08-28 10:41:35,2025-08-28 05:34:39,2025-08-28 06:41:35,America/Barbados,66.93,0.00,29.8,34.8,26.8,03c821d6-6274-427c-937a-ad91c6bc020d,MP-025,51210097772981,03c821d6-6274-427c-937a-ad91c6bc020d.1,CCS_2,25.0,79b72a61-f5ca-433f-b824-0c7df1204859,Massy Warrens,Massy Warrens - Massy Stores Supercenter,Warrens,St. Michael,BB,,Massy,578dca79-afd1-4b04-816a-322a7067114b,35b6f6f99ae2087ef24aff4869dea359,,,,,9210ee0a-d99f-4855-9c03-cdf9ee6fab7d,RFID,52.15,52.15,0.00,BBD,
994f35cf-822c-4449-828b-e962fd1372d5,2025-08-28 12:20:03,2025-08-28 14:57:09,2025-08-28 08:20:03,2025-08-28 10:57:09,America/Barbados,157.10,3.13,57.2,29.0,22.3,03c821d6-6274-427c-937a-ad91c6bc020d,MP-025,51210097772981,03c821d6-6274-427c-937a-ad91c6bc020d.1,CCS_2,25.0,79b72a61-f5ca-433f-b824-0c7df1204859,Massy Warrens,Massy Warrens - Massy Stores Supercenter,Warrens,St. Michael,BB,,Massy,578dca79-afd1-4b04-816a-322a7067114b,94341940e1fa01df47e40ec893cbaf5d,,,,,d7aff9e5-6a68-460e-9892-2c18732d5b53,RFID,100.10,100.10,0.00,BBD,
1344f62b-7ca3-41d6-ac40-68df2437cd32,2025-08-28 21:01:26,2025-08-28 21:23:50,2025-08-28 17:01:26,2025-08-28 17:23:50,America/Barbados,22.40,0.00,4.5,17.4,12.1,03c821d6-6274-427c-937a-ad91c6bc020d,MP-025,51210097772981,03c821d6-6274-427c-937a-ad91c6bc020d.2,CHADEMO,25.0,79b72a61-f5ca-433f-b824-0c7df1204859,Massy Warrens,Massy Warrens - Massy Stores Supercenter,Warrens,St. Michael,BB,,Massy,578dca79-afd1-4b04-816a-322a7067114b,564363f1092f00b6d8b93b0dffe923e8,,,,,ff8272b9-b9c0-4e2c-a725-65cbd037a327,RFID,7.87,7.87,0.00,BBD,
019b540f-49bd-4235-a5cb-ff4452d2329c,2025-08-28 21:34:20,2025-08-28 22:04:09,2025-08-28 17:34:20,2025-08-28 18:04:09,America/Barbados,29.82,11.80,1.7,6.1,5.8,8d27dae5-8d1f-48d0-bfe1-8875d5d568a5,MP-0079,M5012464-2,8d27dae5-8d1f-48d0-bfe1-8875d5d568a5.2,TYPE_2,22.0,1977c2c7-cd44-4e6f-a827-370cd9aad5bd,Massy Sunset Crest,"Massy Stores Supercenter, Sunset Crest",Holetown,St James,BB,,Massy,578dca79-afd1-4b04-816a-322a7067114b,768d1282fc5a8c161355988d1098736a,,,,,,SYSTEM,2.54,2.54,0.00,BBD,
fa36fcbe-8e4e-4f8e-aeed-0751f4de5964,2025-08-29 12:14:35,2025-08-29 13:03:22,2025-08-29 08:14:35,2025-08-29 09:03:22,America/Barbados,48.78,0.00,19.3,29.0,23.8,03c821d6-6274-427c-937a-ad91c6bc020d,MP-025,51210097772981,03c821d6-6274-427c-937a-ad91c6bc020d.2,CHADEMO,25.0,79b72a61-f5ca-433f-b824-0c7df1204859,Massy Warrens,Massy Warrens - Massy Stores Supercenter,Warrens,St. Michael,BB,,Massy,578dca79-afd1-4b04-816a-322a7067114b,f3ff5f81b006bbba395c21932fd22620,,,,,98a75c81-51a2-4442-bc22-c8a915a0ed15,RFID,33.77,33.77,0.00,BBD,
4e75c2b9-0ee6-4e8a-bfe1-f57054ef0bd0,2025-08-29 14:34:35,2025-08-29 14:53:12,2025-08-29 10:34:35,2025-08-29 10:53:12,America/Barbados,18.62,0.02,3.8,17.4,12.3,03c821d6-6274-427c-937a-ad91c6bc020d,MP-025,51210097772981,03c821d6-6274-427c-937a-ad91c6bc020d.2,CHADEMO,25.0,79b72a61-f5ca-433f-b824-0c7df1204859,Massy Warrens,Massy Warrens - Massy Stores Supercenter,Warrens,St. Michael,BB,,Massy,578dca79-afd1-4b04-816a-322a7067114b,564363f1092f00b6d8b93b0dffe923e8,,,,,ff8272b9-b9c0-4e2c-a725-65cbd037a327,RFID,6.65,6.65,0.00,BBD,
ff199ec8-dc6c-43ea-8056-e63555cf9085,2025-08-29 21:12:37,2025-08-29 22:16:54,2025-08-29 17:12:37,2025-08-29 18:16:54,America/Barbados,64.28,0.00,27.2,29.0,25.4,03c821d6-6274-427c-937a-ad91c6bc020d,MP-025,51210097772981,03c821d6-6274-427c-937a-ad91c6bc020d.1,CCS_2,25.0,79b72a61-f5ca-433f-b824-0c7df1204859,Massy Warrens,Massy Warrens - Massy Stores Supercenter,Warrens,St. Michael,BB,,Massy,578dca79-afd1-4b04-816a-322a7067114b,3ec90e3238512ad68148b90118b24c98,,,,,,SYSTEM,47.60,47.60,0.00,BBD,
11793d59-fa33-419e-9888-9e7c12e5f8d5,2025-08-30 07:09:19,2025-08-30 08:13:23,2025-08-30 03:09:19,2025-08-30 04:13:23,America/Barbados,64.07,0.00,28.3,29.0,26.5,03c821d6-6274-427c-937a-ad91c6bc020d,MP-025,51210097772981,03c821d6-6274-427c-937a-ad91c6bc020d.1,CCS_2,25.0,79b72a61-f5ca-433f-b824-0c7df1204859,Massy Warrens,Massy Warrens - Massy Stores Supercenter,Warrens,St. Michael,BB,,Massy,578dca79-afd1-4b04-816a-322a7067114b,35b6f6f99ae2087ef24aff4869dea359,,,,,9210ee0a-d99f-4855-9c03-cdf9ee6fab7d,RFID,49.52,49.52,0.00,BBD,
a6562996-db31-4009-8921-1a648cd5c004,2025-08-30 16:17:50,2025-08-30 16:45:53,2025-08-30 12:17:50,2025-08-30 12:45:53,America/Barbados,28.05,0.15,11.9,29.0,25.7,03c821d6-6274-427c-937a-ad91c6bc020d,MP-025,51210097772981,03c821d6-6274-427c-937a-ad91c6bc020d.1,CCS_2,25.0,79b72a61-f5ca-433f-b824-0c7df1204859,Massy Warrens,Massy Warrens - Massy Stores Supercenter,Warrens,St. Michael,BB,,Massy,578dca79-afd1-4b04-816a-322a7067114b,8ac0e8aa9751197f37cc59bdf0c10429,,,,,,SYSTEM,20.82,20.82,0.00,BBD,
ade06754-5b85-4280-ae53-213c8587794e,2025-08-30 17:17:51,2025-08-30 18:08:01,2025-08-30 13:17:51,2025-08-30 14:08:01,America/Barbados,50.17,22.30,3.0,12.9,6.5,03c821d6-6274-427c-937a-ad91c6bc020d,MP-025,51210097772981,03c821d6-6274-427c-937a-ad91c6bc020d.2,CHADEMO,25.0,79b72a61-f5ca-433f-b824-0c7df1204859,Massy Warrens,Massy Warrens - Massy Stores Supercenter,Warrens,St. Michael,BB,,Massy,578dca79-afd1-4b04-816a-322a7067114b,a9da375de5840f5da7c18bd3cc48d868,,,,,,SYSTEM,5.25,5.25,0.00,BBD,
48625a71-e473-45db-87b7-485566323dca,2025-08-30 18:55:46,2025-08-30 19:51:32,2025-08-30 14:55:46,2025-08-30 15:51:32,America/Barbados,55.77,11.37,5.6,19.8,7.6,03c821d6-6274-427c-937a-ad91c6bc020d,MP-025,51210097772981,03c821d6-6274-427c-937a-ad91c6bc020d.2,CHADEMO,25.0,79b72a61-f5ca-433f-b824-0c7df1204859,Massy Warrens,Massy Warrens - Massy Stores Supercenter,Warrens,St. Michael,BB,,Massy,578dca79-afd1-4b04-816a-322a7067114b,876c5be78ae0af525fac5d4891ec4c79,,,,,,SYSTEM,9.79,9.79,0.00,BBD,
ff245be8-d23c-45bb-882d-c9352cc9552e,2025-08-31 01:40:03,2025-08-31 02:38:57,2025-08-30 21:40:03,2025-08-30 22:38:57,America/Barbados,58.90,0.00,26.4,34.8,26.9,03c821d6-6274-427c-937a-ad91c6bc020d,MP-025,51210097772981,03c821d6-6274-427c-937a-ad91c6bc020d.1,CCS_2,25.0,79b72a61-f5ca-433f-b824-0c7df1204859,Massy Warrens,Massy Warrens - Massy Stores Supercenter,Warrens,St. Michael,BB,,Massy,578dca79-afd1-4b04-816a-322a7067114b,627f845759db7ce678e3c1ea831c0241,,,,,,SYSTEM,46.20,46.20,0.00,BBD,
8e18edfe-9dc0-43d1-9314-67737b25ad3a,2025-08-31 15:54:59,2025-08-31 17:08:12,2025-08-31 11:54:59,2025-08-31 13:08:12,America/Barbados,73.22,0.00,31.4,29.0,25.8,03c821d6-6274-427c-937a-ad91c6bc020d,MP-025,51210097772981,03c821d6-6274-427c-937a-ad91c6bc020d.1,CCS_2,25.0,79b72a61-f5ca-433f-b824-0c7df1204859,Massy Warrens,Massy Warrens - Massy Stores Supercenter,Warrens,St. Michael,BB,,Massy,578dca79-afd1-4b04-816a-322a7067114b,8ac0e8aa9751197f37cc59bdf0c10429,,,,,,SYSTEM,54.95,54.95,0.00,BBD,
d107941e-7f89-46fb-b686-8539b252460a,2025-08-31 17:54:36,2025-08-31 18:02:29,2025-08-31 13:54:36,2025-08-31 14:02:29,America/Barbados,7.88,0.00,2.5,23.2,19.3,03c821d6-6274-427c-937a-ad91c6bc020d,MP-025,51210097772981,03c821d6-6274-427c-937a-ad91c6bc020d.2,CHADEMO,25.0,79b72a61-f5ca-433f-b824-0c7df1204859,Massy Warrens,Massy Warrens - Massy Stores Supercenter,Warrens,St. Michael,BB,,Massy,578dca79-afd1-4b04-816a-322a7067114b,cd2bba1eca5faa93049b52161905acf8,,,,,81f31cbe-ab95-4b3c-8c72-a4de34560734,RFID,4.37,4.37,0.00,BBD,
44eb2fb4-7c87-41bf-bf80-fd7373db5d70,2025-09-01 09:09:32,2025-09-01 10:50:53,2025-09-01 05:09:32,2025-09-01 06:50:53,America/Barbados,101.35,0.08,44.2,34.8,26.2,03c821d6-6274-427c-937a-ad91c6bc020d,MP-025,51210097772981,03c821d6-6274-427c-937a-ad91c6bc020d.1,CCS_2,25.0,79b72a61-f5ca-433f-b824-0c7df1204859,Massy Warrens,Massy Warrens - Massy Stores Supercenter,Warrens,St. Michael,BB,,Massy,578dca79-afd1-4b04-816a-322a7067114b,35b6f6f99ae2087ef24aff4869dea359,,,,,9210ee0a-d99f-4855-9c03-cdf9ee6fab7d,RFID,77.35,77.35,0.00,BBD,
eab7994e-a555-4653-8ef5-e32b4f615815,2025-09-01 20:23:00,2025-09-01 21:19:25,2025-09-01 16:23:00,2025-09-01 17:19:25,America/Barbados,56.42,0.00,24.1,37.9,25.8,03c821d6-6274-427c-937a-ad91c6bc020d,MP-025,51210097772981,03c821d6-6274-427c-937a-ad91c6bc020d.1,CCS_2,25.0,79b72a61-f5ca-433f-b824-0c7df1204859,Massy Warrens,Massy Warrens - Massy Stores Supercenter,Warrens,St. Michael,BB,,Massy,578dca79-afd1-4b04-816a-322a7067114b,8ac0e8aa9751197f37cc59bdf0c10429,,,,,,SYSTEM,42.17,42.17,0.00,BBD,
2a61be84-9a86-4379-9d7a-7a435e8d4a03,2025-09-01 21:56:43,2025-09-01 22:54:35,2025-09-01 17:56:43,2025-09-01 18:54:35,America/Barbados,57.87,0.00,24.7,34.8,25.7,03c821d6-6274-427c-937a-ad91c6bc020d,MP-025,51210097772981,03c821d6-6274-427c-937a-ad91c6bc020d.1,CCS_2,25.0,79b72a61-f5ca-433f-b824-0c7df1204859,Massy Warrens,Massy Warrens - Massy Stores Supercenter,Warrens,St. Michael,BB,,Massy,578dca79-afd1-4b04-816a-322a7067114b,1b993bfece1664fdd15298d8800a83fd,,,,,,SYSTEM,43.22,43.22,0.00,BBD,
42949364-b745-45de-980d-b77ffb4ac8bc,2025-09-01 23:14:05,2025-09-02 00:26:11,2025-09-01 19:14:05,2025-09-01 20:26:11,America/Barbados,72.10,0.00,30.8,29.4,25.7,03c821d6-6274-427c-937a-ad91c6bc020d,MP-025,51210097772981,03c821d6-6274-427c-937a-ad91c6bc020d.1,CCS_2,25.0,79b72a61-f5ca-433f-b824-0c7df1204859,Massy Warrens,Massy Warrens - Massy Stores Supercenter,Warrens,St. Michael,BB,,Massy,578dca79-afd1-4b04-816a-322a7067114b,9524292787ec90c1c0d210497cc1166e,,,,,81c772bc-95b4-494a-b120-9b72e065fadc,RFID,53.90,53.90,0.00,BBD,
8c2558ae-3390-423e-9c1c-15bf255b218d,2025-09-02 13:57:08,2025-09-02 14:49:59,2025-09-02 09:57:08,2025-09-02 10:49:59,America/Barbados,52.85,0.17,23.0,34.8,26.3,03c821d6-6274-427c-937a-ad91c6bc020d,MP-025,51210097772981,03c821d6-6274-427c-937a-ad91c6bc020d.1,CCS_2,25.0,79b72a61-f5ca-433f-b824-0c7df1204859,Massy Warrens,Massy Warrens - Massy Stores Supercenter,Warrens,St. Michael,BB,,Massy,578dca79-afd1-4b04-816a-322a7067114b,eed9d915b485c674b9ba3ac4a20ae0f1,,,,,,SYSTEM,40.25,40.25,0.00,BBD,
c45e78c4-5e79-4ba0-a6c4-cd7197b66c01,2025-09-02 15:23:06,2025-09-02 15:23:21,2025-09-02 11:23:06,2025-09-02 11:23:21,America/Barbados,0.25,0.00,0.0,0.0,0.0,024e77fc-3da1-4e73-930e-b76e45511419,MP-001,M5005918-7,024e77fc-3da1-4e73-930e-b76e45511419.2,TYPE_2,7.4,1977c2c7-cd44-4e6f-a827-370cd9aad5bd,Massy Sunset Crest,"Massy Stores Supercenter, Sunset Crest",Holetown,St James,BB,,Massy,578dca79-afd1-4b04-816a-322a7067114b,facd153ef85aa2acb3911f44a287499c,,,,,,RFID,0.00,0.00,0.00,BBD,
0a9d8664-af8f-4516-ac61-7d1a69f0bda8,2025-09-02 15:24:04,2025-09-02 17:01:33,2025-09-02 11:24:04,2025-09-02 13:01:33,America/Barbados,97.48,96.47,0.0,0.0,0.0,024e77fc-3da1-4e73-930e-b76e45511419,MP-001,M5005918-7,024e77fc-3da1-4e73-930e-b76e45511419.2,TYPE_2,7.4,1977c2c7-cd44-4e6f-a827-370cd9aad5bd,Massy Sunset Crest,"Massy Stores Supercenter, Sunset Crest",Holetown,St James,BB,,Massy,578dca79-afd1-4b04-816a-322a7067114b,facd153ef85aa2acb3911f44a287499c,,,,,5b9ff905-34ca-4b86-a798-0b412217e312,RFID,0.00,0.00,0.00,BBD,
0721cd3e-e0ee-41be-b928-7bdbb7dc0e1b,2025-09-02 17:23:25,2025-09-02 17:56:45,2025-09-02 13:23:25,2025-09-02 13:56:45,America/Barbados,33.33,1.30,5.2,17.4,9.8,03c821d6-6274-427c-937a-ad91c6bc020d,MP-025,51210097772981,03c821d6-6274-427c-937a-ad91c6bc020d.2,CHADEMO,25.0,79b72a61-f5ca-433f-b824-0c7df1204859,Massy Warrens,Massy Warrens - Massy Stores Supercenter,Warrens,St. Michael,BB,,Massy,578dca79-afd1-4b04-816a-322a7067114b,564363f1092f00b6d8b93b0dffe923e8,,,,,ff8272b9-b9c0-4e2c-a725-65cbd037a327,RFID,9.10,9.10,0.00,BBD,
65c99a4d-eb55-4025-b3e4-845c714fddcf,2025-09-02 17:11:42,2025-09-02 18:25:51,2025-09-02 13:11:42,2025-09-02 14:25:51,America/Barbados,74.15,0.15,9.0,12.0,7.3,8d27dae5-8d1f-48d0-bfe1-8875d5d568a5,MP-0079,M5012464-2,8d27dae5-8d1f-48d0-bfe1-8875d5d568a5.2,TYPE_2,22.0,1977c2c7-cd44-4e6f-a827-370cd9aad5bd,Massy Sunset Crest,"Massy Stores Supercenter, Sunset Crest",Holetown,St James,BB,,Massy,578dca79-afd1-4b04-816a-322a7067114b,facd153ef85aa2acb3911f44a287499c,,,,,5b9ff905-34ca-4b86-a798-0b412217e312,RFID,13.50,13.50,0.00,BBD,
3d12870c-f7ca-4124-ba7d-aa500e1c7908,2025-09-03 08:19:48,2025-09-03 08:21:02,2025-09-03 04:19:48,2025-09-03 04:21:02,America/Barbados,1.23,0.22,0.1,5.9,5.9,8d27dae5-8d1f-48d0-bfe1-8875d5d568a5,MP-0079,M5012464-2,8d27dae5-8d1f-48d0-bfe1-8875d5d568a5.2,TYPE_2,22.0,1977c2c7-cd44-4e6f-a827-370cd9aad5bd,Massy Sunset Crest,"Massy Stores Supercenter, Sunset Crest",Holetown,St James,BB,,Massy,578dca79-afd1-4b04-816a-322a7067114b,facd153ef85aa2acb3911f44a287499c,,,,,5b9ff905-34ca-4b86-a798-0b412217e312,RFID,0.15,0.15,0.00,BBD,
9bc1d902-239a-4b65-8be0-05f55cd2c517,2025-09-03 08:21:17,2025-09-03 10:17:09,2025-09-03 04:21:17,2025-09-03 06:17:09,America/Barbados,115.87,1.00,14.2,12.0,7.4,8d27dae5-8d1f-48d0-bfe1-8875d5d568a5,MP-0079,M5012464-2,8d27dae5-8d1f-48d0-bfe1-8875d5d568a5.2,TYPE_2,22.0,1977c2c7-cd44-4e6f-a827-370cd9aad5bd,Massy Sunset Crest,"Massy Stores Supercenter, Sunset Crest",Holetown,St James,BB,,Massy,578dca79-afd1-4b04-816a-322a7067114b,facd153ef85aa2acb3911f44a287499c,,,,,5b9ff905-34ca-4b86-a798-0b412217e312,RFID,21.29,21.29,0.00,BBD,
a9f260d7-ade0-4a56-b336-b10b03d6620d,2025-09-03 10:02:56,2025-09-03 10:03:02,2025-09-03 06:02:56,2025-09-03 06:03:02,America/Barbados,0.11,0.00,0.0,0.0,0.0,03c821d6-6274-427c-937a-ad91c6bc020d,MP-025,51210097772981,03c821d6-6274-427c-937a-ad91c6bc020d.1,CCS_2,25.0,79b72a61-f5ca-433f-b824-0c7df1204859,Massy Warrens,Massy Warrens - Massy Stores Supercenter,Warrens,St. Michael,BB,,Massy,578dca79-afd1-4b04-816a-322a7067114b,9a0aa3c4b0310980ab78bd4ad3e6744a,,,,,,RFID,0.00,0.00,0.00,BBD,
343f3c35-787f-498a-a9e0-1844e46c8198,2025-09-03 10:19:20,2025-09-03 11:21:35,2025-09-03 06:19:20,2025-09-03 07:21:35,America/Barbados,62.25,0.25,21.2,29.0,20.6,03c821d6-6274-427c-937a-ad91c6bc020d,MP-025,51210097772981,03c821d6-6274-427c-937a-ad91c6bc020d.1,CCS_2,25.0,79b72a61-f5ca-433f-b824-0c7df1204859,Massy Warrens,Massy Warrens - Massy Stores Supercenter,Warrens,St. Michael,BB,,Massy,578dca79-afd1-4b04-816a-322a7067114b,0e411a7aae18e5bf462136072fec76ab,,,,,,SYSTEM,37.10,37.10,0.00,BBD,
8d95b451-54a9-4ba8-91aa-190d081643e3,2025-09-03 18:32:40,2025-09-03 18:40:56,2025-09-03 14:32:40,2025-09-03 14:40:56,America/Barbados,8.27,0.00,3.4,29.0,24.8,03c821d6-6274-427c-937a-ad91c6bc020d,MP-025,51210097772981,03c821d6-6274-427c-937a-ad91c6bc020d.1,CCS_2,25.0,79b72a61-f5ca-433f-b824-0c7df1204859,Massy Warrens,Massy Warrens - Massy Stores Supercenter,Warrens,St. Michael,BB,,Massy,578dca79-afd1-4b04-816a-322a7067114b,94341940e1fa01df47e40ec893cbaf5d,,,,,d7aff9e5-6a68-460e-9892-2c18732d5b53,RFID,5.95,5.95,0.00,BBD,
71d55a1d-6e9e-41ae-913c-0a4e6465d08c,2025-09-03 21:06:01,2025-09-03 22:28:38,2025-09-03 17:06:01,2025-09-03 18:28:38,America/Barbados,82.62,0.00,36.1,30.3,25.8,03c821d6-6274-427c-937a-ad91c6bc020d,MP-025,51210097772981,03c821d6-6274-427c-937a-ad91c6bc020d.1,CCS_2,25.0,79b72a61-f5ca-433f-b824-0c7df1204859,Massy Warrens,Massy Warrens - Massy Stores Supercenter,Warrens,St. Michael,BB,,Massy,578dca79-afd1-4b04-816a-322a7067114b,eed9d915b485c674b9ba3ac4a20ae0f1,,,,,,SYSTEM,63.17,63.17,0.00,BBD,
3b4a85de-e3b6-4976-9403-73b66f666f21,2025-09-04 04:52:53,2025-09-04 05:00:07,2025-09-04 00:52:53,2025-09-04 01:00:07,America/Barbados,7.23,0.00,3.0,29.0,25.2,03c821d6-6274-427c-937a-ad91c6bc020d,MP-025,51210097772981,03c821d6-6274-427c-937a-ad91c6bc020d.1,CCS_2,25.0,79b72a61-f5ca-433f-b824-0c7df1204859,Massy Warrens,Massy Warrens - Massy Stores Supercenter,Warrens,St. Michael,BB,,Massy,578dca79-afd1-4b04-816a-322a7067114b,35b6f6f99ae2087ef24aff4869dea359,,,,,9210ee0a-d99f-4855-9c03-cdf9ee6fab7d,RFID,5.25,5.25,0.00,BBD,
a08e9ad4-1de5-4cda-b541-1a3e6619ee48,2025-09-04 08:58:29,2025-09-04 11:26:14,2025-09-04 04:58:29,2025-09-04 07:26:14,America/Barbados,147.75,0.00,64.8,34.8,26.3,03c821d6-6274-427c-937a-ad91c6bc020d,MP-025,51210097772981,03c821d6-6274-427c-937a-ad91c6bc020d.1,CCS_2,25.0,79b72a61-f5ca-433f-b824-0c7df1204859,Massy Warrens,Massy Warrens - Massy Stores Supercenter,Warrens,St. Michael,BB,,Massy,578dca79-afd1-4b04-816a-322a7067114b,03d1ce26fa49936b6e72eb9eafef6e3f,,,,,97fceca9-6706-421a-89f2-0f307f042c89,RFID,113.40,113.40,0.00,BBD,
cf21320a-3efd-446a-ac19-2054894f5baf,2025-09-04 13:31:15,2025-09-04 13:37:38,2025-09-04 09:31:15,2025-09-04 09:37:38,America/Barbados,6.38,5.37,0.0,0.0,0.0,03c821d6-6274-427c-937a-ad91c6bc020d,MP-025,51210097772981,03c821d6-6274-427c-937a-ad91c6bc020d.3,TYPE_2,25.0,79b72a61-f5ca-433f-b824-0c7df1204859,Massy Warrens,Massy Warrens - Massy Stores Supercenter,Warrens,St. Michael,BB,,Massy,578dca79-afd1-4b04-816a-322a7067114b,2753d2cb0856487171bcd08e5f36ee5f,,,,,,SYSTEM,0.00,0.00,0.00,BBD,
caee184e-4a07-4019-ac34-1e3536298753,2025-09-04 13:38:48,2025-09-04 13:45:11,2025-09-04 09:38:48,2025-09-04 09:45:11,America/Barbados,6.38,5.35,0.1,6.5,6.5,03c821d6-6274-427c-937a-ad91c6bc020d,MP-025,51210097772981,03c821d6-6274-427c-937a-ad91c6bc020d.3,TYPE_2,25.0,79b72a61-f5ca-433f-b824-0c7df1204859,Massy Warrens,Massy Warrens - Massy Stores Supercenter,Warrens,St. Michael,BB,,Massy,578dca79-afd1-4b04-816a-322a7067114b,2753d2cb0856487171bcd08e5f36ee5f,,,,,,SYSTEM,0.17,0.17,0.00,BBD,
3ebc088e-4e24-421f-b5fa-49883f93e1fb,2025-09-04 18:23:26,2025-09-04 19:34:18,2025-09-04 14:23:26,2025-09-04 15:34:18,America/Barbados,70.87,0.00,31.2,30.0,26.5,03c821d6-6274-427c-937a-ad91c6bc020d,MP-025,51210097772981,03c821d6-6274-427c-937a-ad91c6bc020d.1,CCS_2,25.0,79b72a61-f5ca-433f-b824-0c7df1204859,Massy Warrens,Massy Warrens - Massy Stores Supercenter,Warrens,St. Michael,BB,,Massy,578dca79-afd1-4b04-816a-322a7067114b,2753d2cb0856487171bcd08e5f36ee5f,,,,,,SYSTEM,54.60,54.60,0.00,BBD,
228ad617-6963-45e4-b73b-80f7f9f5f624,2025-09-04 18:06:48,2025-09-04 19:45:21,2025-09-04 14:06:48,2025-09-04 15:45:21,America/Barbados,98.55,0.52,11.3,12.0,7.0,8d27dae5-8d1f-48d0-bfe1-8875d5d568a5,MP-0079,M5012464-2,8d27dae5-8d1f-48d0-bfe1-8875d5d568a5.2,TYPE_2,22.0,1977c2c7-cd44-4e6f-a827-370cd9aad5bd,Massy Sunset Crest,"Massy Stores Supercenter, Sunset Crest",Holetown,St James,BB,,Massy,578dca79-afd1-4b04-816a-322a7067114b,da1ceaa07a371fda6dd5c13c2d115c2f,,,,,,SYSTEM,16.95,16.95,0.00,BBD,
6e00d58e-0bfa-4723-8fd3-e651c868097e,2025-09-05 12:10:46,2025-09-05 12:28:57,2025-09-05 08:10:46,2025-09-05 08:28:57,America/Barbados,18.18,0.00,3.1,17.4,10.3,03c821d6-6274-427c-937a-ad91c6bc020d,MP-025,51210097772981,03c821d6-6274-427c-937a-ad91c6bc020d.2,CHADEMO,25.0,79b72a61-f5ca-433f-b824-0c7df1204859,Massy Warrens,Massy Warrens - Massy Stores Supercenter,Warrens,St. Michael,BB,,Massy,578dca79-afd1-4b04-816a-322a7067114b,564363f1092f00b6d8b93b0dffe923e8,,,,,ff8272b9-b9c0-4e2c-a725-65cbd037a327,RFID,5.42,5.42,0.00,BBD,
5e64cd3a-e2f3-4df8-a35b-b20a131966ea,2025-09-05 13:35:04,2025-09-05 13:36:49,2025-09-05 09:35:04,2025-09-05 09:36:49,America/Barbados,1.75,0.00,0.1,8.4,8.4,03c821d6-6274-427c-937a-ad91c6bc020d,MP-025,51210097772981,03c821d6-6274-427c-937a-ad91c6bc020d.3,TYPE_2,25.0,79b72a61-f5ca-433f-b824-0c7df1204859,Massy Warrens,Massy Warrens - Massy Stores Supercenter,Warrens,St. Michael,BB,,Massy,578dca79-afd1-4b04-816a-322a7067114b,3a35bd255dc839696a071adb7e9b4591,,,,,b2e38117-f474-4c68-a761-eed494d8c1f0,RFID,0.17,0.17,0.00,BBD,
0a76b0df-1b03-4a6d-847f-959cebfe0a00,2025-09-05 13:38:23,2025-09-05 14:15:34,2025-09-05 09:38:23,2025-09-05 10:15:34,America/Barbados,37.18,12.40,2.3,5.8,5.8,03c821d6-6274-427c-937a-ad91c6bc020d,MP-025,51210097772981,03c821d6-6274-427c-937a-ad91c6bc020d.3,TYPE_2,25.0,79b72a61-f5ca-433f-b824-0c7df1204859,Massy Warrens,Massy Warrens - Massy Stores Supercenter,Warrens,St. Michael,BB,,Massy,578dca79-afd1-4b04-816a-322a7067114b,3a35bd255dc839696a071adb7e9b4591,,,,,b2e38117-f474-4c68-a761-eed494d8c1f0,RFID,4.02,4.02,0.00,BBD,
b91dad1f-59ac-4a46-bf4e-4f7b912499dc,2025-09-05 18:40:15,2025-09-05 19:51:16,2025-09-05 14:40:15,2025-09-05 15:51:16,America/Barbados,71.02,1.00,8.4,12.0,7.2,8d27dae5-8d1f-48d0-bfe1-8875d5d568a5,MP-0079,M5012464-2,8d27dae5-8d1f-48d0-bfe1-8875d5d568a5.1,TYPE_2,22.0,1977c2c7-cd44-4e6f-a827-370cd9aad5bd,Massy Sunset Crest,"Massy Stores Supercenter, Sunset Crest",Holetown,St James,BB,,Massy,578dca79-afd1-4b04-816a-322a7067114b,facd153ef85aa2acb3911f44a287499c,,,,,5b9ff905-34ca-4b86-a798-0b412217e312,RFID,12.60,12.60,0.00,BBD,
f5dc754f-bee3-420e-8a67-25a77d825c5d,2025-09-05 21:07:08,2025-09-05 21:31:04,2025-09-05 17:07:08,2025-09-05 17:31:04,America/Barbados,23.93,0.00,2.8,12.0,7.0,8d27dae5-8d1f-48d0-bfe1-8875d5d568a5,MP-0079,M5012464-2,8d27dae5-8d1f-48d0-bfe1-8875d5d568a5.2,TYPE_2,22.0,1977c2c7-cd44-4e6f-a827-370cd9aad5bd,Massy Sunset Crest,"Massy Stores Supercenter, Sunset Crest",Holetown,St James,BB,,Massy,578dca79-afd1-4b04-816a-322a7067114b,18b056becc3958b16a5bcd0a571a411d,,,,,,SYSTEM,4.19,4.19,0.00,BBD,
b9dc8f74-d3fc-444a-8989-844708b21713,2025-09-05 20:51:51,2025-09-05 21:24:55,2025-09-05 16:51:51,2025-09-05 17:24:55,America/Barbados,33.07,0.00,14.2,29.0,25.8,03c821d6-6274-427c-937a-ad91c6bc020d,MP-025,51210097772981,03c821d6-6274-427c-937a-ad91c6bc020d.1,CCS_2,25.0,79b72a61-f5ca-433f-b824-0c7df1204859,Massy Warrens,Massy Warrens - Massy Stores Supercenter,Warrens,St. Michael,BB,,Massy,578dca79-afd1-4b04-816a-322a7067114b,94341940e1fa01df47e40ec893cbaf5d,,,,,d7aff9e5-6a68-460e-9892-2c18732d5b53,RFID,24.85,24.85,0.00,BBD,
8969c6be-1944-4552-89d2-0d64e110f079,2025-09-05 23:04:49,2025-09-05 23:51:16,2025-09-05 19:04:49,2025-09-05 19:51:16,America/Barbados,46.45,0.00,20.3,30.0,26.3,03c821d6-6274-427c-937a-ad91c6bc020d,MP-025,51210097772981,03c821d6-6274-427c-937a-ad91c6bc020d.1,CCS_2,25.0,79b72a61-f5ca-433f-b824-0c7df1204859,Massy Warrens,Massy Warrens - Massy Stores Supercenter,Warrens,St. Michael,BB,,Massy,578dca79-afd1-4b04-816a-322a7067114b,bd2d20502041649826b09cb2dc6fc6ce,,,,,,SYSTEM,35.52,35.52,0.00,BBD,
57ecbf7f-ef95-427c-85b3-d138666a5c0d,2025-09-05 23:53:32,2025-09-06 02:06:28,2025-09-05 19:53:32,2025-09-05 22:06:28,America/Barbados,132.93,1.03,53.6,34.8,24.4,03c821d6-6274-427c-937a-ad91c6bc020d,MP-025,51210097772981,03c821d6-6274-427c-937a-ad91c6bc020d.1,CCS_2,25.0,79b72a61-f5ca-433f-b824-0c7df1204859,Massy Warrens,Massy Warrens - Massy Stores Supercenter,Warrens,St. Michael,BB,,Massy,578dca79-afd1-4b04-816a-322a7067114b,2753d2cb0856487171bcd08e5f36ee5f,,,,,,SYSTEM,93.80,93.80,0.00,BBD,
7f04610d-1953-4b87-ba4e-407bfbf77ea3,2025-09-06 11:48:11,2025-09-06 12:26:17,2025-09-06 07:48:11,2025-09-06 08:26:17,America/Barbados,38.10,5.05,5.4,19.9,9.9,03c821d6-6274-427c-937a-ad91c6bc020d,MP-025,51210097772981,03c821d6-6274-427c-937a-ad91c6bc020d.2,CHADEMO,25.0,79b72a61-f5ca-433f-b824-0c7df1204859,Massy Warrens,Massy Warrens - Massy Stores Supercenter,Warrens,St. Michael,BB,,Massy,578dca79-afd1-4b04-816a-322a7067114b,564363f1092f00b6d8b93b0dffe923e8,,,,,ff8272b9-b9c0-4e2c-a725-65cbd037a327,RFID,9.45,9.45,0.00,BBD,
3eb770e6-3819-478f-99da-bd34c69fb4bf,2025-09-06 19:47:50,2025-09-06 19:56:20,2025-09-06 15:47:50,2025-09-06 15:56:20,America/Barbados,8.50,0.00,1.5,24.0,12.0,03c821d6-6274-427c-937a-ad91c6bc020d,MP-025,51210097772981,03c821d6-6274-427c-937a-ad91c6bc020d.2,CHADEMO,25.0,79b72a61-f5ca-433f-b824-0c7df1204859,Massy Warrens,Massy Warrens - Massy Stores Supercenter,Warrens,St. Michael,BB,,Massy,578dca79-afd1-4b04-816a-322a7067114b,876c5be78ae0af525fac5d4891ec4c79,,,,,,SYSTEM,2.62,2.62,0.00,BBD,
ee16c3fb-7c39-4974-9407-f892f693d028,2025-09-06 18:30:40,2025-09-06 18:59:35,2025-09-06 14:30:40,2025-09-06 14:59:35,America/Barbados,28.92,0.00,12.0,29.0,25.0,03c821d6-6274-427c-937a-ad91c6bc020d,MP-025,51210097772981,03c821d6-6274-427c-937a-ad91c6bc020d.1,CCS_2,25.0,79b72a61-f5ca-433f-b824-0c7df1204859,Massy Warrens,Massy Warrens - Massy Stores Supercenter,Warrens,St. Michael,BB,,Massy,578dca79-afd1-4b04-816a-322a7067114b,1b993bfece1664fdd15298d8800a83fd,,,,,,SYSTEM,21.00,21.00,0.00,BBD,
ddd833c6-7dd4-4d3d-8f3c-fa456a6ec4b4,2025-09-06 20:09:53,2025-09-06 21:32:56,2025-09-06 16:09:53,2025-09-06 17:32:56,America/Barbados,83.05,0.00,36.9,47.0,26.8,03c821d6-6274-427c-937a-ad91c6bc020d,MP-025,51210097772981,03c821d6-6274-427c-937a-ad91c6bc020d.1,CCS_2,25.0,79b72a61-f5ca-433f-b824-0c7df1204859,Massy Warrens,Massy Warrens - Massy Stores Supercenter,Warrens,St. Michael,BB,,Massy,578dca79-afd1-4b04-816a-322a7067114b,03d1ce26fa49936b6e72eb9eafef6e3f,,,,,97fceca9-6706-421a-89f2-0f307f042c89,RFID,64.57,64.57,0.00,BBD,
ce22b5ae-891f-434a-b9c9-c2c452131a0c,2025-09-06 23:11:32,2025-09-07 00:38:03,2025-09-06 19:11:32,2025-09-06 20:38:03,America/Barbados,86.52,0.00,37.8,29.0,26.2,03c821d6-6274-427c-937a-ad91c6bc020d,MP-025,51210097772981,03c821d6-6274-427c-937a-ad91c6bc020d.1,CCS_2,25.0,79b72a61-f5ca-433f-b824-0c7df1204859,Massy Warrens,Massy Warrens - Massy Stores Supercenter,Warrens,St. Michael,BB,,Massy,578dca79-afd1-4b04-816a-322a7067114b,bd2d20502041649826b09cb2dc6fc6ce,,,,,,SYSTEM,66.14,66.14,0.00,BBD,
0d355196-f471-4412-b08d-a0142c6303ce,2025-09-07 03:37:42,2025-09-07 03:40:10,2025-09-06 23:37:42,2025-09-06 23:40:10,America/Barbados,2.47,0.63,3.5,116.0,116.0,03c821d6-6274-427c-937a-ad91c6bc020d,MP-025,51210097772981,03c821d6-6274-427c-937a-ad91c6bc020d.2,CHADEMO,25.0,79b72a61-f5ca-433f-b824-0c7df1204859,Massy Warrens,Massy Warrens - Massy Stores Supercenter,Warrens,St. Michael,BB,,Massy,578dca79-afd1-4b04-816a-322a7067114b,91eea880ab7f2ca51fa7d2a0ebe5d341,,,,,,SYSTEM,0.00,0.00,0.00,BBD,
2fd2b4ca-d922-46cf-b6e1-0e88a9a41b3f,2025-09-07 02:57:55,2025-09-07 03:09:17,2025-09-06 22:57:55,2025-09-06 23:09:17,America/Barbados,11.37,0.00,2.7,19.5,14.4,03c821d6-6274-427c-937a-ad91c6bc020d,MP-025,51210097772981,03c821d6-6274-427c-937a-ad91c6bc020d.2,CHADEMO,25.0,79b72a61-f5ca-433f-b824-0c7df1204859,Massy Warrens,Massy Warrens - Massy Stores Supercenter,Warrens,St. Michael,BB,,Massy,578dca79-afd1-4b04-816a-322a7067114b,564363f1092f00b6d8b93b0dffe923e8,,,,,ff8272b9-b9c0-4e2c-a725-65cbd037a327,RFID,4.72,4.72,0.00,BBD,
0a71b0da-3e4b-429c-a84c-a76b533abe5a,2025-09-07 14:43:17,2025-09-07 16:02:48,2025-09-07 10:43:17,2025-09-07 12:02:48,America/Barbados,79.52,0.00,33.8,29.0,25.6,03c821d6-6274-427c-937a-ad91c6bc020d,MP-025,51210097772981,03c821d6-6274-427c-937a-ad91c6bc020d.1,CCS_2,25.0,79b72a61-f5ca-433f-b824-0c7df1204859,Massy Warrens,Massy Warrens - Massy Stores Supercenter,Warrens,St. Michael,BB,,Massy,578dca79-afd1-4b04-816a-322a7067114b,8ac0e8aa9751197f37cc59bdf0c10429,,,,,,SYSTEM,59.14,59.14,0.00,BBD,
3e4bca01-b1d9-4de9-b91b-78fdc3f5c6b9,2025-09-07 16:04:24,2025-09-07 16:53:21,2025-09-07 12:04:24,2025-09-07 12:53:21,America/Barbados,48.95,0.00,21.8,29.0,26.6,03c821d6-6274-427c-937a-ad91c6bc020d,MP-025,51210097772981,03c821d6-6274-427c-937a-ad91c6bc020d.1,CCS_2,25.0,79b72a61-f5ca-433f-b824-0c7df1204859,Massy Warrens,Massy Warrens - Massy Stores Supercenter,Warrens,St. Michael,BB,,Massy,578dca79-afd1-4b04-816a-322a7067114b,03d1ce26fa49936b6e72eb9eafef6e3f,,,,,97fceca9-6706-421a-89f2-0f307f042c89,RFID,38.15,38.15,0.00,BBD,
71e20fcf-98ed-472c-a08f-cc1ad6f9c8a6,2025-09-07 23:40:54,2025-09-08 00:43:32,2025-09-07 19:40:54,2025-09-07 20:43:32,America/Barbados,62.63,25.45,3.6,6.5,5.8,03c821d6-6274-427c-937a-ad91c6bc020d,MP-025,51210097772981,03c821d6-6274-427c-937a-ad91c6bc020d.3,TYPE_2,25.0,79b72a61-f5ca-433f-b824-0c7df1204859,Massy Warrens,Massy Warrens - Massy Stores Supercenter,Warrens,St. Michael,BB,,Massy,578dca79-afd1-4b04-816a-322a7067114b,bc74cfde0d3270ad9160606875462ceb,,,,,c49fd203-6aef-413e-a14c-c2d89b557514,RFID,6.30,6.30,0.00,BBD,
1b30a4cd-c02c-4111-a164-2dd9e63c2c63,2025-09-08 13:45:56,2025-09-08 14:08:59,2025-09-08 09:45:56,2025-09-08 10:08:59,America/Barbados,23.05,0.00,4.5,18.9,12.0,03c821d6-6274-427c-937a-ad91c6bc020d,MP-025,51210097772981,03c821d6-6274-427c-937a-ad91c6bc020d.2,CHADEMO,25.0,79b72a61-f5ca-433f-b824-0c7df1204859,Massy Warrens,Massy Warrens - Massy Stores Supercenter,Warrens,St. Michael,BB,,Massy,578dca79-afd1-4b04-816a-322a7067114b,564363f1092f00b6d8b93b0dffe923e8,,,,,ff8272b9-b9c0-4e2c-a725-65cbd037a327,RFID,7.87,7.87,0.00,BBD,
1b08ad87-b7f8-48f7-9df0-34eeb11cb2ba,2025-09-08 15:26:51,2025-09-08 15:54:44,2025-09-08 11:26:51,2025-09-08 11:54:44,America/Barbados,27.88,0.00,12.3,29.0,26.5,03c821d6-6274-427c-937a-ad91c6bc020d,MP-025,51210097772981,03c821d6-6274-427c-937a-ad91c6bc020d.1,CCS_2,25.0,79b72a61-f5ca-433f-b824-0c7df1204859,Massy Warrens,Massy Warrens - Massy Stores Supercenter,Warrens,St. Michael,BB,,Massy,578dca79-afd1-4b04-816a-322a7067114b,2753d2cb0856487171bcd08e5f36ee5f,,,,,,SYSTEM,21.52,21.52,0.00,BBD,
884f3585-7afa-4687-99a1-b8d4d96bbf57,2025-09-08 21:15:13,2025-09-08 22:18:14,2025-09-08 17:15:13,2025-09-08 18:18:14,America/Barbados,63.02,0.00,27.0,29.0,25.7,03c821d6-6274-427c-937a-ad91c6bc020d,MP-025,51210097772981,03c821d6-6274-427c-937a-ad91c6bc020d.1,CCS_2,25.0,79b72a61-f5ca-433f-b824-0c7df1204859,Massy Warrens,Massy Warrens - Massy Stores Supercenter,Warrens,St. Michael,BB,,Massy,578dca79-afd1-4b04-816a-322a7067114b,9524292787ec90c1c0d210497cc1166e,,,,,81c772bc-95b4-494a-b120-9b72e065fadc,RFID,47.25,47.25,0.00,BBD,
80f3b373-d822-49da-9503-3493a2058f19,2025-09-09 09:47:08,2025-09-09 10:26:40,2025-09-09 05:47:08,2025-09-09 06:26:40,America/Barbados,39.53,0.00,16.8,34.3,25.5,03c821d6-6274-427c-937a-ad91c6bc020d,MP-025,51210097772981,03c821d6-6274-427c-937a-ad91c6bc020d.1,CCS_2,25.0,79b72a61-f5ca-433f-b824-0c7df1204859,Massy Warrens,Massy Warrens - Massy Stores Supercenter,Warrens,St. Michael,BB,,Massy,578dca79-afd1-4b04-816a-322a7067114b,a3a4019a9e2f7034965409a0371e5997,,,,,38c98a44-97eb-4b6e-ab27-f38ecf1a5d09,RFID,29.40,29.40,0.00,BBD,
350c5d32-2442-49ce-967e-abeb642acb32,2025-09-09 12:45:55,2025-09-09 13:15:47,2025-09-09 08:45:55,2025-09-09 09:15:47,America/Barbados,29.87,0.93,5.1,17.4,10.6,03c821d6-6274-427c-937a-ad91c6bc020d,MP-025,51210097772981,03c821d6-6274-427c-937a-ad91c6bc020d.2,CHADEMO,25.0,79b72a61-f5ca-433f-b824-0c7df1204859,Massy Warrens,Massy Warrens - Massy Stores Supercenter,Warrens,St. Michael,BB,,Massy,578dca79-afd1-4b04-816a-322a7067114b,564363f1092f00b6d8b93b0dffe923e8,,,,,ff8272b9-b9c0-4e2c-a725-65cbd037a327,RFID,8.92,8.92,0.00,BBD,
fd58633c-2d69-4659-8e40-e6217c9ba667,2025-09-09 13:52:52,2025-09-09 13:59:19,2025-09-09 09:52:52,2025-09-09 09:59:19,America/Barbados,6.45,0.00,2.3,23.2,21.7,03c821d6-6274-427c-937a-ad91c6bc020d,MP-025,51210097772981,03c821d6-6274-427c-937a-ad91c6bc020d.1,CCS_2,25.0,79b72a61-f5ca-433f-b824-0c7df1204859,Massy Warrens,Massy Warrens - Massy Stores Supercenter,Warrens,St. Michael,BB,,Massy,578dca79-afd1-4b04-816a-322a7067114b,91eea880ab7f2ca51fa7d2a0ebe5d341,,,,,0fe44e40-d6bc-438c-9f7b-d0e5cefe2f0b,RFID,0.00,0.00,0.00,BBD,
210accd6-8f5d-43dc-ad66-7a7095a90140,2025-09-09 14:00:26,2025-09-09 15:47:53,2025-09-09 10:00:26,2025-09-09 11:47:53,America/Barbados,107.45,0.00,40.2,29.0,22.5,03c821d6-6274-427c-937a-ad91c6bc020d,MP-025,51210097772981,03c821d6-6274-427c-937a-ad91c6bc020d.1,CCS_2,25.0,79b72a61-f5ca-433f-b824-0c7df1204859,Massy Warrens,Massy Warrens - Massy Stores Supercenter,Warrens,St. Michael,BB,,Massy,578dca79-afd1-4b04-816a-322a7067114b,91eea880ab7f2ca51fa7d2a0ebe5d341,,,,,0fe44e40-d6bc-438c-9f7b-d0e5cefe2f0b,RFID,0.00,0.00,0.00,BBD,
3d63bf3c-f336-4c42-8a57-8be735d61c8b,2025-09-09 18:55:07,2025-09-09 19:24:16,2025-09-09 14:55:07,2025-09-09 15:24:16,America/Barbados,29.15,0.00,12.4,29.0,25.6,03c821d6-6274-427c-937a-ad91c6bc020d,MP-025,51210097772981,03c821d6-6274-427c-937a-ad91c6bc020d.1,CCS_2,25.0,79b72a61-f5ca-433f-b824-0c7df1204859,Massy Warrens,Massy Warrens - Massy Stores Supercenter,Warrens,St. Michael,BB,,Massy,578dca79-afd1-4b04-816a-322a7067114b,94341940e1fa01df47e40ec893cbaf5d,,,,,d7aff9e5-6a68-460e-9892-2c18732d5b53,RFID,21.70,21.70,0.00,BBD,
979c7dbe-7d41-476c-a618-451a19760530,2025-09-09 20:03:18,2025-09-09 20:19:44,2025-09-09 16:03:18,2025-09-09 16:19:44,America/Barbados,16.43,0.00,3.4,19.9,12.6,03c821d6-6274-427c-937a-ad91c6bc020d,MP-025,51210097772981,03c821d6-6274-427c-937a-ad91c6bc020d.2,CHADEMO,25.0,79b72a61-f5ca-433f-b824-0c7df1204859,Massy Warrens,Massy Warrens - Massy Stores Supercenter,Warrens,St. Michael,BB,,Massy,578dca79-afd1-4b04-816a-322a7067114b,564363f1092f00b6d8b93b0dffe923e8,,,,,ff8272b9-b9c0-4e2c-a725-65cbd037a327,RFID,5.95,5.95,0.00,BBD,
907914ab-6136-4ffa-a2b2-b2589f57b526,2025-09-09 22:44:17,2025-09-09 23:06:56,2025-09-09 18:44:17,2025-09-09 19:06:56,America/Barbados,22.65,0.00,2.7,12.0,7.2,8d27dae5-8d1f-48d0-bfe1-8875d5d568a5,MP-0079,M5012464-2,8d27dae5-8d1f-48d0-bfe1-8875d5d568a5.1,TYPE_2,22.0,1977c2c7-cd44-4e6f-a827-370cd9aad5bd,Massy Sunset Crest,"Massy Stores Supercenter, Sunset Crest",Holetown,St James,BB,,Massy,578dca79-afd1-4b04-816a-322a7067114b,07a077acd1df0fe6d535fa7725a622fe,,,,,,SYSTEM,4.05,4.05,0.00,BBD,
6d85b1b6-765a-449e-9ba7-6706c31bb8ce,2025-09-09 23:19:21,2025-09-10 00:06:36,2025-09-09 19:19:21,2025-09-09 20:06:36,America/Barbados,47.25,0.22,5.7,12.0,7.4,024e77fc-3da1-4e73-930e-b76e45511419,MP-001,M5005918-7,024e77fc-3da1-4e73-930e-b76e45511419.1,TYPE_2,7.4,1977c2c7-cd44-4e6f-a827-370cd9aad5bd,Massy Sunset Crest,"Massy Stores Supercenter, Sunset Crest",Holetown,St James,BB,,Massy,578dca79-afd1-4b04-816a-322a7067114b,e6ccdc78f742c2ebda943c4506b7ab80,,,,,,WEB_APP,8.55,8.55,0.00,BBD,
5f4677c4-f20d-4090-ac5f-ffdcf62f8c7a,2025-09-10 13:45:48,2025-09-10 14:11:11,2025-09-10 09:45:48,2025-09-10 10:11:11,America/Barbados,25.38,0.60,3.9,17.4,9.5,03c821d6-6274-427c-937a-ad91c6bc020d,MP-025,51210097772981,03c821d6-6274-427c-937a-ad91c6bc020d.2,CHADEMO,25.0,79b72a61-f5ca-433f-b824-0c7df1204859,Massy Warrens,Massy Warrens - Massy Stores Supercenter,Warrens,St. Michael,BB,,Massy,578dca79-afd1-4b04-816a-322a7067114b,564363f1092f00b6d8b93b0dffe923e8,,,,,ff8272b9-b9c0-4e2c-a725-65cbd037a327,RFID,6.82,6.82,0.00,BBD,
8210a0d5-577d-4529-aa7f-2a856e6d0b8f,2025-09-10 13:11:41,2025-09-10 13:12:42,2025-09-10 09:11:41,2025-09-10 09:12:42,America/Barbados,1.02,0.00,0.3,20.0,20.0,03c821d6-6274-427c-937a-ad91c6bc020d,MP-025,51210097772981,03c821d6-6274-427c-937a-ad91c6bc020d.1,CCS_2,25.0,79b72a61-f5ca-433f-b824-0c7df1204859,Massy Warrens,Massy Warrens - Massy Stores Supercenter,Warrens,St. Michael,BB,,Massy,578dca79-afd1-4b04-816a-322a7067114b,0e411a7aae18e5bf462136072fec76ab,,,,,,SYSTEM,0.52,0.52,0.00,BBD,
a950d05d-8afd-4b4e-9959-72309175aa1b,2025-09-10 14:51:57,2025-09-10 15:26:06,2025-09-10 10:51:57,2025-09-10 11:26:06,America/Barbados,34.15,0.00,9.7,0.0,0.0,03c821d6-6274-427c-937a-ad91c6bc020d,MP-025,51210097772981,03c821d6-6274-427c-937a-ad91c6bc020d.2,CHADEMO,25.0,79b72a61-f5ca-433f-b824-0c7df1204859,Massy Warrens,Massy Warrens - Massy Stores Supercenter,Warrens,St. Michael,BB,,Massy,578dca79-afd1-4b04-816a-322a7067114b,73c67cf17341642bab322df3158c8489,,,,,04d15b50-1d56-40d4-bb8f-442cd897543c,RFID,16.97,16.97,0.00,BBD,
bf03e45a-e718-4f4e-8fff-d123014add5e,2025-09-10 16:07:34,2025-09-10 16:53:07,2025-09-10 12:07:34,2025-09-10 12:53:07,America/Barbados,45.55,0.00,19.5,60.0,26.4,03c821d6-6274-427c-937a-ad91c6bc020d,MP-025,51210097772981,03c821d6-6274-427c-937a-ad91c6bc020d.1,CCS_2,25.0,79b72a61-f5ca-433f-b824-0c7df1204859,Massy Warrens,Massy Warrens - Massy Stores Supercenter,Warrens,St. Michael,BB,,Massy,578dca79-afd1-4b04-816a-322a7067114b,94341940e1fa01df47e40ec893cbaf5d,,,,,d7aff9e5-6a68-460e-9892-2c18732d5b53,RFID,34.12,34.12,0.00,BBD,
efe01160-e2a9-4713-aea4-ad8aefd80d76,2025-09-10 19:15:40,2025-09-10 19:49:14,2025-09-10 15:15:40,2025-09-10 15:49:14,America/Barbados,33.57,0.00,14.2,34.8,25.6,03c821d6-6274-427c-937a-ad91c6bc020d,MP-025,51210097772981,03c821d6-6274-427c-937a-ad91c6bc020d.1,CCS_2,25.0,79b72a61-f5ca-433f-b824-0c7df1204859,Massy Warrens,Massy Warrens - Massy Stores Supercenter,Warrens,St. Michael,BB,,Massy,578dca79-afd1-4b04-816a-322a7067114b,18b056becc3958b16a5bcd0a571a411d,,,,,,SYSTEM,24.85,24.85,0.00,BBD,
07c4fee9-2e78-4451-af62-3569efb8e081,2025-09-10 20:24:03,2025-09-10 21:25:01,2025-09-10 16:24:03,2025-09-10 17:25:01,America/Barbados,60.97,0.00,26.8,29.0,26.4,03c821d6-6274-427c-937a-ad91c6bc020d,MP-025,51210097772981,03c821d6-6274-427c-937a-ad91c6bc020d.1,CCS_2,25.0,79b72a61-f5ca-433f-b824-0c7df1204859,Massy Warrens,Massy Warrens - Massy Stores Supercenter,Warrens,St. Michael,BB,,Massy,578dca79-afd1-4b04-816a-322a7067114b,2753d2cb0856487171bcd08e5f36ee5f,,,,,,SYSTEM,46.90,46.90,0.00,BBD,
8446efc8-7f2c-4993-a079-11f17e68f024,2025-09-10 22:26:44,2025-09-10 23:53:36,2025-09-10 18:26:44,2025-09-10 19:53:36,America/Barbados,86.87,10.85,8.7,12.0,6.9,024e77fc-3da1-4e73-930e-b76e45511419,MP-001,M5005918-7,024e77fc-3da1-4e73-930e-b76e45511419.1,TYPE_2,7.4,1977c2c7-cd44-4e6f-a827-370cd9aad5bd,Massy Sunset Crest,"Massy Stores Supercenter, Sunset Crest",Holetown,St James,BB,,Massy,578dca79-afd1-4b04-816a-322a7067114b,e6ccdc78f742c2ebda943c4506b7ab80,,,,,,WEB_APP,13.05,13.05,0.00,BBD,
c18b7319-533c-4c32-acd3-b2285f28c7f3,2025-09-10 23:15:21,2025-09-11 00:59:24,2025-09-10 19:15:21,2025-09-10 20:59:24,America/Barbados,104.05,0.00,43.9,29.5,25.3,03c821d6-6274-427c-937a-ad91c6bc020d,MP-025,51210097772981,03c821d6-6274-427c-937a-ad91c6bc020d.1,CCS_2,25.0,79b72a61-f5ca-433f-b824-0c7df1204859,Massy Warrens,Massy Warrens - Massy Stores Supercenter,Warrens,St. Michael,BB,,Massy,578dca79-afd1-4b04-816a-322a7067114b,5911ffba106a13f8c146db3cc5fdaaf2,,,,,f4154aa6-6205-47f5-bff4-856043d935c8,RFID,76.82,76.82,0.00,BBD,
10fd1e1f-80aa-4bf4-9c78-de9a645a0dff,2025-09-10 23:55:46,2025-09-11 01:23:36,2025-09-10 19:55:46,2025-09-10 21:23:36,America/Barbados,87.83,0.00,16.4,17.4,11.2,03c821d6-6274-427c-937a-ad91c6bc020d,MP-025,51210097772981,03c821d6-6274-427c-937a-ad91c6bc020d.3,TYPE_2,25.0,79b72a61-f5ca-433f-b824-0c7df1204859,Massy Warrens,Massy Warrens - Massy Stores Supercenter,Warrens,St. Michael,BB,,Massy,578dca79-afd1-4b04-816a-322a7067114b,0ce09553fca911bfd555589ef42b8d09,,,,,06ff0ff2-3cd9-44a0-93c6-7bafff73a16f,RFID,28.69,28.69,0.00,BBD,
1a7ff0b8-afe1-48f5-94c8-7972b29236b4,2025-09-11 03:18:24,2025-09-11 04:11:16,2025-09-10 23:18:24,2025-09-11 00:11:16,America/Barbados,52.87,0.18,9.8,13.3,11.2,03c821d6-6274-427c-937a-ad91c6bc020d,MP-025,51210097772981,03c821d6-6274-427c-937a-ad91c6bc020d.3,TYPE_2,25.0,79b72a61-f5ca-433f-b824-0c7df1204859,Massy Warrens,Massy Warrens - Massy Stores Supercenter,Warrens,St. Michael,BB,,Massy,578dca79-afd1-4b04-816a-322a7067114b,0ce09553fca911bfd555589ef42b8d09,,,,,06ff0ff2-3cd9-44a0-93c6-7bafff73a16f,RFID,17.14,17.14,0.00,BBD,
49512c3d-e5b8-4db3-a958-98abb49c8502,2025-09-11 02:23:40,2025-09-11 04:57:34,2025-09-10 22:23:40,2025-09-11 00:57:34,America/Barbados,153.90,0.00,63.7,29.0,24.8,03c821d6-6274-427c-937a-ad91c6bc020d,MP-025,51210097772981,03c821d6-6274-427c-937a-ad91c6bc020d.1,CCS_2,25.0,79b72a61-f5ca-433f-b824-0c7df1204859,Massy Warrens,Massy Warrens - Massy Stores Supercenter,Warrens,St. Michael,BB,,Massy,578dca79-afd1-4b04-816a-322a7067114b,f0c931c06fc70de5e77c317a94e0abd8,,,,,,SYSTEM,111.46,111.46,0.00,BBD,
0eb735b0-7d5b-47c5-80aa-3729c5a25720,2025-09-11 09:31:26,2025-09-11 09:35:33,2025-09-11 05:31:26,2025-09-11 05:35:33,America/Barbados,4.12,0.00,1.6,29.0,23.5,03c821d6-6274-427c-937a-ad91c6bc020d,MP-025,51210097772981,03c821d6-6274-427c-937a-ad91c6bc020d.1,CCS_2,25.0,79b72a61-f5ca-433f-b824-0c7df1204859,Massy Warrens,Massy Warrens - Massy Stores Supercenter,Warrens,St. Michael,BB,,Massy,578dca79-afd1-4b04-816a-322a7067114b,dd4c88acde25753674e21b473fe166ef,,,,,,SYSTEM,2.80,2.80,0.00,BBD,
c427df53-24a8-4238-aa72-68a4002a339b,2025-09-11 11:11:38,2025-09-11 11:42:38,2025-09-11 07:11:38,2025-09-11 07:42:38,America/Barbados,31.00,0.00,11.9,29.0,23.1,03c821d6-6274-427c-937a-ad91c6bc020d,MP-025,51210097772981,03c821d6-6274-427c-937a-ad91c6bc020d.2,CHADEMO,25.0,79b72a61-f5ca-433f-b824-0c7df1204859,Massy Warrens,Massy Warrens - Massy Stores Supercenter,Warrens,St. Michael,BB,,Massy,578dca79-afd1-4b04-816a-322a7067114b,f3ff5f81b006bbba395c21932fd22620,,,,,98a75c81-51a2-4442-bc22-c8a915a0ed15,RFID,20.82,20.82,0.00,BBD,
3e0a2f4d-83f9-4428-a7fc-a215bf38833c,2025-09-14 17:44:26,2025-09-14 18:13:52,2025-09-14 13:44:26,2025-09-14 14:13:52,America/Barbados,29.43,0.00,3.5,9.7,6.6,03c821d6-6274-427c-937a-ad91c6bc020d,MP-025,51210097772981,03c821d6-6274-427c-937a-ad91c6bc020d.3,TYPE_2,25.0,79b72a61-f5ca-433f-b824-0c7df1204859,Massy Warrens,Massy Warrens - Massy Stores Supercenter,Warrens,St. Michael,BB,,Massy,578dca79-afd1-4b04-816a-322a7067114b,94341940e1fa01df47e40ec893cbaf5d,,,,,d7aff9e5-6a68-460e-9892-2c18732d5b53,RFID,6.12,6.12,0.00,BBD,
c9932aec-d783-4381-85b0-56b27041a8ff,2025-09-16 17:40:18,2025-09-16 18:05:39,2025-09-16 13:40:18,2025-09-16 14:05:39,America/Barbados,25.35,1.98,2.7,17.1,7.5,8d27dae5-8d1f-48d0-bfe1-8875d5d568a5,MP-0079,M5012464-2,8d27dae5-8d1f-48d0-bfe1-8875d5d568a5.2,TYPE_2,22.0,1977c2c7-cd44-4e6f-a827-370cd9aad5bd,Massy Sunset Crest,"Massy Stores Supercenter, Sunset Crest",Holetown,St James,BB,,Massy,578dca79-afd1-4b04-816a-322a7067114b,d094140c914a0230b6a3c3c35ba1c158,,,,,18d39925-7b1f-4232-b364-e41448dcf7bd,RFID,4.05,4.05,0.00,BBD,
dd7ade24-ee9a-42a6-b5ee-bcdec818083b,2025-09-17 08:33:52,2025-09-17 09:40:47,2025-09-17 04:33:52,2025-09-17 05:40:47,America/Barbados,66.92,0.00,12.5,13.0,11.2,03c821d6-6274-427c-937a-ad91c6bc020d,MP-025,51210097772981,03c821d6-6274-427c-937a-ad91c6bc020d.3,TYPE_2,25.0,79b72a61-f5ca-433f-b824-0c7df1204859,Massy Warrens,Massy Warrens - Massy Stores Supercenter,Warrens,St. Michael,BB,,Massy,578dca79-afd1-4b04-816a-322a7067114b,ce2ff17b1b2815c8618594a2b444cc2a,,,,,,SYSTEM,21.87,21.87,0.00,BBD,
8422dd49-0a27-451f-ac63-ea548ad603fb,2025-09-17 14:32:28,2025-09-17 17:16:40,2025-09-17 10:32:28,2025-09-17 13:16:40,America/Barbados,164.20,4.17,16.9,27.7,6.6,8d27dae5-8d1f-48d0-bfe1-8875d5d568a5,MP-0079,M5012464-2,8d27dae5-8d1f-48d0-bfe1-8875d5d568a5.2,TYPE_2,22.0,1977c2c7-cd44-4e6f-a827-370cd9aad5bd,Massy Sunset Crest,"Massy Stores Supercenter, Sunset Crest",Holetown,St James,BB,,Massy,578dca79-afd1-4b04-816a-322a7067114b,d094140c914a0230b6a3c3c35ba1c158,,,,,,SYSTEM,25.35,25.35,0.00,BBD,
5c39a839-e49e-4342-afac-aaf74f258643,2025-09-18 16:32:04,2025-09-18 17:54:22,2025-09-18 12:32:04,2025-09-18 13:54:22,America/Barbados,82.30,1.27,9.9,12.0,7.3,024e77fc-3da1-4e73-930e-b76e45511419,MP-001,M5005918-7,024e77fc-3da1-4e73-930e-b76e45511419.1,TYPE_2,7.4,1977c2c7-cd44-4e6f-a827-370cd9aad5bd,Massy Sunset Crest,"Massy Stores Supercenter, Sunset Crest",Holetown,St James,BB,,Massy,578dca79-afd1-4b04-816a-322a7067114b,e6ccdc78f742c2ebda943c4506b7ab80,,,,,,WEB_APP,14.85,14.85,0.00,BBD,
a7650cf7-3443-4556-b26f-fb61103094dd,2025-09-20 18:53:06,2025-09-20 18:53:08,2025-09-20 14:53:06,2025-09-20 14:53:08,America/Barbados,0.03,0.00,0.0,0.0,0.0,03c821d6-6274-427c-937a-ad91c6bc020d,MP-025,51210097772981,03c821d6-6274-427c-937a-ad91c6bc020d.3,TYPE_2,25.0,79b72a61-f5ca-433f-b824-0c7df1204859,Massy Warrens,Massy Warrens - Massy Stores Supercenter,Warrens,St. Michael,BB,,Massy,578dca79-afd1-4b04-816a-322a7067114b,e65169e30c711e0fc81eebc1d87ed827,,,,,,SYSTEM,0.00,0.00,0.00,BBD,
3dcc9fbc-4a40-490e-acbc-fcbc7c7b601a,2025-09-22 21:03:50,2025-09-22 21:59:36,2025-09-22 17:03:50,2025-09-22 17:59:36,America/Barbados,55.77,0.00,6.6,12.0,7.0,8d27dae5-8d1f-48d0-bfe1-8875d5d568a5,MP-0079,M5012464-2,8d27dae5-8d1f-48d0-bfe1-8875d5d568a5.2,TYPE_2,22.0,1977c2c7-cd44-4e6f-a827-370cd9aad5bd,Massy Sunset Crest,"Massy Stores Supercenter, Sunset Crest",Holetown,St James,BB,,Massy,578dca79-afd1-4b04-816a-322a7067114b,873a7eb8117bd270c8f743e781ba39f1,,,,,,SYSTEM,9.89,9.89,0.00,BBD,
6202cd49-959f-4585-9d89-cae54f8811a0,2025-09-25 13:38:45,2025-09-25 14:28:41,2025-09-25 09:38:45,2025-09-25 10:28:41,America/Barbados,49.93,0.00,21.4,34.3,25.9,03c821d6-6274-427c-937a-ad91c6bc020d,MP-025,51210097772981,03c821d6-6274-427c-937a-ad91c6bc020d.1,CCS_2,25.0,79b72a61-f5ca-433f-b824-0c7df1204859,Massy Warrens,Massy Warrens - Massy Stores Supercenter,Warrens,St. Michael,BB,,Massy,578dca79-afd1-4b04-816a-322a7067114b,d9ac14dcfeeb81692e375c0a863a5adc,,,,,966a5929-4bde-45f1-917b-159abcfa7ae8,RFID,37.44,37.44,0.00,BBD,
0462f648-4f7f-4138-9559-c9b0f8244571,2025-09-25 21:01:32,2025-09-25 22:30:50,2025-09-25 17:01:32,2025-09-25 18:30:50,America/Barbados,89.30,0.43,32.6,34.8,22.0,03c821d6-6274-427c-937a-ad91c6bc020d,MP-025,51210097772981,03c821d6-6274-427c-937a-ad91c6bc020d.1,CCS_2,25.0,79b72a61-f5ca-433f-b824-0c7df1204859,Massy Warrens,Massy Warrens - Massy Stores Supercenter,Warrens,St. Michael,BB,,Massy,578dca79-afd1-4b04-816a-322a7067114b,d9ac14dcfeeb81692e375c0a863a5adc,,,,,966a5929-4bde-45f1-917b-159abcfa7ae8,RFID,57.05,57.05,0.00,BBD,
bee45172-69ab-43d6-948d-2d3019f65a6d,2025-09-26 02:41:44,2025-09-26 04:11:15,2025-09-25 22:41:44,2025-09-26 00:11:15,America/Barbados,89.52,0.00,33.6,29.0,22.5,03c821d6-6274-427c-937a-ad91c6bc020d,MP-025,51210097772981,03c821d6-6274-427c-937a-ad91c6bc020d.1,CCS_2,25.0,79b72a61-f5ca-433f-b824-0c7df1204859,Massy Warrens,Massy Warrens - Massy Stores Supercenter,Warrens,St. Michael,BB,,Massy,578dca79-afd1-4b04-816a-322a7067114b,dd4c88acde25753674e21b473fe166ef,,,,,,SYSTEM,58.79,58.79,0.00,BBD,
d9d6ce9b-6720-4075-9286-560182a13d25,2025-09-26 19:10:26,2025-09-26 20:44:48,2025-09-26 15:10:26,2025-09-26 16:44:48,America/Barbados,94.37,1.37,35.1,29.0,22.7,03c821d6-6274-427c-937a-ad91c6bc020d,MP-025,51210097772981,03c821d6-6274-427c-937a-ad91c6bc020d.1,CCS_2,25.0,79b72a61-f5ca-433f-b824-0c7df1204859,Massy Warrens,Massy Warrens - Massy Stores Supercenter,Warrens,St. Michael,BB,,Massy,578dca79-afd1-4b04-816a-322a7067114b,d7cc4e50984b9951108a824cad497da5,,,,,,SYSTEM,61.42,61.42,0.00,BBD,
df152247-e897-4831-8ade-561a197a2a41,2025-09-26 22:32:14,2025-09-27 00:00:51,2025-09-26 18:32:14,2025-09-26 20:00:51,America/Barbados,88.62,44.58,4.2,6.1,5.8,024e77fc-3da1-4e73-930e-b76e45511419,MP-001,M5005918-7,024e77fc-3da1-4e73-930e-b76e45511419.1,TYPE_2,7.4,1977c2c7-cd44-4e6f-a827-370cd9aad5bd,Massy Sunset Crest,"Massy Stores Supercenter, Sunset Crest",Holetown,St James,BB,,Massy,578dca79-afd1-4b04-816a-322a7067114b,e65169e30c711e0fc81eebc1d87ed827,,,,,,SYSTEM,6.30,6.30,0.00,BBD,
822a3a8d-2c9f-4b14-95e3-2732cb61e513,2025-09-27 21:16:43,2025-09-27 21:42:07,2025-09-27 17:16:43,2025-09-27 17:42:07,America/Barbados,25.40,0.00,10.9,29.0,25.7,03c821d6-6274-427c-937a-ad91c6bc020d,MP-025,51210097772981,03c821d6-6274-427c-937a-ad91c6bc020d.1,CCS_2,25.0,79b72a61-f5ca-433f-b824-0c7df1204859,Massy Warrens,Massy Warrens - Massy Stores Supercenter,Warrens,St. Michael,BB,,Massy,578dca79-afd1-4b04-816a-322a7067114b,03d1ce26fa49936b6e72eb9eafef6e3f,,,,,97fceca9-6706-421a-89f2-0f307f042c89,RFID,19.07,19.07,0.00,BBD,
9aa71766-e2f3-46b2-90a1-7638f5914fd5,2025-09-28 11:22:07,2025-09-28 15:19:53,2025-09-28 07:22:07,2025-09-28 11:19:53,America/Barbados,237.77,175.75,6.2,6.0,5.6,8d27dae5-8d1f-48d0-bfe1-8875d5d568a5,MP-0079,M5012464-2,8d27dae5-8d1f-48d0-bfe1-8875d5d568a5.2,TYPE_2,22.0,1977c2c7-cd44-4e6f-a827-370cd9aad5bd,Massy Sunset Crest,"Massy Stores Supercenter, Sunset Crest",Holetown,St James,BB,,Massy,578dca79-afd1-4b04-816a-322a7067114b,18008f87ad6a61c9256e97b54b5cf26c,,,,,,SYSTEM,9.30,9.30,0.00,BBD,
2e69a97e-ab07-44fe-8532-200025dfd851,2025-09-28 14:53:19,2025-09-28 17:01:13,2025-09-28 10:53:19,2025-09-28 13:01:13,America/Barbados,127.90,0.80,54.3,29.0,25.6,03c821d6-6274-427c-937a-ad91c6bc020d,MP-025,51210097772981,03c821d6-6274-427c-937a-ad91c6bc020d.1,CCS_2,25.0,79b72a61-f5ca-433f-b824-0c7df1204859,Massy Warrens,Massy Warrens - Massy Stores Supercenter,Warrens,St. Michael,BB,,Massy,578dca79-afd1-4b04-816a-322a7067114b,9a0aa3c4b0310980ab78bd4ad3e6744a,,,,,8c7a084b-ebbc-4912-b13b-4783148e94ff,RFID,95.02,95.02,0.00,BBD,
ba6d647a-235d-4c5b-af16-203fbc611b83,2025-09-28 20:26:57,2025-09-28 21:14:58,2025-09-28 16:26:57,2025-09-28 17:14:58,America/Barbados,48.02,0.00,20.4,29.0,25.5,03c821d6-6274-427c-937a-ad91c6bc020d,MP-025,51210097772981,03c821d6-6274-427c-937a-ad91c6bc020d.1,CCS_2,25.0,79b72a61-f5ca-433f-b824-0c7df1204859,Massy Warrens,Massy Warrens - Massy Stores Supercenter,Warrens,St. Michael,BB,,Massy,578dca79-afd1-4b04-816a-322a7067114b,a37650d10cfbec0b3a09686403b781b0,,,,,cd1a6858-23e4-44b4-86ef-6893b5e2c87d,RFID,35.69,35.69,0.00,BBD,
d120814d-11c4-4dcb-b2ff-d539fa3a4160,2025-09-29 00:26:27,2025-09-29 01:51:55,2025-09-28 20:26:27,2025-09-28 21:51:55,America/Barbados,85.47,1.03,30.2,29.0,21.4,03c821d6-6274-427c-937a-ad91c6bc020d,MP-025,51210097772981,03c821d6-6274-427c-937a-ad91c6bc020d.2,CHADEMO,25.0,79b72a61-f5ca-433f-b824-0c7df1204859,Massy Warrens,Massy Warrens - Massy Stores Supercenter,Warrens,St. Michael,BB,,Massy,578dca79-afd1-4b04-816a-322a7067114b,f3ff5f81b006bbba395c21932fd22620,,,,,98a75c81-51a2-4442-bc22-c8a915a0ed15,RFID,52.85,52.85,0.00,BBD,
adbc2a7f-e27a-48c9-ac1a-536aa1db1f88,2025-09-29 22:49:09,2025-09-29 23:21:03,2025-09-29 18:49:09,2025-09-29 19:21:03,America/Barbados,31.90,0.00,3.9,12.0,7.3,024e77fc-3da1-4e73-930e-b76e45511419,MP-001,M5005918-7,024e77fc-3da1-4e73-930e-b76e45511419.1,TYPE_2,7.4,1977c2c7-cd44-4e6f-a827-370cd9aad5bd,Massy Sunset Crest,"Massy Stores Supercenter, Sunset Crest",Holetown,St James,BB,,Massy,578dca79-afd1-4b04-816a-322a7067114b,94341940e1fa01df47e40ec893cbaf5d,,,,,d7aff9e5-6a68-460e-9892-2c18732d5b53,RFID,5.85,5.85,0.00,BBD,
a6a8ef27-9649-46af-90f8-3d8f44fdafd7,2025-09-30 15:59:37,2025-09-30 16:17:52,2025-09-30 11:59:37,2025-09-30 12:17:52,America/Barbados,18.25,0.00,2.1,9.6,6.1,03c821d6-6274-427c-937a-ad91c6bc020d,MP-025,51210097772981,03c821d6-6274-427c-937a-ad91c6bc020d.3,TYPE_2,25.0,79b72a61-f5ca-433f-b824-0c7df1204859,Massy Warrens,Massy Warrens - Massy Stores Supercenter,Warrens,St. Michael,BB,,Massy,578dca79-afd1-4b04-816a-322a7067114b,10f3c9c5282021fbc56a869ed952cd48,,,,,,SYSTEM,3.67,3.67,0.00,BBD,
2b86d318-5b4b-4e35-b193-c3a1008db698,2025-09-30 16:49:24,2025-09-30 17:40:53,2025-09-30 12:49:24,2025-09-30 13:40:53,America/Barbados,51.48,20.02,3.1,12.4,6.2,024e77fc-3da1-4e73-930e-b76e45511419,MP-001,M5005918-7,024e77fc-3da1-4e73-930e-b76e45511419.1,TYPE_2,7.4,1977c2c7-cd44-4e6f-a827-370cd9aad5bd,Massy Sunset Crest,"Massy Stores Supercenter, Sunset Crest",Holetown,St James,BB,,Massy,578dca79-afd1-4b04-816a-322a7067114b,39bdd057540638ed40fc8ba9f292ca73,,,,,1598bfdd-a770-4581-a38c-bbb0757848c2,RFID,4.65,4.65,0.00,BBD,
5f1b5aa1-be1f-42e5-a209-05f7ea374168,2025-10-01 13:27:22,2025-10-01 13:55:27,2025-10-01 09:27:22,2025-10-01 09:55:27,America/Barbados,28.08,0.07,3.2,12.0,6.9,024e77fc-3da1-4e73-930e-b76e45511419,MP-001,M5005918-7,024e77fc-3da1-4e73-930e-b76e45511419.1,TYPE_2,7.4,1977c2c7-cd44-4e6f-a827-370cd9aad5bd,Massy Sunset Crest,"Massy Stores Supercenter, Sunset Crest",Holetown,St James,BB,,Massy,578dca79-afd1-4b04-816a-322a7067114b,2a9738c6b543996ea1e0ceaf7d705e80,,,,,,WEB_APP,4.80,4.80,0.00,BBD,
c54a9386-bd6b-4cfc-afd9-fe7faf75e0dd,2025-10-01 17:08:44,2025-10-01 17:46:42,2025-10-01 13:08:44,2025-10-01 13:46:42,America/Barbados,37.97,0.00,4.3,12.0,6.8,024e77fc-3da1-4e73-930e-b76e45511419,MP-001,M5005918-7,024e77fc-3da1-4e73-930e-b76e45511419.1,TYPE_2,7.4,1977c2c7-cd44-4e6f-a827-370cd9aad5bd,Massy Sunset Crest,"Massy Stores Supercenter, Sunset Crest",Holetown,St James,BB,,Massy,578dca79-afd1-4b04-816a-322a7067114b,2a9738c6b543996ea1e0ceaf7d705e80,,,,,,WEB_APP,6.44,6.44,0.00,BBD,
05a90e81-7098-435e-979e-b4b434248c91,2025-10-01 20:40:42,2025-10-01 20:55:41,2025-10-01 16:40:42,2025-10-01 16:55:41,America/Barbados,14.98,0.00,1.7,12.0,6.9,024e77fc-3da1-4e73-930e-b76e45511419,MP-001,M5005918-7,024e77fc-3da1-4e73-930e-b76e45511419.1,TYPE_2,7.4,1977c2c7-cd44-4e6f-a827-370cd9aad5bd,Massy Sunset Crest,"Massy Stores Supercenter, Sunset Crest",Holetown,St James,BB,,Massy,578dca79-afd1-4b04-816a-322a7067114b,2a9738c6b543996ea1e0ceaf7d705e80,,,,,,WEB_APP,2.54,2.54,0.00,BBD,
27b005f0-883d-4096-b8c1-640f14379994,2025-10-02 16:05:20,2025-10-02 17:26:55,2025-10-02 12:05:20,2025-10-02 13:26:55,America/Barbados,81.58,0.00,9.5,9.8,6.9,03c821d6-6274-427c-937a-ad91c6bc020d,MP-025,51210097772981,03c821d6-6274-427c-937a-ad91c6bc020d.3,TYPE_2,25.0,79b72a61-f5ca-433f-b824-0c7df1204859,Massy Warrens,Massy Warrens - Massy Stores Supercenter,Warrens,St. Michael,BB,,Massy,578dca79-afd1-4b04-816a-322a7067114b,1fdfa817d8006e88f5658984e29bb83c,,,,,801bc84c-279b-45e3-9f21-0476097fa2cd,RFID,16.62,16.62,0.00,BBD,
b937fec6-d9bd-4065-a117-b82ae236bdb5,2025-10-02 20:25:14,2025-10-02 20:58:29,2025-10-02 16:25:14,2025-10-02 16:58:29,America/Barbados,33.25,0.00,3.6,9.6,6.5,03c821d6-6274-427c-937a-ad91c6bc020d,MP-025,51210097772981,03c821d6-6274-427c-937a-ad91c6bc020d.3,TYPE_2,25.0,79b72a61-f5ca-433f-b824-0c7df1204859,Massy Warrens,Massy Warrens - Massy Stores Supercenter,Warrens,St. Michael,BB,,Massy,578dca79-afd1-4b04-816a-322a7067114b,75b3d6285f999674807ed18dfccf9f69,,,,,,SYSTEM,6.30,6.30,0.00,BBD,
23301055-e047-474b-a229-649d2df2ca0d,2025-10-04 10:55:57,2025-10-04 11:31:15,2025-10-04 06:55:57,2025-10-04 07:31:15,America/Barbados,35.30,0.00,6.3,13.0,10.7,03c821d6-6274-427c-937a-ad91c6bc020d,MP-025,51210097772981,03c821d6-6274-427c-937a-ad91c6bc020d.3,TYPE_2,25.0,79b72a61-f5ca-433f-b824-0c7df1204859,Massy Warrens,Massy Warrens - Massy Stores Supercenter,Warrens,St. Michael,BB,,Massy,578dca79-afd1-4b04-816a-322a7067114b,85d06f75d51b28bdfa35b809623927f1,,,,,,SYSTEM,11.02,11.02,0.00,BBD,
7f17c015-e5a9-4f3a-97cf-3ff18107544d,2025-10-04 10:39:57,2025-10-04 17:26:02,2025-10-04 06:39:57,2025-10-04 13:26:02,America/Barbados,406.08,72.02,38.9,12.0,7.0,8d27dae5-8d1f-48d0-bfe1-8875d5d568a5,MP-0079,M5012464-2,8d27dae5-8d1f-48d0-bfe1-8875d5d568a5.2,TYPE_2,22.0,1977c2c7-cd44-4e6f-a827-370cd9aad5bd,Massy Sunset Crest,"Massy Stores Supercenter, Sunset Crest",Holetown,St James,BB,,Massy,578dca79-afd1-4b04-816a-322a7067114b,18008f87ad6a61c9256e97b54b5cf26c,,,,,,SYSTEM,58.34,58.34,0.00,BBD,
83d7072e-1a1b-4c2e-bcd3-97ba3d0afff6,2025-10-05 17:44:57,2025-10-05 17:45:54,2025-10-05 13:44:57,2025-10-05 13:45:54,America/Barbados,0.95,0.00,0.0,0.0,0.0,8d27dae5-8d1f-48d0-bfe1-8875d5d568a5,MP-0079,M5012464-2,8d27dae5-8d1f-48d0-bfe1-8875d5d568a5.1,TYPE_2,22.0,1977c2c7-cd44-4e6f-a827-370cd9aad5bd,Massy Sunset Crest,"Massy Stores Supercenter, Sunset Crest",Holetown,St James,BB,,Massy,578dca79-afd1-4b04-816a-322a7067114b,94341940e1fa01df47e40ec893cbaf5d,,,,,,RFID,0.00,0.00,0.00,BBD,
5307f9ba-4912-46b1-b6fe-0192afc4d01c,2025-10-05 17:46:02,2025-10-05 18:25:08,2025-10-05 13:46:02,2025-10-05 14:25:08,America/Barbados,39.10,1.10,4.5,12.0,7.1,8d27dae5-8d1f-48d0-bfe1-8875d5d568a5,MP-0079,M5012464-2,8d27dae5-8d1f-48d0-bfe1-8875d5d568a5.1,TYPE_2,22.0,1977c2c7-cd44-4e6f-a827-370cd9aad5bd,Massy Sunset Crest,"Massy Stores Supercenter, Sunset Crest",Holetown,St James,BB,,Massy,578dca79-afd1-4b04-816a-322a7067114b,94341940e1fa01df47e40ec893cbaf5d,,,,,d7aff9e5-6a68-460e-9892-2c18732d5b53,RFID,6.75,6.75,0.00,BBD,
2087facf-b6d0-4b82-8ef2-0d4a2df99c55,2025-10-07 20:26:07,2025-10-07 20:46:47,2025-10-07 16:26:07,2025-10-07 16:46:47,America/Barbados,20.67,0.00,9.0,29.0,26.1,03c821d6-6274-427c-937a-ad91c6bc020d,MP-025,51210097772981,03c821d6-6274-427c-937a-ad91c6bc020d.1,CCS_2,25.0,79b72a61-f5ca-433f-b824-0c7df1204859,Massy Warrens,Massy Warrens - Massy Stores Supercenter,Warrens,St. Michael,BB,,Massy,578dca79-afd1-4b04-816a-322a7067114b,2753d2cb0856487171bcd08e5f36ee5f,,,,,,SYSTEM,15.75,15.75,0.00,BBD,
ca9fe87b-a989-45af-b7c1-6ec4e80b9bc6,2025-10-07 22:07:59,2025-10-07 22:08:09,2025-10-07 18:07:59,2025-10-07 18:08:09,America/Barbados,0.17,0.00,0.0,0.0,0.0,03c821d6-6274-427c-937a-ad91c6bc020d,MP-025,51210097772981,03c821d6-6274-427c-937a-ad91c6bc020d.1,CCS_2,25.0,79b72a61-f5ca-433f-b824-0c7df1204859,Massy Warrens,Massy Warrens - Massy Stores Supercenter,Warrens,St. Michael,BB,,Massy,578dca79-afd1-4b04-816a-322a7067114b,2753d2cb0856487171bcd08e5f36ee5f,,,,,,SYSTEM,0.00,0.00,0.00,BBD,
501b3966-cc38-47f0-a974-28b9b9a93217,2025-10-07 22:09:36,2025-10-07 22:46:47,2025-10-07 18:09:36,2025-10-07 18:46:47,America/Barbados,37.18,0.00,16.3,31.3,26.1,03c821d6-6274-427c-937a-ad91c6bc020d,MP-025,51210097772981,03c821d6-6274-427c-937a-ad91c6bc020d.1,CCS_2,25.0,79b72a61-f5ca-433f-b824-0c7df1204859,Massy Warrens,Massy Warrens - Massy Stores Supercenter,Warrens,St. Michael,BB,,Massy,578dca79-afd1-4b04-816a-322a7067114b,de496c2b0c06805735691033fa5f0366,,,,,,SYSTEM,28.52,28.52,0.00,BBD,
d47a7a77-022f-4ebe-a049-e67a8355417f,2025-10-07 23:48:33,2025-10-08 00:48:23,2025-10-07 19:48:33,2025-10-07 20:48:23,America/Barbados,59.83,0.00,26.6,34.8,26.7,03c821d6-6274-427c-937a-ad91c6bc020d,MP-025,51210097772981,03c821d6-6274-427c-937a-ad91c6bc020d.1,CCS_2,25.0,79b72a61-f5ca-433f-b824-0c7df1204859,Massy Warrens,Massy Warrens - Massy Stores Supercenter,Warrens,St. Michael,BB,,Massy,578dca79-afd1-4b04-816a-322a7067114b,de496c2b0c06805735691033fa5f0366,,,,,,SYSTEM,46.55,46.55,0.00,BBD,
c3b13be8-c083-4e3a-8cdc-3c00944a9237,2025-10-08 00:56:36,2025-10-08 02:05:26,2025-10-07 20:56:36,2025-10-07 22:05:26,America/Barbados,68.83,1.03,24.8,29.0,21.9,03c821d6-6274-427c-937a-ad91c6bc020d,MP-025,51210097772981,03c821d6-6274-427c-937a-ad91c6bc020d.1,CCS_2,25.0,79b72a61-f5ca-433f-b824-0c7df1204859,Massy Warrens,Massy Warrens - Massy Stores Supercenter,Warrens,St. Michael,BB,,Massy,578dca79-afd1-4b04-816a-322a7067114b,2753d2cb0856487171bcd08e5f36ee5f,,,,,,SYSTEM,43.40,43.40,0.00,BBD,
7ad9b86d-7e78-4e64-9c19-b4e0e91949d8,2025-10-08 13:46:28,2025-10-08 15:24:39,2025-10-08 09:46:28,2025-10-08 11:24:39,America/Barbados,98.18,9.32,29.8,29.0,20.2,03c821d6-6274-427c-937a-ad91c6bc020d,MP-025,51210097772981,03c821d6-6274-427c-937a-ad91c6bc020d.2,CHADEMO,25.0,79b72a61-f5ca-433f-b824-0c7df1204859,Massy Warrens,Massy Warrens - Massy Stores Supercenter,Warrens,St. Michael,BB,,Massy,578dca79-afd1-4b04-816a-322a7067114b,6db49741c7fd7da55950c2da36831943,,,,,,SYSTEM,52.15,52.15,0.00,BBD,
9c3fe698-7e78-4418-940c-c2732fe52fbe,2025-10-08 16:07:19,2025-10-08 16:22:56,2025-10-08 12:07:19,2025-10-08 12:22:56,America/Barbados,15.62,0.00,3.4,0.0,0.0,03c821d6-6274-427c-937a-ad91c6bc020d,MP-025,51210097772981,03c821d6-6274-427c-937a-ad91c6bc020d.2,CHADEMO,25.0,79b72a61-f5ca-433f-b824-0c7df1204859,Massy Warrens,Massy Warrens - Massy Stores Supercenter,Warrens,St. Michael,BB,,Massy,578dca79-afd1-4b04-816a-322a7067114b,564363f1092f00b6d8b93b0dffe923e8,,,,,ff8272b9-b9c0-4e2c-a725-65cbd037a327,RFID,5.95,5.95,0.00,BBD,
f3affc93-a68b-4443-83ee-2ecdf0882a45,2025-10-08 17:44:16,2025-10-08 17:46:18,2025-10-08 13:44:16,2025-10-08 13:46:18,America/Barbados,2.03,1.03,0.0,0.0,0.0,8d27dae5-8d1f-48d0-bfe1-8875d5d568a5,MP-0079,M5012464-2,8d27dae5-8d1f-48d0-bfe1-8875d5d568a5.1,TYPE_2,22.0,1977c2c7-cd44-4e6f-a827-370cd9aad5bd,Massy Sunset Crest,"Massy Stores Supercenter, Sunset Crest",Holetown,St James,BB,,Massy,578dca79-afd1-4b04-816a-322a7067114b,4a785c7087ce5f6b80c7903f4f6f6f6d,,,,,e6545a64-de18-43ab-8a72-ae719e0b648c,RFID,0.00,0.00,0.00,BBD,
7c18bb65-4fc5-4fd1-b9bf-5d522a485093,2025-10-08 17:46:25,2025-10-08 19:14:54,2025-10-08 13:46:25,2025-10-08 15:14:54,America/Barbados,88.48,0.45,10.1,12.0,6.9,8d27dae5-8d1f-48d0-bfe1-8875d5d568a5,MP-0079,M5012464-2,8d27dae5-8d1f-48d0-bfe1-8875d5d568a5.1,TYPE_2,22.0,1977c2c7-cd44-4e6f-a827-370cd9aad5bd,Massy Sunset Crest,"Massy Stores Supercenter, Sunset Crest",Holetown,St James,BB,,Massy,578dca79-afd1-4b04-816a-322a7067114b,4a785c7087ce5f6b80c7903f4f6f6f6d,,,,,e6545a64-de18-43ab-8a72-ae719e0b648c,RFID,15.14,15.14,0.00,BBD,
6c6f867c-0693-4239-a4a5-e206d5ca765f,2025-10-08 19:36:05,2025-10-08 19:59:50,2025-10-08 15:36:05,2025-10-08 15:59:50,America/Barbados,23.75,0.00,10.2,29.0,25.9,03c821d6-6274-427c-937a-ad91c6bc020d,MP-025,51210097772981,03c821d6-6274-427c-937a-ad91c6bc020d.1,CCS_2,25.0,79b72a61-f5ca-433f-b824-0c7df1204859,Massy Warrens,Massy Warrens - Massy Stores Supercenter,Warrens,St. Michael,BB,,Massy,578dca79-afd1-4b04-816a-322a7067114b,aa1332086ef3bc74ede207bdd6956748,,,,,,SYSTEM,17.84,17.84,0.00,BBD,
9801dfe9-6a45-4024-b48c-d676da3e829e,2025-10-08 22:02:26,2025-10-08 22:53:19,2025-10-08 18:02:26,2025-10-08 18:53:19,America/Barbados,50.88,0.00,22.2,29.0,26.2,03c821d6-6274-427c-937a-ad91c6bc020d,MP-025,51210097772981,03c821d6-6274-427c-937a-ad91c6bc020d.1,CCS_2,25.0,79b72a61-f5ca-433f-b824-0c7df1204859,Massy Warrens,Massy Warrens - Massy Stores Supercenter,Warrens,St. Michael,BB,,Massy,578dca79-afd1-4b04-816a-322a7067114b,ec996d92891b1482b0d64080e851031f,,,,,,SYSTEM,38.85,38.85,0.00,BBD,
1c62015e-db9f-4041-9ea2-db1b5e2ef2f5,2025-10-09 01:28:46,2025-10-09 02:41:21,2025-10-08 21:28:46,2025-10-08 22:41:21,America/Barbados,72.58,0.00,31.0,47.4,25.9,03c821d6-6274-427c-937a-ad91c6bc020d,MP-025,51210097772981,03c821d6-6274-427c-937a-ad91c6bc020d.1,CCS_2,25.0,79b72a61-f5ca-433f-b824-0c7df1204859,Massy Warrens,Massy Warrens - Massy Stores Supercenter,Warrens,St. Michael,BB,,Massy,578dca79-afd1-4b04-816a-322a7067114b,2581e0b1f90d281e2e96ba6cd4c938dd,,,,,,SYSTEM,54.25,54.25,0.00,BBD,
82150f72-1824-4d21-82a7-9fd1a5d28a6a,2025-10-09 02:37:57,2025-10-09 02:44:09,2025-10-08 22:37:57,2025-10-08 22:44:09,America/Barbados,6.20,0.00,0.6,6.5,5.9,03c821d6-6274-427c-937a-ad91c6bc020d,MP-025,51210097772981,03c821d6-6274-427c-937a-ad91c6bc020d.3,TYPE_2,25.0,79b72a61-f5ca-433f-b824-0c7df1204859,Massy Warrens,Massy Warrens - Massy Stores Supercenter,Warrens,St. Michael,BB,,Massy,578dca79-afd1-4b04-816a-322a7067114b,85238d638918d8b6ce011cd702d78404,,,,,,SYSTEM,1.05,1.05,0.00,BBD,
a7607f23-2aef-4ac1-b8cf-7c5585a0c489,2025-10-09 02:55:38,2025-10-09 03:50:24,2025-10-08 22:55:38,2025-10-08 23:50:24,America/Barbados,54.77,0.00,6.0,11.6,6.6,03c821d6-6274-427c-937a-ad91c6bc020d,MP-025,51210097772981,03c821d6-6274-427c-937a-ad91c6bc020d.3,TYPE_2,25.0,79b72a61-f5ca-433f-b824-0c7df1204859,Massy Warrens,Massy Warrens - Massy Stores Supercenter,Warrens,St. Michael,BB,,Massy,578dca79-afd1-4b04-816a-322a7067114b,d094140c914a0230b6a3c3c35ba1c158,,,,,,SYSTEM,10.50,10.50,0.00,BBD,
a825a45e-013a-4c3b-aa03-52dac8f7313c,2025-10-09 12:06:45,2025-10-09 12:53:00,2025-10-09 08:06:45,2025-10-09 08:53:00,America/Barbados,46.25,0.00,15.1,29.0,19.6,03c821d6-6274-427c-937a-ad91c6bc020d,MP-025,51210097772981,03c821d6-6274-427c-937a-ad91c6bc020d.1,CCS_2,25.0,79b72a61-f5ca-433f-b824-0c7df1204859,Massy Warrens,Massy Warrens - Massy Stores Supercenter,Warrens,St. Michael,BB,,Massy,578dca79-afd1-4b04-816a-322a7067114b,0e411a7aae18e5bf462136072fec76ab,,,,,,SYSTEM,26.42,26.42,0.00,BBD,
dd5507df-7625-41f1-8472-732194042d99,2025-10-09 09:59:04,2025-10-09 13:09:46,2025-10-09 05:59:04,2025-10-09 09:09:46,America/Barbados,190.70,0.00,22.6,12.0,7.1,8d27dae5-8d1f-48d0-bfe1-8875d5d568a5,MP-0079,M5012464-2,8d27dae5-8d1f-48d0-bfe1-8875d5d568a5.2,TYPE_2,22.0,1977c2c7-cd44-4e6f-a827-370cd9aad5bd,Massy Sunset Crest,"Massy Stores Supercenter, Sunset Crest",Holetown,St James,BB,,Massy,578dca79-afd1-4b04-816a-322a7067114b,c7c8dc2e53587b88750bb7fc30247cca,,,,,,SYSTEM,33.90,33.90,0.00,BBD,
2149101d-e6ef-4a95-8601-67713b8369bb,2025-10-09 14:25:01,2025-10-09 15:00:12,2025-10-09 10:25:01,2025-10-09 11:00:12,America/Barbados,35.63,0.00,15.0,33.2,25.6,03c821d6-6274-427c-937a-ad91c6bc020d,MP-025,51210097772981,03c821d6-6274-427c-937a-ad91c6bc020d.1,CCS_2,25.0,79b72a61-f5ca-433f-b824-0c7df1204859,Massy Warrens,Massy Warrens - Massy Stores Supercenter,Warrens,St. Michael,BB,,Massy,578dca79-afd1-4b04-816a-322a7067114b,8ac0e8aa9751197f37cc59bdf0c10429,,,,,,SYSTEM,25.90,25.90,0.00,BBD,
f9f87764-d563-4b74-8f7a-6d229634d545,2025-10-10 03:28:59,2025-10-10 04:40:28,2025-10-09 23:28:59,2025-10-10 00:40:28,America/Barbados,71.48,0.00,31.1,32.7,26.2,03c821d6-6274-427c-937a-ad91c6bc020d,MP-025,51210097772981,03c821d6-6274-427c-937a-ad91c6bc020d.1,CCS_2,25.0,79b72a61-f5ca-433f-b824-0c7df1204859,Massy Warrens,Massy Warrens - Massy Stores Supercenter,Warrens,St. Michael,BB,,Massy,578dca79-afd1-4b04-816a-322a7067114b,ec996d92891b1482b0d64080e851031f,,,,,,SYSTEM,54.42,54.42,0.00,BBD,
9ea7305b-4f75-4d9e-b4be-5824a2e026fd,2025-10-10 08:16:35,2025-10-10 09:52:34,2025-10-10 04:16:35,2025-10-10 05:52:34,America/Barbados,95.98,0.92,36.1,29.5,22.8,03c821d6-6274-427c-937a-ad91c6bc020d,MP-025,51210097772981,03c821d6-6274-427c-937a-ad91c6bc020d.1,CCS_2,25.0,79b72a61-f5ca-433f-b824-0c7df1204859,Massy Warrens,Massy Warrens - Massy Stores Supercenter,Warrens,St. Michael,BB,,Massy,578dca79-afd1-4b04-816a-322a7067114b,dd4c88acde25753674e21b473fe166ef,,,,,033b321f-9ea1-4604-93a9-0160f0c2ca9c,RFID,63.17,63.17,0.00,BBD,
088d9c69-cebe-438d-bc50-5d2a46a6f60c,2025-10-10 11:39:49,2025-10-10 12:45:46,2025-10-10 07:39:49,2025-10-10 08:45:46,America/Barbados,65.95,0.00,26.8,29.0,24.4,03c821d6-6274-427c-937a-ad91c6bc020d,MP-025,51210097772981,03c821d6-6274-427c-937a-ad91c6bc020d.1,CCS_2,25.0,79b72a61-f5ca-433f-b824-0c7df1204859,Massy Warrens,Massy Warrens - Massy Stores Supercenter,Warrens,St. Michael,BB,,Massy,578dca79-afd1-4b04-816a-322a7067114b,16dbfb519321769e0562336d69d3d0fd,,,,,,SYSTEM,46.90,46.90,0.00,BBD,
a5230b46-b4a6-488b-b162-496834a0c332,2025-10-10 15:13:47,2025-10-10 16:05:25,2025-10-10 11:13:47,2025-10-10 12:05:25,America/Barbados,51.63,0.00,22.9,34.8,26.7,03c821d6-6274-427c-937a-ad91c6bc020d,MP-025,51210097772981,03c821d6-6274-427c-937a-ad91c6bc020d.1,CCS_2,25.0,79b72a61-f5ca-433f-b824-0c7df1204859,Massy Warrens,Massy Warrens - Massy Stores Supercenter,Warrens,St. Michael,BB,,Massy,578dca79-afd1-4b04-816a-322a7067114b,b969911894065dbd56f4f8c1c8a6518c,,,,,0a79f5db-f825-4216-853a-3dfef0d81932,RFID,40.07,40.07,0.00,BBD,
480cbad5-674c-4336-b2a8-66235333cbc8,2025-10-10 22:00:42,2025-10-11 00:23:37,2025-10-10 18:00:42,2025-10-10 20:23:37,America/Barbados,142.92,1.03,57.9,39.1,24.2,03c821d6-6274-427c-937a-ad91c6bc020d,MP-025,51210097772981,03c821d6-6274-427c-937a-ad91c6bc020d.1,CCS_2,25.0,79b72a61-f5ca-433f-b824-0c7df1204859,Massy Warrens,Massy Warrens - Massy Stores Supercenter,Warrens,St. Michael,BB,,Massy,578dca79-afd1-4b04-816a-322a7067114b,2753d2cb0856487171bcd08e5f36ee5f,,,,,,SYSTEM,101.32,101.32,0.00,BBD,
6cb1970b-b332-4908-95ee-c94be3a67d48,2025-10-11 13:16:20,2025-10-11 13:50:57,2025-10-11 09:16:20,2025-10-11 09:50:57,America/Barbados,34.62,17.05,1.8,11.6,6.2,03c821d6-6274-427c-937a-ad91c6bc020d,MP-025,51210097772981,03c821d6-6274-427c-937a-ad91c6bc020d.2,CHADEMO,25.0,79b72a61-f5ca-433f-b824-0c7df1204859,Massy Warrens,Massy Warrens - Massy Stores Supercenter,Warrens,St. Michael,BB,,Massy,578dca79-afd1-4b04-816a-322a7067114b,ba0c6ff4b7e1b82d41a1509224941275,,,,,ab30998c-36a2-4d79-908c-b992dce24cd3,RFID,3.15,3.15,0.00,BBD,
bd29feec-8a19-4135-84d4-77201fa715b7,2025-10-11 18:55:21,2025-10-11 20:12:42,2025-10-11 14:55:21,2025-10-11 16:12:42,America/Barbados,77.35,0.00,28.2,29.0,21.9,03c821d6-6274-427c-937a-ad91c6bc020d,MP-025,51210097772981,03c821d6-6274-427c-937a-ad91c6bc020d.2,CHADEMO,25.0,79b72a61-f5ca-433f-b824-0c7df1204859,Massy Warrens,Massy Warrens - Massy Stores Supercenter,Warrens,St. Michael,BB,,Massy,578dca79-afd1-4b04-816a-322a7067114b,6db49741c7fd7da55950c2da36831943,,,,,,SYSTEM,49.35,49.35,0.00,BBD,
20465dc6-b909-4a72-a959-024263db4d58,2025-10-11 20:34:38,2025-10-11 21:07:42,2025-10-11 16:34:38,2025-10-11 17:07:42,America/Barbados,33.07,0.00,14.1,29.0,25.7,03c821d6-6274-427c-937a-ad91c6bc020d,MP-025,51210097772981,03c821d6-6274-427c-937a-ad91c6bc020d.1,CCS_2,25.0,79b72a61-f5ca-433f-b824-0c7df1204859,Massy Warrens,Massy Warrens - Massy Stores Supercenter,Warrens,St. Michael,BB,,Massy,578dca79-afd1-4b04-816a-322a7067114b,2581e0b1f90d281e2e96ba6cd4c938dd,,,,,,SYSTEM,24.67,24.67,0.00,BBD,
120d59c5-5c2d-4684-9f83-f091b22ddf2d,2025-10-11 22:52:18,2025-10-12 00:03:15,2025-10-11 18:52:18,2025-10-11 20:03:15,America/Barbados,70.95,0.00,8.5,72.0,8.1,024e77fc-3da1-4e73-930e-b76e45511419,MP-001,M5005918-7,024e77fc-3da1-4e73-930e-b76e45511419.1,TYPE_2,7.4,1977c2c7-cd44-4e6f-a827-370cd9aad5bd,Massy Sunset Crest,"Massy Stores Supercenter, Sunset Crest",Holetown,St James,BB,,Massy,578dca79-afd1-4b04-816a-322a7067114b,73fd85ccbdc258843a5539735efcb0c2,,,,,,WEB_APP,12.75,12.75,0.00,BBD,
8d1443c8-693c-4210-b59c-fc12a263902a,2025-10-11 23:11:12,2025-10-12 00:33:05,2025-10-11 19:11:12,2025-10-11 20:33:05,America/Barbados,81.88,6.47,27.0,29.0,21.5,03c821d6-6274-427c-937a-ad91c6bc020d,MP-025,51210097772981,03c821d6-6274-427c-937a-ad91c6bc020d.1,CCS_2,25.0,79b72a61-f5ca-433f-b824-0c7df1204859,Massy Warrens,Massy Warrens - Massy Stores Supercenter,Warrens,St. Michael,BB,,Massy,578dca79-afd1-4b04-816a-322a7067114b,e5a299d4408d1b7dd2c425572816f417,,,,,,SYSTEM,47.25,47.25,0.00,BBD,
a219f6a7-707d-4626-a5b0-13bd1db8a919,2025-10-12 13:27:20,2025-10-12 14:32:26,2025-10-12 09:27:20,2025-10-12 10:32:26,America/Barbados,65.10,0.00,28.5,29.0,26.3,03c821d6-6274-427c-937a-ad91c6bc020d,MP-025,51210097772981,03c821d6-6274-427c-937a-ad91c6bc020d.1,CCS_2,25.0,79b72a61-f5ca-433f-b824-0c7df1204859,Massy Warrens,Massy Warrens - Massy Stores Supercenter,Warrens,St. Michael,BB,,Massy,578dca79-afd1-4b04-816a-322a7067114b,ec996d92891b1482b0d64080e851031f,,,,,,SYSTEM,49.87,49.87,0.00,BBD,
851253de-2e24-4804-aad7-6cbf46fa2f1a,2025-10-12 15:25:36,2025-10-12 15:39:02,2025-10-12 11:25:36,2025-10-12 11:39:02,America/Barbados,13.43,0.00,4.6,23.2,20.7,03c821d6-6274-427c-937a-ad91c6bc020d,MP-025,51210097772981,03c821d6-6274-427c-937a-ad91c6bc020d.3,TYPE_2,25.0,79b72a61-f5ca-433f-b824-0c7df1204859,Massy Warrens,Massy Warrens - Massy Stores Supercenter,Warrens,St. Michael,BB,,Massy,578dca79-afd1-4b04-816a-322a7067114b,7dff719ebd91c7e9f968708dd904f49f,,,,,7e7e5942-cb37-4434-9d92-737fc3e53e7a,RFID,8.04,8.04,0.00,BBD,
c2e2108b-444f-4a73-92cc-cf8b7502eec5,2025-10-12 16:19:20,2025-10-12 16:51:04,2025-10-12 12:19:20,2025-10-12 12:51:04,America/Barbados,31.73,0.00,9.8,23.2,18.5,03c821d6-6274-427c-937a-ad91c6bc020d,MP-025,51210097772981,03c821d6-6274-427c-937a-ad91c6bc020d.3,TYPE_2,25.0,79b72a61-f5ca-433f-b824-0c7df1204859,Massy Warrens,Massy Warrens - Massy Stores Supercenter,Warrens,St. Michael,BB,,Massy,578dca79-afd1-4b04-816a-322a7067114b,7dff719ebd91c7e9f968708dd904f49f,,,,,7e7e5942-cb37-4434-9d92-737fc3e53e7a,RFID,17.15,17.15,0.00,BBD,
87e0f6a6-173e-4564-8e63-74458c4f960b,2025-10-12 17:30:51,2025-10-12 18:19:04,2025-10-12 13:30:51,2025-10-12 14:19:04,America/Barbados,48.22,0.00,21.6,150.7,28.3,03c821d6-6274-427c-937a-ad91c6bc020d,MP-025,51210097772981,03c821d6-6274-427c-937a-ad91c6bc020d.1,CCS_2,25.0,79b72a61-f5ca-433f-b824-0c7df1204859,Massy Warrens,Massy Warrens - Massy Stores Supercenter,Warrens,St. Michael,BB,,Massy,578dca79-afd1-4b04-816a-322a7067114b,873a7eb8117bd270c8f743e781ba39f1,,,,,,SYSTEM,37.80,37.80,0.00,BBD,
59967569-3532-4478-bc06-eb901c9672cb,2025-10-12 23:30:46,2025-10-13 00:47:00,2025-10-12 19:30:46,2025-10-12 20:47:00,America/Barbados,76.23,0.00,30.3,29.0,23.8,03c821d6-6274-427c-937a-ad91c6bc020d,MP-025,51210097772981,03c821d6-6274-427c-937a-ad91c6bc020d.1,CCS_2,25.0,79b72a61-f5ca-433f-b824-0c7df1204859,Massy Warrens,Massy Warrens - Massy Stores Supercenter,Warrens,St. Michael,BB,,Massy,578dca79-afd1-4b04-816a-322a7067114b,3bed394066f7e0e258e0c03355bb8e15,,,,,14c4d6f6-50af-4e7f-a9d9-6a51d5081322,RFID,26.51,26.51,0.00,BBD,
ea9c6fc6-6689-41fa-8fcb-f3893a19070d,2025-10-13 13:09:50,2025-10-13 13:10:52,2025-10-13 09:09:50,2025-10-13 09:10:52,America/Barbados,1.03,0.00,0.2,13.0,13.0,03c821d6-6274-427c-937a-ad91c6bc020d,MP-025,51210097772981,03c821d6-6274-427c-937a-ad91c6bc020d.2,CHADEMO,25.0,79b72a61-f5ca-433f-b824-0c7df1204859,Massy Warrens,Massy Warrens - Massy Stores Supercenter,Warrens,St. Michael,BB,,Massy,578dca79-afd1-4b04-816a-322a7067114b,564363f1092f00b6d8b93b0dffe923e8,,,,,ff8272b9-b9c0-4e2c-a725-65cbd037a327,RFID,0.35,0.35,0.00,BBD,
9f4c86d1-54f7-40ad-a456-a37169d765e5,2025-10-13 14:44:05,2025-10-13 16:09:39,2025-10-13 10:44:05,2025-10-13 12:09:39,America/Barbados,85.57,0.53,10.0,12.0,7.0,8d27dae5-8d1f-48d0-bfe1-8875d5d568a5,MP-0079,M5012464-2,8d27dae5-8d1f-48d0-bfe1-8875d5d568a5.2,TYPE_2,22.0,1977c2c7-cd44-4e6f-a827-370cd9aad5bd,Massy Sunset Crest,"Massy Stores Supercenter, Sunset Crest",Holetown,St James,BB,,Massy,578dca79-afd1-4b04-816a-322a7067114b,0c8e2437b81dc576db424a5a4f42e7c6,,,,,e3fa5aa1-b019-41f6-a1e8-2dd90e80620d,RFID,15.00,15.00,0.00,BBD,
a24bbb23-0222-4872-898e-28c13b83c063,2025-10-13 14:14:48,2025-10-13 15:13:21,2025-10-13 10:14:48,2025-10-13 11:13:21,America/Barbados,58.56,0.00,8.3,29.0,25.5,03c821d6-6274-427c-937a-ad91c6bc020d,MP-025,51210097772981,03c821d6-6274-427c-937a-ad91c6bc020d.1,CCS_2,25.0,79b72a61-f5ca-433f-b824-0c7df1204859,Massy Warrens,Massy Warrens - Massy Stores Supercenter,Warrens,St. Michael,BB,,Massy,578dca79-afd1-4b04-816a-322a7067114b,8ac0e8aa9751197f37cc59bdf0c10429,,,,,,SYSTEM,14.52,14.52,0.00,BBD,
5db1be5b-305c-419d-9510-f8d4ae3ed3c9,2025-10-13 21:23:40,2025-10-13 21:56:58,2025-10-13 17:23:40,2025-10-13 17:56:58,America/Barbados,33.30,0.25,7.2,26.5,13.2,03c821d6-6274-427c-937a-ad91c6bc020d,MP-025,51210097772981,03c821d6-6274-427c-937a-ad91c6bc020d.2,CHADEMO,25.0,79b72a61-f5ca-433f-b824-0c7df1204859,Massy Warrens,Massy Warrens - Massy Stores Supercenter,Warrens,St. Michael,BB,,Massy,578dca79-afd1-4b04-816a-322a7067114b,6360466221780c16c03c3db83e82293e,,,,,b796799c-7e5e-4678-9e8e-4d02b3654c1f,RFID,12.60,12.60,0.00,BBD,
81044925-5aa5-43d1-b0e7-fffbc07742e0,2025-10-13 22:26:22,2025-10-13 23:00:03,2025-10-13 18:26:22,2025-10-13 19:00:03,America/Barbados,33.68,0.63,10.2,23.2,18.6,03c821d6-6274-427c-937a-ad91c6bc020d,MP-025,51210097772981,03c821d6-6274-427c-937a-ad91c6bc020d.3,TYPE_2,25.0,79b72a61-f5ca-433f-b824-0c7df1204859,Massy Warrens,Massy Warrens - Massy Stores Supercenter,Warrens,St. Michael,BB,,Massy,578dca79-afd1-4b04-816a-322a7067114b,7dff719ebd91c7e9f968708dd904f49f,,,,,7e7e5942-cb37-4434-9d92-737fc3e53e7a,RFID,17.84,17.84,0.00,BBD,
2345e16c-68bb-4afd-8866-fcc3e1d6cc74,2025-10-13 23:46:17,2025-10-14 00:01:47,2025-10-13 19:46:17,2025-10-13 20:01:47,America/Barbados,15.50,0.00,6.5,29.0,25.3,03c821d6-6274-427c-937a-ad91c6bc020d,MP-025,51210097772981,03c821d6-6274-427c-937a-ad91c6bc020d.1,CCS_2,25.0,79b72a61-f5ca-433f-b824-0c7df1204859,Massy Warrens,Massy Warrens - Massy Stores Supercenter,Warrens,St. Michael,BB,,Massy,578dca79-afd1-4b04-816a-322a7067114b,dd4c88acde25753674e21b473fe166ef,,,,,,SYSTEM,11.37,11.37,0.00,BBD,
71825730-07ad-4231-9c1e-fef771e470ed,2025-10-14 11:41:22,2025-10-14 13:21:17,2025-10-14 07:41:22,2025-10-14 09:21:17,America/Barbados,99.92,0.00,11.7,12.0,7.0,8d27dae5-8d1f-48d0-bfe1-8875d5d568a5,MP-0079,M5012464-2,8d27dae5-8d1f-48d0-bfe1-8875d5d568a5.2,TYPE_2,22.0,1977c2c7-cd44-4e6f-a827-370cd9aad5bd,Massy Sunset Crest,"Massy Stores Supercenter, Sunset Crest",Holetown,St James,BB,,Massy,578dca79-afd1-4b04-816a-322a7067114b,c7c8dc2e53587b88750bb7fc30247cca,,,,,,SYSTEM,17.54,17.54,0.00,BBD,
597c5ada-d3da-46a9-89df-9fc841ca53a8,2025-10-14 13:18:48,2025-10-14 14:05:58,2025-10-14 09:18:48,2025-10-14 10:05:58,America/Barbados,47.17,3.10,14.4,29.0,19.6,03c821d6-6274-427c-937a-ad91c6bc020d,MP-025,51210097772981,03c821d6-6274-427c-937a-ad91c6bc020d.1,CCS_2,25.0,79b72a61-f5ca-433f-b824-0c7df1204859,Massy Warrens,Massy Warrens - Massy Stores Supercenter,Warrens,St. Michael,BB,,Massy,578dca79-afd1-4b04-816a-322a7067114b,e5a299d4408d1b7dd2c425572816f417,,,,,,SYSTEM,25.20,25.20,0.00,BBD,
711f4ceb-40a0-407f-b17c-9ebb71963957,2025-10-14 14:45:07,2025-10-14 14:58:01,2025-10-14 10:45:07,2025-10-14 10:58:01,America/Barbados,12.90,0.00,2.8,19.9,13.1,03c821d6-6274-427c-937a-ad91c6bc020d,MP-025,51210097772981,03c821d6-6274-427c-937a-ad91c6bc020d.1,CCS_2,25.0,79b72a61-f5ca-433f-b824-0c7df1204859,Massy Warrens,Massy Warrens - Massy Stores Supercenter,Warrens,St. Michael,BB,,Massy,578dca79-afd1-4b04-816a-322a7067114b,3b60b232069c43182d2c89338b085352,,,,,234eeb0f-6287-46c7-a039-52a3d914aa55,RFID,4.89,4.89,0.00,BBD,
0db73dce-0781-4ed4-98e9-e8af60aea350,2025-10-14 20:23:02,2025-10-14 20:57:59,2025-10-14 16:23:02,2025-10-14 16:57:59,America/Barbados,34.95,7.05,4.1,19.6,8.9,03c821d6-6274-427c-937a-ad91c6bc020d,MP-025,51210097772981,03c821d6-6274-427c-937a-ad91c6bc020d.2,CHADEMO,25.0,79b72a61-f5ca-433f-b824-0c7df1204859,Massy Warrens,Massy Warrens - Massy Stores Supercenter,Warrens,St. Michael,BB,,Massy,578dca79-afd1-4b04-816a-322a7067114b,564363f1092f00b6d8b93b0dffe923e8,,,,,ff8272b9-b9c0-4e2c-a725-65cbd037a327,RFID,7.17,7.17,0.00,BBD,
3ac25bb9-f13a-4362-a534-2a25d18c11b3,2025-10-14 22:39:40,2025-10-14 23:06:50,2025-10-14 18:39:40,2025-10-14 19:06:50,America/Barbados,27.17,0.30,7.5,25.7,16.6,03c821d6-6274-427c-937a-ad91c6bc020d,MP-025,51210097772981,03c821d6-6274-427c-937a-ad91c6bc020d.3,TYPE_2,25.0,79b72a61-f5ca-433f-b824-0c7df1204859,Massy Warrens,Massy Warrens - Massy Stores Supercenter,Warrens,St. Michael,BB,,Massy,578dca79-afd1-4b04-816a-322a7067114b,7dff719ebd91c7e9f968708dd904f49f,,,,,7e7e5942-cb37-4434-9d92-737fc3e53e7a,RFID,13.12,13.12,0.00,BBD,
b6779cb5-0057-426c-89eb-6ef395186565,2025-10-15 01:56:56,2025-10-15 03:39:13,2025-10-14 21:56:56,2025-10-14 23:39:13,America/Barbados,102.28,0.00,44.5,29.0,26.1,03c821d6-6274-427c-937a-ad91c6bc020d,MP-025,51210097772981,03c821d6-6274-427c-937a-ad91c6bc020d.1,CCS_2,25.0,79b72a61-f5ca-433f-b824-0c7df1204859,Massy Warrens,Massy Warrens - Massy Stores Supercenter,Warrens,St. Michael,BB,,Massy,578dca79-afd1-4b04-816a-322a7067114b,9a95e7bcd93ecb64c6fb80885099b6fe,,,,,,SYSTEM,77.87,77.87,0.00,BBD,
e4218e70-fb17-4348-ac5e-ddde83e4a71e,2025-10-15 10:56:27,2025-10-15 12:46:12,2025-10-15 06:56:27,2025-10-15 08:46:12,America/Barbados,109.75,0.00,13.1,12.1,7.1,8d27dae5-8d1f-48d0-bfe1-8875d5d568a5,MP-0079,M5012464-2,8d27dae5-8d1f-48d0-bfe1-8875d5d568a5.2,TYPE_2,22.0,1977c2c7-cd44-4e6f-a827-370cd9aad5bd,Massy Sunset Crest,"Massy Stores Supercenter, Sunset Crest",Holetown,St James,BB,,Massy,578dca79-afd1-4b04-816a-322a7067114b,c7c8dc2e53587b88750bb7fc30247cca,,,,,,SYSTEM,19.64,19.64,0.00,BBD,
e15ff34c-0f5c-4a8f-b6e9-2ab059bffafd,2025-10-15 17:38:29,2025-10-15 18:20:38,2025-10-15 13:38:29,2025-10-15 14:20:38,America/Barbados,42.15,0.00,18.0,64.0,26.4,03c821d6-6274-427c-937a-ad91c6bc020d,MP-025,51210097772981,03c821d6-6274-427c-937a-ad91c6bc020d.1,CCS_2,25.0,79b72a61-f5ca-433f-b824-0c7df1204859,Massy Warrens,Massy Warrens - Massy Stores Supercenter,Warrens,St. Michael,BB,,Massy,578dca79-afd1-4b04-816a-322a7067114b,8ac0e8aa9751197f37cc59bdf0c10429,,,,,,SYSTEM,31.50,31.50,0.00,BBD,
12dad082-8587-476d-877c-a24bb57fcd32,2025-10-15 20:06:12,2025-10-15 22:29:08,2025-10-15 16:06:12,2025-10-15 18:29:08,America/Barbados,142.93,1.03,58.0,34.8,24.5,03c821d6-6274-427c-937a-ad91c6bc020d,MP-025,51210097772981,03c821d6-6274-427c-937a-ad91c6bc020d.1,CCS_2,25.0,79b72a61-f5ca-433f-b824-0c7df1204859,Massy Warrens,Massy Warrens - Massy Stores Supercenter,Warrens,St. Michael,BB,,Massy,578dca79-afd1-4b04-816a-322a7067114b,2753d2cb0856487171bcd08e5f36ee5f,,,,,,SYSTEM,101.50,101.50,0.00,BBD,
c13a0b58-a0cc-4504-993d-6cbee872382b,2025-10-15 22:57:05,2025-10-16 00:32:50,2025-10-15 18:57:05,2025-10-15 20:32:50,America/Barbados,95.75,0.70,35.2,29.0,22.2,03c821d6-6274-427c-937a-ad91c6bc020d,MP-025,51210097772981,03c821d6-6274-427c-937a-ad91c6bc020d.1,CCS_2,25.0,79b72a61-f5ca-433f-b824-0c7df1204859,Massy Warrens,Massy Warrens - Massy Stores Supercenter,Warrens,St. Michael,BB,,Massy,578dca79-afd1-4b04-816a-322a7067114b,d7cc4e50984b9951108a824cad497da5,,,,,,SYSTEM,61.60,61.60,0.00,BBD,
596d9143-1270-432e-89b7-d381efa5c3c2,2025-10-16 00:14:37,2025-10-16 00:41:03,2025-10-15 20:14:37,2025-10-15 20:41:03,America/Barbados,26.43,0.62,8.3,23.6,19.4,03c821d6-6274-427c-937a-ad91c6bc020d,MP-025,51210097772981,03c821d6-6274-427c-937a-ad91c6bc020d.3,TYPE_2,25.0,79b72a61-f5ca-433f-b824-0c7df1204859,Massy Warrens,Massy Warrens - Massy Stores Supercenter,Warrens,St. Michael,BB,,Massy,578dca79-afd1-4b04-816a-322a7067114b,7dff719ebd91c7e9f968708dd904f49f,,,,,7e7e5942-cb37-4434-9d92-737fc3e53e7a,RFID,14.52,14.52,0.00,BBD,
a622915b-3c52-4f4f-b6ba-3a71a2045fd1,2025-10-16 02:03:15,2025-10-16 02:39:44,2025-10-15 22:03:15,2025-10-15 22:39:44,America/Barbados,36.48,0.32,9.3,23.2,15.5,03c821d6-6274-427c-937a-ad91c6bc020d,MP-025,51210097772981,03c821d6-6274-427c-937a-ad91c6bc020d.2,CHADEMO,25.0,79b72a61-f5ca-433f-b824-0c7df1204859,Massy Warrens,Massy Warrens - Massy Stores Supercenter,Warrens,St. Michael,BB,,Massy,578dca79-afd1-4b04-816a-322a7067114b,6360466221780c16c03c3db83e82293e,,,,,b796799c-7e5e-4678-9e8e-4d02b3654c1f,RFID,16.27,16.27,0.00,BBD,
d14bd629-0575-487a-949c-9023f1399502,2025-10-16 13:25:11,2025-10-16 13:39:06,2025-10-16 09:25:11,2025-10-16 09:39:06,America/Barbados,13.98,0.00,1.6,12.0,6.9,8d27dae5-8d1f-48d0-bfe1-8875d5d568a5,MP-0079,M5012464-2,8d27dae5-8d1f-48d0-bfe1-8875d5d568a5.2,TYPE_2,22.0,1977c2c7-cd44-4e6f-a827-370cd9aad5bd,Massy Sunset Crest,"Massy Stores Supercenter, Sunset Crest",Holetown,St James,BB,,Massy,578dca79-afd1-4b04-816a-322a7067114b,c7c8dc2e53587b88750bb7fc30247cca,,,,,,SYSTEM,2.40,2.40,0.00,BBD,
fae23589-47fd-4c41-93ca-31399a68391c,2025-10-16 13:50:00,2025-10-16 14:13:29,2025-10-16 09:50:00,2025-10-16 10:13:29,America/Barbados,23.48,0.00,2.8,12.4,7.2,8d27dae5-8d1f-48d0-bfe1-8875d5d568a5,MP-0079,M5012464-2,8d27dae5-8d1f-48d0-bfe1-8875d5d568a5.2,TYPE_2,22.0,1977c2c7-cd44-4e6f-a827-370cd9aad5bd,Massy Sunset Crest,"Massy Stores Supercenter, Sunset Crest",Holetown,St James,BB,,Massy,578dca79-afd1-4b04-816a-322a7067114b,c7c8dc2e53587b88750bb7fc30247cca,,,,,,SYSTEM,4.19,4.19,0.00,BBD,
7b1496d7-1d45-4643-b6e9-2a31ff863393,2025-10-16 23:20:44,2025-10-16 23:59:19,2025-10-16 19:20:44,2025-10-16 19:59:19,America/Barbados,38.58,0.00,14.7,29.0,22.8,03c821d6-6274-427c-937a-ad91c6bc020d,MP-025,51210097772981,03c821d6-6274-427c-937a-ad91c6bc020d.2,CHADEMO,25.0,79b72a61-f5ca-433f-b824-0c7df1204859,Massy Warrens,Massy Warrens - Massy Stores Supercenter,Warrens,St. Michael,BB,,Massy,578dca79-afd1-4b04-816a-322a7067114b,e11b6eb6a58c549bf6a459421dcf4c1e,,,,,,SYSTEM,25.72,25.72,0.00,BBD,
bec29333-0795-453c-ab62-61d618fe9f7f,2025-10-17 00:04:51,2025-10-17 00:37:42,2025-10-16 20:04:51,2025-10-16 20:37:42,America/Barbados,32.85,0.00,10.7,23.2,19.5,03c821d6-6274-427c-937a-ad91c6bc020d,MP-025,51210097772981,03c821d6-6274-427c-937a-ad91c6bc020d.3,TYPE_2,25.0,79b72a61-f5ca-433f-b824-0c7df1204859,Massy Warrens,Massy Warrens - Massy Stores Supercenter,Warrens,St. Michael,BB,,Massy,578dca79-afd1-4b04-816a-322a7067114b,7dff719ebd91c7e9f968708dd904f49f,,,,,7e7e5942-cb37-4434-9d92-737fc3e53e7a,RFID,18.72,18.72,0.00,BBD,
52a57570-7508-497a-8742-86bbc6f89cb2,2025-10-16 22:19:05,2025-10-17 01:08:26,2025-10-16 18:19:05,2025-10-16 21:08:26,America/Barbados,169.35,0.00,20.2,20.0,7.2,8d27dae5-8d1f-48d0-bfe1-8875d5d568a5,MP-0079,M5012464-2,8d27dae5-8d1f-48d0-bfe1-8875d5d568a5.2,TYPE_2,22.0,1977c2c7-cd44-4e6f-a827-370cd9aad5bd,Massy Sunset Crest,"Massy Stores Supercenter, Sunset Crest",Holetown,St James,BB,,Massy,578dca79-afd1-4b04-816a-322a7067114b,873a7eb8117bd270c8f743e781ba39f1,,,,,,SYSTEM,30.29,30.29,0.00,BBD,
f7cd5f59-7cd7-43f8-a4d9-4ab58b8fcbf1,2025-10-17 09:51:39,2025-10-17 11:16:53,2025-10-17 05:51:39,2025-10-17 07:16:53,America/Barbados,85.23,0.00,36.3,34.8,25.5,03c821d6-6274-427c-937a-ad91c6bc020d,MP-025,51210097772981,03c821d6-6274-427c-937a-ad91c6bc020d.1,CCS_2,25.0,79b72a61-f5ca-433f-b824-0c7df1204859,Massy Warrens,Massy Warrens - Massy Stores Supercenter,Warrens,St. Michael,BB,,Massy,578dca79-afd1-4b04-816a-322a7067114b,a37650d10cfbec0b3a09686403b781b0,,,,,cd1a6858-23e4-44b4-86ef-6893b5e2c87d,RFID,63.52,63.52,0.00,BBD,
2177973c-13d0-4d75-8ee7-b460bd72b764,2025-10-17 12:04:49,2025-10-17 12:17:25,2025-10-17 08:04:49,2025-10-17 08:17:25,America/Barbados,12.60,0.00,2.7,30.0,14.0,03c821d6-6274-427c-937a-ad91c6bc020d,MP-025,51210097772981,03c821d6-6274-427c-937a-ad91c6bc020d.2,CHADEMO,25.0,79b72a61-f5ca-433f-b824-0c7df1204859,Massy Warrens,Massy Warrens - Massy Stores Supercenter,Warrens,St. Michael,BB,,Massy,578dca79-afd1-4b04-816a-322a7067114b,564363f1092f00b6d8b93b0dffe923e8,,,,,ff8272b9-b9c0-4e2c-a725-65cbd037a327,RFID,4.72,4.72,0.00,BBD,
d50b84e5-e328-4171-84ab-1ae13fe2a060,2025-10-17 17:37:33,2025-10-17 18:09:43,2025-10-17 13:37:33,2025-10-17 14:09:43,America/Barbados,32.17,0.00,12.7,45.0,24.3,03c821d6-6274-427c-937a-ad91c6bc020d,MP-025,51210097772981,03c821d6-6274-427c-937a-ad91c6bc020d.1,CCS_2,25.0,79b72a61-f5ca-433f-b824-0c7df1204859,Massy Warrens,Massy Warrens - Massy Stores Supercenter,Warrens,St. Michael,BB,,Massy,578dca79-afd1-4b04-816a-322a7067114b,0e411a7aae18e5bf462136072fec76ab,,,,,,SYSTEM,22.22,22.22,0.00,BBD,
f765f210-c4d3-44a8-a408-424c4bddc16d,2025-10-17 23:08:14,2025-10-18 00:07:04,2025-10-17 19:08:14,2025-10-17 20:07:04,America/Barbados,58.83,12.40,7.6,25.9,9.9,03c821d6-6274-427c-937a-ad91c6bc020d,MP-025,51210097772981,03c821d6-6274-427c-937a-ad91c6bc020d.2,CHADEMO,25.0,79b72a61-f5ca-433f-b824-0c7df1204859,Massy Warrens,Massy Warrens - Massy Stores Supercenter,Warrens,St. Michael,BB,,Massy,578dca79-afd1-4b04-816a-322a7067114b,6360466221780c16c03c3db83e82293e,,,,,b796799c-7e5e-4678-9e8e-4d02b3654c1f,RFID,13.30,13.30,0.00,BBD,
24244514-9773-4b86-8981-90c40be2f179,2025-10-18 01:17:25,2025-10-18 02:46:16,2025-10-17 21:17:25,2025-10-17 22:46:16,America/Barbados,88.85,0.00,38.8,34.8,26.2,03c821d6-6274-427c-937a-ad91c6bc020d,MP-025,51210097772981,03c821d6-6274-427c-937a-ad91c6bc020d.1,CCS_2,25.0,79b72a61-f5ca-433f-b824-0c7df1204859,Massy Warrens,Massy Warrens - Massy Stores Supercenter,Warrens,St. Michael,BB,,Massy,578dca79-afd1-4b04-816a-322a7067114b,ec996d92891b1482b0d64080e851031f,,,,,,SYSTEM,67.89,67.89,0.00,BBD,
715dbd12-cf9b-46e7-8a20-05024f87a47a,2025-10-18 11:50:22,2025-10-18 12:03:29,2025-10-18 07:50:22,2025-10-18 08:03:29,America/Barbados,13.12,0.00,2.6,17.4,12.1,03c821d6-6274-427c-937a-ad91c6bc020d,MP-025,51210097772981,03c821d6-6274-427c-937a-ad91c6bc020d.2,CHADEMO,25.0,79b72a61-f5ca-433f-b824-0c7df1204859,Massy Warrens,Massy Warrens - Massy Stores Supercenter,Warrens,St. Michael,BB,,Massy,578dca79-afd1-4b04-816a-322a7067114b,564363f1092f00b6d8b93b0dffe923e8,,,,,ff8272b9-b9c0-4e2c-a725-65cbd037a327,RFID,4.55,4.55,0.00,BBD,
7f9a8245-76a1-4b54-a671-0ad5ff5ab910,2025-10-18 13:30:47,2025-10-18 14:44:55,2025-10-18 09:30:47,2025-10-18 10:44:55,America/Barbados,74.13,0.00,32.9,29.0,26.7,03c821d6-6274-427c-937a-ad91c6bc020d,MP-025,51210097772981,03c821d6-6274-427c-937a-ad91c6bc020d.1,CCS_2,25.0,79b72a61-f5ca-433f-b824-0c7df1204859,Massy Warrens,Massy Warrens - Massy Stores Supercenter,Warrens,St. Michael,BB,,Massy,578dca79-afd1-4b04-816a-322a7067114b,b969911894065dbd56f4f8c1c8a6518c,,,,,0a79f5db-f825-4216-853a-3dfef0d81932,RFID,57.57,57.57,0.00,BBD,
45793954-dca1-41a2-bd66-f9bce125d8b3,2025-10-18 14:50:56,2025-10-18 15:13:13,2025-10-18 10:50:56,2025-10-18 11:13:13,America/Barbados,22.28,0.00,9.5,30.0,25.8,03c821d6-6274-427c-937a-ad91c6bc020d,MP-025,51210097772981,03c821d6-6274-427c-937a-ad91c6bc020d.1,CCS_2,25.0,79b72a61-f5ca-433f-b824-0c7df1204859,Massy Warrens,Massy Warrens - Massy Stores Supercenter,Warrens,St. Michael,BB,,Massy,578dca79-afd1-4b04-816a-322a7067114b,8ac0e8aa9751197f37cc59bdf0c10429,,,,,,SYSTEM,16.62,16.62,0.00,BBD,
995d1be8-50f4-4bb7-ad19-3f98be08bfc2,2025-10-18 18:32:07,2025-10-18 19:10:21,2025-10-18 14:32:07,2025-10-18 15:10:21,America/Barbados,38.23,0.00,15.1,29.0,23.8,03c821d6-6274-427c-937a-ad91c6bc020d,MP-025,51210097772981,03c821d6-6274-427c-937a-ad91c6bc020d.2,CHADEMO,25.0,79b72a61-f5ca-433f-b824-0c7df1204859,Massy Warrens,Massy Warrens - Massy Stores Supercenter,Warrens,St. Michael,BB,,Massy,578dca79-afd1-4b04-816a-322a7067114b,6db49741c7fd7da55950c2da36831943,,,,,,SYSTEM,26.42,26.42,0.00,BBD,
2fc37da9-9452-47e3-acc4-708d6950762e,2025-10-18 19:16:53,2025-10-18 19:46:30,2025-10-18 15:16:53,2025-10-18 15:46:30,America/Barbados,29.62,0.60,3.5,12.0,7.2,8d27dae5-8d1f-48d0-bfe1-8875d5d568a5,MP-0079,M5012464-2,8d27dae5-8d1f-48d0-bfe1-8875d5d568a5.2,TYPE_2,22.0,1977c2c7-cd44-4e6f-a827-370cd9aad5bd,Massy Sunset Crest,"Massy Stores Supercenter, Sunset Crest",Holetown,St James,BB,,Massy,578dca79-afd1-4b04-816a-322a7067114b,837bc53ca0944d8eb031cf0582d4f543,,,,,,SYSTEM,5.25,5.25,0.00,BBD,
80b4f4ee-dd96-4574-9c9b-f8579842f5a1,2025-10-18 23:18:30,2025-10-19 01:48:26,2025-10-18 19:18:30,2025-10-18 21:48:26,America/Barbados,149.93,1.15,60.8,29.0,24.5,03c821d6-6274-427c-937a-ad91c6bc020d,MP-025,51210097772981,03c821d6-6274-427c-937a-ad91c6bc020d.1,CCS_2,25.0,79b72a61-f5ca-433f-b824-0c7df1204859,Massy Warrens,Massy Warrens - Massy Stores Supercenter,Warrens,St. Michael,BB,,Massy,578dca79-afd1-4b04-816a-322a7067114b,2753d2cb0856487171bcd08e5f36ee5f,,,,,,SYSTEM,106.40,106.40,0.00,BBD,
0655ce76-e9d8-445b-8ec2-f72e76b1845b,2025-10-19 02:07:54,2025-10-19 02:21:13,2025-10-18 22:07:54,2025-10-18 22:21:13,America/Barbados,13.32,0.00,5.0,26.0,22.7,03c821d6-6274-427c-937a-ad91c6bc020d,MP-025,51210097772981,03c821d6-6274-427c-937a-ad91c6bc020d.2,CHADEMO,25.0,79b72a61-f5ca-433f-b824-0c7df1204859,Massy Warrens,Massy Warrens - Massy Stores Supercenter,Warrens,St. Michael,BB,,Massy,578dca79-afd1-4b04-816a-322a7067114b,85238d638918d8b6ce011cd702d78404,,,,,,SYSTEM,8.75,8.75,0.00,BBD,
c5b48095-628a-4711-a692-9b1eb6c816c6,2025-10-19 15:03:02,2025-10-19 16:01:34,2025-10-19 11:03:02,2025-10-19 12:01:34,America/Barbados,58.53,0.00,21.4,29.0,21.9,03c821d6-6274-427c-937a-ad91c6bc020d,MP-025,51210097772981,03c821d6-6274-427c-937a-ad91c6bc020d.1,CCS_2,25.0,79b72a61-f5ca-433f-b824-0c7df1204859,Massy Warrens,Massy Warrens - Massy Stores Supercenter,Warrens,St. Michael,BB,,Massy,578dca79-afd1-4b04-816a-322a7067114b,1fccf7274b09cf68b9c1e2e9b89fce01,,,,,ea4c5395-36ed-4efb-8687-cbc746140849,RFID,37.44,37.44,0.00,BBD,
d6ad839f-e643-4983-b4b1-0f58f5774db4,2025-10-19 18:15:24,2025-10-19 18:59:22,2025-10-19 14:15:24,2025-10-19 14:59:22,America/Barbados,43.97,4.13,6.2,17.4,9.4,03c821d6-6274-427c-937a-ad91c6bc020d,MP-025,51210097772981,03c821d6-6274-427c-937a-ad91c6bc020d.2,CHADEMO,25.0,79b72a61-f5ca-433f-b824-0c7df1204859,Massy Warrens,Massy Warrens - Massy Stores Supercenter,Warrens,St. Michael,BB,,Massy,578dca79-afd1-4b04-816a-322a7067114b,564363f1092f00b6d8b93b0dffe923e8,,,,,ff8272b9-b9c0-4e2c-a725-65cbd037a327,RFID,10.85,10.85,0.00,BBD,
24e87bb6-56e3-4161-b170-b89042f6c11b,2025-10-20 15:46:38,2025-10-20 17:22:58,2025-10-20 11:46:38,2025-10-20 13:22:58,America/Barbados,96.33,0.23,38.1,29.0,23.8,03c821d6-6274-427c-937a-ad91c6bc020d,MP-025,51210097772981,03c821d6-6274-427c-937a-ad91c6bc020d.1,CCS_2,25.0,79b72a61-f5ca-433f-b824-0c7df1204859,Massy Warrens,Massy Warrens - Massy Stores Supercenter,Warrens,St. Michael,BB,,Massy,578dca79-afd1-4b04-816a-322a7067114b,825e38fa3adc890a2abd717f0361b4eb,,,,,,SYSTEM,66.67,66.67,0.00,BBD,
2582907a-3795-4c8a-8629-67794b8023ef,2025-10-21 11:32:46,2025-10-21 12:35:37,2025-10-21 07:32:46,2025-10-21 08:35:37,America/Barbados,62.85,0.00,11.2,13.8,10.7,03c821d6-6274-427c-937a-ad91c6bc020d,MP-025,51210097772981,03c821d6-6274-427c-937a-ad91c6bc020d.3,TYPE_2,25.0,79b72a61-f5ca-433f-b824-0c7df1204859,Massy Warrens,Massy Warrens - Massy Stores Supercenter,Warrens,St. Michael,BB,,Massy,578dca79-afd1-4b04-816a-322a7067114b,85d06f75d51b28bdfa35b809623927f1,,,,,,SYSTEM,19.59,19.59,0.00,BBD,
6011a1f3-86e3-42c4-8c54-f9303ae74066,2025-10-22 01:15:23,2025-10-22 01:50:31,2025-10-21 21:15:23,2025-10-21 21:50:31,America/Barbados,35.13,0.00,14.8,29.0,25.3,03c821d6-6274-427c-937a-ad91c6bc020d,MP-025,51210097772981,03c821d6-6274-427c-937a-ad91c6bc020d.1,CCS_2,25.0,79b72a61-f5ca-433f-b824-0c7df1204859,Massy Warrens,Massy Warrens - Massy Stores Supercenter,Warrens,St. Michael,BB,,Massy,578dca79-afd1-4b04-816a-322a7067114b,dd4c88acde25753674e21b473fe166ef,,,,,,SYSTEM,25.90,25.90,0.00,BBD,
8fca6a8d-cde6-4113-ba2e-205e3dac6613,2025-10-22 06:11:15,2025-10-22 06:13:19,2025-10-22 02:11:15,2025-10-22 02:13:19,America/Barbados,2.07,0.00,0.8,25.8,24.5,03c821d6-6274-427c-937a-ad91c6bc020d,MP-025,51210097772981,03c821d6-6274-427c-937a-ad91c6bc020d.1,CCS_2,25.0,79b72a61-f5ca-433f-b824-0c7df1204859,Massy Warrens,Massy Warrens - Massy Stores Supercenter,Warrens,St. Michael,BB,,Massy,578dca79-afd1-4b04-816a-322a7067114b,dd4c88acde25753674e21b473fe166ef,,,,,,SYSTEM,1.40,1.40,0.00,BBD,
5fdc4d09-d704-494c-8e19-6ed3aa39395d,2025-10-22 18:05:30,2025-10-22 19:09:54,2025-10-22 14:05:30,2025-10-22 15:09:54,America/Barbados,64.40,0.00,28.4,37.5,26.4,03c821d6-6274-427c-937a-ad91c6bc020d,MP-025,51210097772981,03c821d6-6274-427c-937a-ad91c6bc020d.1,CCS_2,25.0,79b72a61-f5ca-433f-b824-0c7df1204859,Massy Warrens,Massy Warrens - Massy Stores Supercenter,Warrens,St. Michael,BB,,Massy,578dca79-afd1-4b04-816a-322a7067114b,2753d2cb0856487171bcd08e5f36ee5f,,,,,,SYSTEM,49.70,49.70,0.00,BBD,
c74559f9-3a96-49cd-8e28-0a9e13816632,2025-10-22 19:35:17,2025-10-22 19:47:31,2025-10-22 15:35:17,2025-10-22 15:47:31,America/Barbados,12.23,0.00,2.3,17.4,11.3,03c821d6-6274-427c-937a-ad91c6bc020d,MP-025,51210097772981,03c821d6-6274-427c-937a-ad91c6bc020d.2,CHADEMO,25.0,79b72a61-f5ca-433f-b824-0c7df1204859,Massy Warrens,Massy Warrens - Massy Stores Supercenter,Warrens,St. Michael,BB,,Massy,578dca79-afd1-4b04-816a-322a7067114b,564363f1092f00b6d8b93b0dffe923e8,,,,,ff8272b9-b9c0-4e2c-a725-65cbd037a327,RFID,4.02,4.02,0.00,BBD,
842d43e1-833a-4fd7-99cc-87eeaf2456e2,2025-10-22 21:56:40,2025-10-22 22:30:49,2025-10-22 17:56:40,2025-10-22 18:30:49,America/Barbados,34.15,0.07,10.9,23.2,19.2,03c821d6-6274-427c-937a-ad91c6bc020d,MP-025,51210097772981,03c821d6-6274-427c-937a-ad91c6bc020d.3,TYPE_2,25.0,79b72a61-f5ca-433f-b824-0c7df1204859,Massy Warrens,Massy Warrens - Massy Stores Supercenter,Warrens,St. Michael,BB,,Massy,578dca79-afd1-4b04-816a-322a7067114b,7dff719ebd91c7e9f968708dd904f49f,,,,,7e7e5942-cb37-4434-9d92-737fc3e53e7a,RFID,19.07,19.07,0.00,BBD,
6abc4b87-b49f-4c97-bf3c-fcb002b04ccc,2025-10-22 23:50:54,2025-10-23 00:02:24,2025-10-22 19:50:54,2025-10-22 20:02:24,America/Barbados,11.50,3.98,0.7,11.6,6.0,8d27dae5-8d1f-48d0-bfe1-8875d5d568a5,MP-0079,M5012464-2,8d27dae5-8d1f-48d0-bfe1-8875d5d568a5.1,TYPE_2,22.0,1977c2c7-cd44-4e6f-a827-370cd9aad5bd,Massy Sunset Crest,"Massy Stores Supercenter, Sunset Crest",Holetown,St James,BB,,Massy,578dca79-afd1-4b04-816a-322a7067114b,768d1282fc5a8c161355988d1098736a,,,,,,SYSTEM,1.04,1.04,0.00,BBD,
81ffacf3-a1d3-4609-acba-e752b2272f59,2025-10-22 23:22:31,2025-10-23 00:54:34,2025-10-22 19:22:31,2025-10-22 20:54:34,America/Barbados,92.05,0.10,39.2,29.0,25.6,03c821d6-6274-427c-937a-ad91c6bc020d,MP-025,51210097772981,03c821d6-6274-427c-937a-ad91c6bc020d.1,CCS_2,25.0,79b72a61-f5ca-433f-b824-0c7df1204859,Massy Warrens,Massy Warrens - Massy Stores Supercenter,Warrens,St. Michael,BB,,Massy,578dca79-afd1-4b04-816a-322a7067114b,a37650d10cfbec0b3a09686403b781b0,,,,,cd1a6858-23e4-44b4-86ef-6893b5e2c87d,RFID,68.60,68.60,0.00,BBD,
7bb06a71-dea9-4dd8-8342-8ae527875f8e,2025-10-23 00:57:45,2025-10-23 02:02:57,2025-10-22 20:57:45,2025-10-22 22:02:57,America/Barbados,65.20,0.12,27.5,34.8,25.4,03c821d6-6274-427c-937a-ad91c6bc020d,MP-025,51210097772981,03c821d6-6274-427c-937a-ad91c6bc020d.1,CCS_2,25.0,79b72a61-f5ca-433f-b824-0c7df1204859,Massy Warrens,Massy Warrens - Massy Stores Supercenter,Warrens,St. Michael,BB,,Massy,578dca79-afd1-4b04-816a-322a7067114b,5c4f49ce6ad0f9ac8a33633f7c037d8f,,,,,f23bdd84-2d5a-473e-b40e-35ccbda3e601,RFID,0.00,0.00,0.00,BBD,
dd40e774-eda9-466f-bee2-958b51053a9d,2025-10-23 14:40:18,2025-10-23 15:20:25,2025-10-23 10:40:18,2025-10-23 11:20:25,America/Barbados,40.12,0.00,17.6,42.9,26.4,03c821d6-6274-427c-937a-ad91c6bc020d,MP-025,51210097772981,03c821d6-6274-427c-937a-ad91c6bc020d.1,CCS_2,25.0,79b72a61-f5ca-433f-b824-0c7df1204859,Massy Warrens,Massy Warrens - Massy Stores Supercenter,Warrens,St. Michael,BB,,Massy,578dca79-afd1-4b04-816a-322a7067114b,d482c43108429fa5e0e115eee186bad1,,,,,,SYSTEM,30.80,30.80,0.00,BBD,
10b6c6c1-229f-434d-af14-b54e2f0637f6,2025-10-23 16:18:24,2025-10-23 17:59:37,2025-10-23 12:18:24,2025-10-23 13:59:37,America/Barbados,101.22,0.00,24.2,29.0,25.1,03c821d6-6274-427c-937a-ad91c6bc020d,MP-025,51210097772981,03c821d6-6274-427c-937a-ad91c6bc020d.1,CCS_2,25.0,79b72a61-f5ca-433f-b824-0c7df1204859,Massy Warrens,Massy Warrens - Massy Stores Supercenter,Warrens,St. Michael,BB,,Massy,578dca79-afd1-4b04-816a-322a7067114b,16dbfb519321769e0562336d69d3d0fd,,,,,89c14d08-b48c-4fa3-b0d0-a856ee62a9b4,RFID,42.35,42.35,0.00,BBD,
a2433143-ec34-462a-8cf0-0da09fe0d351,2025-10-23 17:40:26,2025-10-23 18:16:36,2025-10-23 13:40:26,2025-10-23 14:16:36,America/Barbados,36.17,0.00,4.3,11.6,7.1,03c821d6-6274-427c-937a-ad91c6bc020d,MP-025,51210097772981,03c821d6-6274-427c-937a-ad91c6bc020d.3,TYPE_2,25.0,79b72a61-f5ca-433f-b824-0c7df1204859,Massy Warrens,Massy Warrens - Massy Stores Supercenter,Warrens,St. Michael,BB,,Massy,578dca79-afd1-4b04-816a-322a7067114b,825e38fa3adc890a2abd717f0361b4eb,,,,,,SYSTEM,7.52,7.52,0.00,BBD,
e1da87c9-3c20-4620-b67f-5fceb8e3b9d7,2025-10-23 21:16:57,2025-10-23 21:53:03,2025-10-23 17:16:57,2025-10-23 17:53:03,America/Barbados,36.10,0.00,15.4,31.0,25.7,03c821d6-6274-427c-937a-ad91c6bc020d,MP-025,51210097772981,03c821d6-6274-427c-937a-ad91c6bc020d.1,CCS_2,25.0,79b72a61-f5ca-433f-b824-0c7df1204859,Massy Warrens,Massy Warrens - Massy Stores Supercenter,Warrens,St. Michael,BB,,Massy,578dca79-afd1-4b04-816a-322a7067114b,4df9c2d386f9bad2c1558ef9674edfdb,,,,,cfb2a15d-c3ab-477a-b0c5-e81228d7ae3c,RFID,26.95,26.95,0.00,BBD,
75148fcd-0657-448c-8fa4-f0b414fa01f4,2025-10-23 22:26:16,2025-10-23 23:17:23,2025-10-23 18:26:16,2025-10-23 19:17:23,America/Barbados,51.12,0.00,22.8,34.8,26.9,03c821d6-6274-427c-937a-ad91c6bc020d,MP-025,51210097772981,03c821d6-6274-427c-937a-ad91c6bc020d.1,CCS_2,25.0,79b72a61-f5ca-433f-b824-0c7df1204859,Massy Warrens,Massy Warrens - Massy Stores Supercenter,Warrens,St. Michael,BB,,Massy,578dca79-afd1-4b04-816a-322a7067114b,de496c2b0c06805735691033fa5f0366,,,,,,SYSTEM,39.90,39.90,0.00,BBD,
5068f6b5-7eec-4a71-8f58-077b497525be,2025-10-24 12:00:29,2025-10-24 12:16:24,2025-10-24 08:00:29,2025-10-24 08:16:24,America/Barbados,15.92,0.00,6.7,29.0,25.5,03c821d6-6274-427c-937a-ad91c6bc020d,MP-025,51210097772981,03c821d6-6274-427c-937a-ad91c6bc020d.1,CCS_2,25.0,79b72a61-f5ca-433f-b824-0c7df1204859,Massy Warrens,Massy Warrens - Massy Stores Supercenter,Warrens,St. Michael,BB,,Massy,578dca79-afd1-4b04-816a-322a7067114b,dd4c88acde25753674e21b473fe166ef,,,,,,SYSTEM,11.72,11.72,0.00,BBD,
712aad52-6370-422f-831e-04fce3a7c400,2025-10-24 14:26:07,2025-10-24 14:55:18,2025-10-24 10:26:07,2025-10-24 10:55:18,America/Barbados,29.18,28.17,0.0,0.0,0.0,024e77fc-3da1-4e73-930e-b76e45511419,MP-001,M5005918-7,024e77fc-3da1-4e73-930e-b76e45511419.2,TYPE_2,7.4,1977c2c7-cd44-4e6f-a827-370cd9aad5bd,Massy Sunset Crest,"Massy Stores Supercenter, Sunset Crest",Holetown,St James,BB,,Massy,578dca79-afd1-4b04-816a-322a7067114b,97de34af976653221cdfbffcabdd9722,,,,,,SYSTEM,0.00,0.00,0.00,BBD,
39ae0245-bc45-4bae-982d-d87c16c5b265,2025-10-24 19:00:02,2025-10-24 20:01:18,2025-10-24 15:00:02,2025-10-24 16:01:18,America/Barbados,61.27,0.00,27.0,29.0,26.4,03c821d6-6274-427c-937a-ad91c6bc020d,MP-025,51210097772981,03c821d6-6274-427c-937a-ad91c6bc020d.1,CCS_2,25.0,79b72a61-f5ca-433f-b824-0c7df1204859,Massy Warrens,Massy Warrens - Massy Stores Supercenter,Warrens,St. Michael,BB,,Massy,578dca79-afd1-4b04-816a-322a7067114b,2753d2cb0856487171bcd08e5f36ee5f,,,,,,SYSTEM,47.25,47.25,0.00,BBD,
9ef99366-c76d-4664-8e0a-f86bed28c8c6,2025-10-24 20:11:06,2025-10-24 21:22:23,2025-10-24 16:11:06,2025-10-24 17:22:23,America/Barbados,71.28,1.03,26.9,34.8,23.0,03c821d6-6274-427c-937a-ad91c6bc020d,MP-025,51210097772981,03c821d6-6274-427c-937a-ad91c6bc020d.1,CCS_2,25.0,79b72a61-f5ca-433f-b824-0c7df1204859,Massy Warrens,Massy Warrens - Massy Stores Supercenter,Warrens,St. Michael,BB,,Massy,578dca79-afd1-4b04-816a-322a7067114b,2753d2cb0856487171bcd08e5f36ee5f,,,,,,SYSTEM,47.07,47.07,0.00,BBD,
18177aaa-1bf9-40c6-8e0b-97dec5f543b4,2025-10-24 22:11:31,2025-10-24 22:29:04,2025-10-24 18:11:31,2025-10-24 18:29:04,America/Barbados,17.55,0.00,7.3,29.0,25.1,03c821d6-6274-427c-937a-ad91c6bc020d,MP-025,51210097772981,03c821d6-6274-427c-937a-ad91c6bc020d.1,CCS_2,25.0,79b72a61-f5ca-433f-b824-0c7df1204859,Massy Warrens,Massy Warrens - Massy Stores Supercenter,Warrens,St. Michael,BB,,Massy,578dca79-afd1-4b04-816a-322a7067114b,5911ffba106a13f8c146db3cc5fdaaf2,,,,,f4154aa6-6205-47f5-bff4-856043d935c8,RFID,12.77,12.77,0.00,BBD,
9802e7e8-6ca6-4ec5-ac91-9a8cbf375c24,2025-10-24 23:45:50,2025-10-25 00:17:40,2025-10-24 19:45:50,2025-10-24 20:17:40,America/Barbados,31.83,0.00,10.0,23.2,18.9,03c821d6-6274-427c-937a-ad91c6bc020d,MP-025,51210097772981,03c821d6-6274-427c-937a-ad91c6bc020d.3,TYPE_2,25.0,79b72a61-f5ca-433f-b824-0c7df1204859,Massy Warrens,Massy Warrens - Massy Stores Supercenter,Warrens,St. Michael,BB,,Massy,578dca79-afd1-4b04-816a-322a7067114b,7dff719ebd91c7e9f968708dd904f49f,,,,,7e7e5942-cb37-4434-9d92-737fc3e53e7a,RFID,17.50,17.50,0.00,BBD,
39dac859-8b19-46d0-9dcd-68b87a110415,2025-10-25 05:40:25,2025-10-25 06:01:59,2025-10-25 01:40:25,2025-10-25 02:01:59,America/Barbados,21.57,0.00,7.9,29.0,22.1,03c821d6-6274-427c-937a-ad91c6bc020d,MP-025,51210097772981,03c821d6-6274-427c-937a-ad91c6bc020d.2,CHADEMO,25.0,79b72a61-f5ca-433f-b824-0c7df1204859,Massy Warrens,Massy Warrens - Massy Stores Supercenter,Warrens,St. Michael,BB,,Massy,578dca79-afd1-4b04-816a-322a7067114b,91eea880ab7f2ca51fa7d2a0ebe5d341,,,,,0fe44e40-d6bc-438c-9f7b-d0e5cefe2f0b,RFID,0.00,0.00,0.00,BBD,
dccd6867-eb22-4956-919c-1018184b5dcd,2025-10-25 15:09:12,2025-10-25 16:01:59,2025-10-25 11:09:12,2025-10-25 12:01:59,America/Barbados,52.78,0.10,22.6,29.0,25.8,03c821d6-6274-427c-937a-ad91c6bc020d,MP-025,51210097772981,03c821d6-6274-427c-937a-ad91c6bc020d.1,CCS_2,25.0,79b72a61-f5ca-433f-b824-0c7df1204859,Massy Warrens,Massy Warrens - Massy Stores Supercenter,Warrens,St. Michael,BB,,Massy,578dca79-afd1-4b04-816a-322a7067114b,8ac0e8aa9751197f37cc59bdf0c10429,,,,,,SYSTEM,39.55,39.55,0.00,BBD,
e4909c34-d6ba-4e59-976c-cc82f01fe8a2,2025-10-25 18:26:41,2025-10-25 19:03:09,2025-10-25 14:26:41,2025-10-25 15:03:09,America/Barbados,36.47,2.37,7.2,29.0,12.7,03c821d6-6274-427c-937a-ad91c6bc020d,MP-025,51210097772981,03c821d6-6274-427c-937a-ad91c6bc020d.1,CCS_2,25.0,79b72a61-f5ca-433f-b824-0c7df1204859,Massy Warrens,Massy Warrens - Massy Stores Supercenter,Warrens,St. Michael,BB,,Massy,578dca79-afd1-4b04-816a-322a7067114b,821670acaae0f866cda8d5dfa641b068,,,,,005eff0e-d627-4e27-b3f9-571a69d0412d,RFID,12.60,12.60,0.00,BBD,
d6311a9d-6597-4e81-9942-75b17c0863d2,2025-10-25 19:55:33,2025-10-25 21:52:46,2025-10-25 15:55:33,2025-10-25 17:52:46,America/Barbados,117.22,0.00,52.3,29.0,26.8,03c821d6-6274-427c-937a-ad91c6bc020d,MP-025,51210097772981,03c821d6-6274-427c-937a-ad91c6bc020d.1,CCS_2,25.0,79b72a61-f5ca-433f-b824-0c7df1204859,Massy Warrens,Massy Warrens - Massy Stores Supercenter,Warrens,St. Michael,BB,,Massy,578dca79-afd1-4b04-816a-322a7067114b,de496c2b0c06805735691033fa5f0366,,,,,,SYSTEM,91.52,91.52,0.00,BBD,
f639b7fb-9587-4849-8f95-eba066b36246,2025-10-25 21:19:25,2025-10-25 22:12:06,2025-10-25 17:19:25,2025-10-25 18:12:06,America/Barbados,52.68,0.00,5.6,11.6,6.5,03c821d6-6274-427c-937a-ad91c6bc020d,MP-025,51210097772981,03c821d6-6274-427c-937a-ad91c6bc020d.3,TYPE_2,25.0,79b72a61-f5ca-433f-b824-0c7df1204859,Massy Warrens,Massy Warrens - Massy Stores Supercenter,Warrens,St. Michael,BB,,Massy,578dca79-afd1-4b04-816a-322a7067114b,342703b98517697cdc6c3d39b5d5cb61,,,,,460cbe03-4757-4f28-b8f8-bcfa1892bbe5,RFID,9.79,9.79,0.00,BBD,
27b560b7-5d8c-41b7-978c-ddcad5e543f9,2025-10-26 01:10:22,2025-10-26 01:48:35,2025-10-25 21:10:22,2025-10-25 21:48:35,America/Barbados,38.22,0.00,14.9,29.0,23.4,03c821d6-6274-427c-937a-ad91c6bc020d,MP-025,51210097772981,03c821d6-6274-427c-937a-ad91c6bc020d.2,CHADEMO,25.0,79b72a61-f5ca-433f-b824-0c7df1204859,Massy Warrens,Massy Warrens - Massy Stores Supercenter,Warrens,St. Michael,BB,,Massy,578dca79-afd1-4b04-816a-322a7067114b,6db49741c7fd7da55950c2da36831943,,,,,,SYSTEM,26.07,26.07,0.00,BBD,
37ba0b9e-3fbd-43c4-99bf-6725ae1ef0f4,2025-10-26 15:05:27,2025-10-26 15:37:04,2025-10-26 11:05:27,2025-10-26 11:37:04,America/Barbados,31.62,12.40,1.9,9.5,6.0,03c821d6-6274-427c-937a-ad91c6bc020d,MP-025,51210097772981,03c821d6-6274-427c-937a-ad91c6bc020d.3,TYPE_2,25.0,79b72a61-f5ca-433f-b824-0c7df1204859,Massy Warrens,Massy Warrens - Massy Stores Supercenter,Warrens,St. Michael,BB,,Massy,578dca79-afd1-4b04-816a-322a7067114b,cd2bba1eca5faa93049b52161905acf8,,,,,,WEB_APP,3.32,3.32,0.00,BBD,
143c2e18-03e8-418a-b346-27e9f67628db,2025-10-26 16:13:33,2025-10-26 17:09:27,2025-10-26 12:13:33,2025-10-26 13:09:27,America/Barbados,55.92,0.00,23.6,71.0,25.9,03c821d6-6274-427c-937a-ad91c6bc020d,MP-025,51210097772981,03c821d6-6274-427c-937a-ad91c6bc020d.1,CCS_2,25.0,79b72a61-f5ca-433f-b824-0c7df1204859,Massy Warrens,Massy Warrens - Massy Stores Supercenter,Warrens,St. Michael,BB,,Massy,578dca79-afd1-4b04-816a-322a7067114b,b84ed4a32378fe54f805f1301a76f157,,,,,,SYSTEM,41.30,41.30,0.00,BBD,
77e43983-c16a-4141-bb2b-4f0aa0a08922,2025-10-26 17:26:59,2025-10-26 17:27:08,2025-10-26 13:26:59,2025-10-26 13:27:08,America/Barbados,0.15,0.00,0.0,0.0,0.0,03c821d6-6274-427c-937a-ad91c6bc020d,MP-025,51210097772981,03c821d6-6274-427c-937a-ad91c6bc020d.3,TYPE_2,25.0,79b72a61-f5ca-433f-b824-0c7df1204859,Massy Warrens,Massy Warrens - Massy Stores Supercenter,Warrens,St. Michael,BB,,Massy,578dca79-afd1-4b04-816a-322a7067114b,7dff719ebd91c7e9f968708dd904f49f,,,,,,RFID,0.00,0.00,0.00,BBD,
02a0a717-09d9-4976-b74e-8e55537c3fc5,2025-10-26 17:28:46,2025-10-26 17:58:43,2025-10-26 13:28:46,2025-10-26 13:58:43,America/Barbados,29.95,0.00,10.5,23.2,21.1,03c821d6-6274-427c-937a-ad91c6bc020d,MP-025,51210097772981,03c821d6-6274-427c-937a-ad91c6bc020d.3,TYPE_2,25.0,79b72a61-f5ca-433f-b824-0c7df1204859,Massy Warrens,Massy Warrens - Massy Stores Supercenter,Warrens,St. Michael,BB,,Massy,578dca79-afd1-4b04-816a-322a7067114b,7dff719ebd91c7e9f968708dd904f49f,,,,,7e7e5942-cb37-4434-9d92-737fc3e53e7a,RFID,18.37,18.37,0.00,BBD,
dec1ec8a-210d-4b13-a5cb-38352ec01ad9,2025-10-26 18:47:05,2025-10-26 20:29:10,2025-10-26 14:47:05,2025-10-26 16:29:10,America/Barbados,102.08,0.00,43.9,29.0,25.8,03c821d6-6274-427c-937a-ad91c6bc020d,MP-025,51210097772981,03c821d6-6274-427c-937a-ad91c6bc020d.1,CCS_2,25.0,79b72a61-f5ca-433f-b824-0c7df1204859,Massy Warrens,Massy Warrens - Massy Stores Supercenter,Warrens,St. Michael,BB,,Massy,578dca79-afd1-4b04-816a-322a7067114b,8ac0e8aa9751197f37cc59bdf0c10429,,,,,,SYSTEM,76.82,76.82,0.00,BBD,
66d95cd6-ff57-496a-a1fb-7ee7548c1e17,2025-10-27 12:26:12,2025-10-27 12:45:00,2025-10-27 08:26:12,2025-10-27 08:45:00,America/Barbados,18.80,0.00,7.1,27.7,23.0,03c821d6-6274-427c-937a-ad91c6bc020d,MP-025,51210097772981,03c821d6-6274-427c-937a-ad91c6bc020d.2,CHADEMO,25.0,79b72a61-f5ca-433f-b824-0c7df1204859,Massy Warrens,Massy Warrens - Massy Stores Supercenter,Warrens,St. Michael,BB,,Massy,578dca79-afd1-4b04-816a-322a7067114b,85238d638918d8b6ce011cd702d78404,,,,,,SYSTEM,12.42,12.42,0.00,BBD,
d1acedef-097a-43a7-bcd0-4dfacf9a493d,2025-10-27 23:27:45,2025-10-27 23:58:11,2025-10-27 19:27:45,2025-10-27 19:58:11,America/Barbados,30.43,0.47,9.8,23.2,19.7,03c821d6-6274-427c-937a-ad91c6bc020d,MP-025,51210097772981,03c821d6-6274-427c-937a-ad91c6bc020d.3,TYPE_2,25.0,79b72a61-f5ca-433f-b824-0c7df1204859,Massy Warrens,Massy Warrens - Massy Stores Supercenter,Warrens,St. Michael,BB,,Massy,578dca79-afd1-4b04-816a-322a7067114b,7dff719ebd91c7e9f968708dd904f49f,,,,,7e7e5942-cb37-4434-9d92-737fc3e53e7a,RFID,17.15,17.15,0.00,BBD,
4e63ac12-4e96-41f9-b8e6-553a7df871f7,2025-10-27 22:32:28,2025-10-28 01:21:46,2025-10-27 18:32:28,2025-10-27 21:21:46,America/Barbados,169.30,0.23,18.3,12.0,6.5,8d27dae5-8d1f-48d0-bfe1-8875d5d568a5,MP-0079,M5012464-2,8d27dae5-8d1f-48d0-bfe1-8875d5d568a5.2,TYPE_2,22.0,1977c2c7-cd44-4e6f-a827-370cd9aad5bd,Massy Sunset Crest,"Massy Stores Supercenter, Sunset Crest",Holetown,St James,BB,,Massy,578dca79-afd1-4b04-816a-322a7067114b,f3ff5f81b006bbba395c21932fd22620,,,,,98a75c81-51a2-4442-bc22-c8a915a0ed15,RFID,27.45,27.45,0.00,BBD,
a842a5b5-f3af-4f49-9764-ef5ad4366b96,2025-10-28 00:57:21,2025-10-28 02:47:06,2025-10-27 20:57:21,2025-10-27 22:47:06,America/Barbados,109.75,1.25,40.6,34.8,22.5,03c821d6-6274-427c-937a-ad91c6bc020d,MP-025,51210097772981,03c821d6-6274-427c-937a-ad91c6bc020d.1,CCS_2,25.0,79b72a61-f5ca-433f-b824-0c7df1204859,Massy Warrens,Massy Warrens - Massy Stores Supercenter,Warrens,St. Michael,BB,,Massy,578dca79-afd1-4b04-816a-322a7067114b,646e6f6a3dc9b3baf56730afeab800ea,,,,,,SYSTEM,71.05,71.05,0.00,BBD,
f889a12f-00e3-43b4-9850-7bc8fdd48493,2025-10-28 13:18:08,2025-10-28 13:20:12,2025-10-28 09:18:08,2025-10-28 09:20:12,America/Barbados,2.07,0.00,0.4,13.0,12.3,03c821d6-6274-427c-937a-ad91c6bc020d,MP-025,51210097772981,03c821d6-6274-427c-937a-ad91c6bc020d.2,CHADEMO,25.0,79b72a61-f5ca-433f-b824-0c7df1204859,Massy Warrens,Massy Warrens - Massy Stores Supercenter,Warrens,St. Michael,BB,,Massy,578dca79-afd1-4b04-816a-322a7067114b,564363f1092f00b6d8b93b0dffe923e8,,,,,ff8272b9-b9c0-4e2c-a725-65cbd037a327,RFID,0.70,0.70,0.00,BBD,
3940c50d-3ac6-4e1f-b493-369dcfded2e0,2025-10-28 17:00:14,2025-10-28 18:27:32,2025-10-28 13:00:14,2025-10-28 14:27:32,America/Barbados,87.30,0.00,34.3,29.1,23.5,03c821d6-6274-427c-937a-ad91c6bc020d,MP-025,51210097772981,03c821d6-6274-427c-937a-ad91c6bc020d.1,CCS_2,25.0,79b72a61-f5ca-433f-b824-0c7df1204859,Massy Warrens,Massy Warrens - Massy Stores Supercenter,Warrens,St. Michael,BB,,Massy,578dca79-afd1-4b04-816a-322a7067114b,825e38fa3adc890a2abd717f0361b4eb,,,,,,SYSTEM,60.02,60.02,0.00,BBD,
abcc1a0e-cdb0-47ce-9b72-b2f99f6ca383,2025-10-28 18:30:34,2025-10-28 19:02:23,2025-10-28 14:30:34,2025-10-28 15:02:23,America/Barbados,31.82,0.00,12.4,29.0,23.5,03c821d6-6274-427c-937a-ad91c6bc020d,MP-025,51210097772981,03c821d6-6274-427c-937a-ad91c6bc020d.1,CCS_2,25.0,79b72a61-f5ca-433f-b824-0c7df1204859,Massy Warrens,Massy Warrens - Massy Stores Supercenter,Warrens,St. Michael,BB,,Massy,578dca79-afd1-4b04-816a-322a7067114b,c2df43870bd22ec6401f02bfaa6a934b,,,,,bf95b7b2-b725-4f11-8aee-5c882f16d07e,RFID,0.00,0.00,0.00,BBD,
4ad041dd-4906-49c9-a333-9952704e595c,2025-10-28 19:05:39,2025-10-28 19:36:10,2025-10-28 15:05:39,2025-10-28 15:36:10,America/Barbados,30.52,0.00,8.5,26.3,16.7,03c821d6-6274-427c-937a-ad91c6bc020d,MP-025,51210097772981,03c821d6-6274-427c-937a-ad91c6bc020d.2,CHADEMO,25.0,79b72a61-f5ca-433f-b824-0c7df1204859,Massy Warrens,Massy Warrens - Massy Stores Supercenter,Warrens,St. Michael,BB,,Massy,578dca79-afd1-4b04-816a-322a7067114b,85238d638918d8b6ce011cd702d78404,,,,,,SYSTEM,14.87,14.87,0.00,BBD,
cbf22091-30f2-4657-bb82-af4015972d82,2025-10-28 20:14:11,2025-10-28 21:49:40,2025-10-28 16:14:11,2025-10-28 17:49:40,America/Barbados,95.48,0.00,40.7,29.7,25.6,03c821d6-6274-427c-937a-ad91c6bc020d,MP-025,51210097772981,03c821d6-6274-427c-937a-ad91c6bc020d.1,CCS_2,25.0,79b72a61-f5ca-433f-b824-0c7df1204859,Massy Warrens,Massy Warrens - Massy Stores Supercenter,Warrens,St. Michael,BB,,Massy,578dca79-afd1-4b04-816a-322a7067114b,a37650d10cfbec0b3a09686403b781b0,,,,,cd1a6858-23e4-44b4-86ef-6893b5e2c87d,RFID,71.22,71.22,0.00,BBD,
e9dce8a4-6d61-4077-b30c-96e8646b22b3,2025-10-28 22:17:54,2025-10-28 23:35:29,2025-10-28 18:17:54,2025-10-28 19:35:29,America/Barbados,77.58,0.08,32.9,29.0,25.5,03c821d6-6274-427c-937a-ad91c6bc020d,MP-025,51210097772981,03c821d6-6274-427c-937a-ad91c6bc020d.1,CCS_2,25.0,79b72a61-f5ca-433f-b824-0c7df1204859,Massy Warrens,Massy Warrens - Massy Stores Supercenter,Warrens,St. Michael,BB,,Massy,578dca79-afd1-4b04-816a-322a7067114b,dd4c88acde25753674e21b473fe166ef,,,,,,SYSTEM,57.57,57.57,0.00,BBD,
da62e8ce-152d-468f-9590-9f8f4d7e1355,2025-10-28 23:32:23,2025-10-29 00:01:51,2025-10-28 19:32:23,2025-10-28 20:01:51,America/Barbados,29.47,1.45,3.3,12.0,7.4,8d27dae5-8d1f-48d0-bfe1-8875d5d568a5,MP-0079,M5012464-2,8d27dae5-8d1f-48d0-bfe1-8875d5d568a5.1,TYPE_2,22.0,1977c2c7-cd44-4e6f-a827-370cd9aad5bd,Massy Sunset Crest,"Massy Stores Supercenter, Sunset Crest",Holetown,St James,BB,,Massy,578dca79-afd1-4b04-816a-322a7067114b,94341940e1fa01df47e40ec893cbaf5d,,,,,d7aff9e5-6a68-460e-9892-2c18732d5b53,RFID,4.94,4.94,0.00,BBD,
b524d812-624d-4b04-8a84-34ea9b2a2c1f,2025-10-29 01:11:44,2025-10-29 01:13:24,2025-10-28 21:11:44,2025-10-28 21:13:24,America/Barbados,1.67,0.00,0.6,26.0,22.5,03c821d6-6274-427c-937a-ad91c6bc020d,MP-025,51210097772981,03c821d6-6274-427c-937a-ad91c6bc020d.1,CCS_2,25.0,79b72a61-f5ca-433f-b824-0c7df1204859,Massy Warrens,Massy Warrens - Massy Stores Supercenter,Warrens,St. Michael,BB,,Massy,578dca79-afd1-4b04-816a-322a7067114b,aa1332086ef3bc74ede207bdd6956748,,,,,,SYSTEM,1.05,1.05,0.00,BBD,
a184f426-1535-4b56-b22b-ea7aaa1bd7d3,2025-10-29 01:14:44,2025-10-29 01:30:53,2025-10-28 21:14:44,2025-10-28 21:30:53,America/Barbados,16.15,0.00,7.0,36.9,26.4,03c821d6-6274-427c-937a-ad91c6bc020d,MP-025,51210097772981,03c821d6-6274-427c-937a-ad91c6bc020d.1,CCS_2,25.0,79b72a61-f5ca-433f-b824-0c7df1204859,Massy Warrens,Massy Warrens - Massy Stores Supercenter,Warrens,St. Michael,BB,,Massy,578dca79-afd1-4b04-816a-322a7067114b,aa1332086ef3bc74ede207bdd6956748,,,,,,SYSTEM,12.25,12.25,0.00,BBD,
efaa679d-8b3b-4563-83c3-ab0b7ea4f03a,2025-10-29 14:08:07,2025-10-29 14:09:01,2025-10-29 10:08:07,2025-10-29 10:09:01,America/Barbados,0.90,0.00,0.1,7.5,7.5,03c821d6-6274-427c-937a-ad91c6bc020d,MP-025,51210097772981,03c821d6-6274-427c-937a-ad91c6bc020d.3,TYPE_2,25.0,79b72a61-f5ca-433f-b824-0c7df1204859,Massy Warrens,Massy Warrens - Massy Stores Supercenter,Warrens,St. Michael,BB,,Massy,578dca79-afd1-4b04-816a-322a7067114b,85d06f75d51b28bdfa35b809623927f1,,,,,,SYSTEM,0.17,0.17,0.00,BBD,
cc904ae4-6b4b-4d8c-9337-65fab4810056,2025-10-29 14:11:33,2025-10-29 15:08:53,2025-10-29 10:11:33,2025-10-29 11:08:53,America/Barbados,57.33,0.52,10.1,13.2,10.7,03c821d6-6274-427c-937a-ad91c6bc020d,MP-025,51210097772981,03c821d6-6274-427c-937a-ad91c6bc020d.3,TYPE_2,25.0,79b72a61-f5ca-433f-b824-0c7df1204859,Massy Warrens,Massy Warrens - Massy Stores Supercenter,Warrens,St. Michael,BB,,Massy,578dca79-afd1-4b04-816a-322a7067114b,85d06f75d51b28bdfa35b809623927f1,,,,,,SYSTEM,17.67,17.67,0.00,BBD,
d3928716-3152-4f70-af7a-1546d5d6987b,2025-10-29 15:24:31,2025-10-29 15:47:49,2025-10-29 11:24:31,2025-10-29 11:47:49,America/Barbados,23.30,0.00,10.1,34.8,26.2,03c821d6-6274-427c-937a-ad91c6bc020d,MP-025,51210097772981,03c821d6-6274-427c-937a-ad91c6bc020d.1,CCS_2,25.0,79b72a61-f5ca-433f-b824-0c7df1204859,Massy Warrens,Massy Warrens - Massy Stores Supercenter,Warrens,St. Michael,BB,,Massy,578dca79-afd1-4b04-816a-322a7067114b,9f3e3397fbfc51ade33570e9eee0fd78,,,,,,SYSTEM,17.67,17.67,0.00,BBD,
981aec1f-88c4-4bbe-ade6-7cd769fc3c19,2025-10-29 18:49:01,2025-10-29 19:20:34,2025-10-29 14:49:01,2025-10-29 15:20:34,America/Barbados,31.55,0.00,13.6,29.0,25.9,03c821d6-6274-427c-937a-ad91c6bc020d,MP-025,51210097772981,03c821d6-6274-427c-937a-ad91c6bc020d.1,CCS_2,25.0,79b72a61-f5ca-433f-b824-0c7df1204859,Massy Warrens,Massy Warrens - Massy Stores Supercenter,Warrens,St. Michael,BB,,Massy,578dca79-afd1-4b04-816a-322a7067114b,646e6f6a3dc9b3baf56730afeab800ea,,,,,,SYSTEM,23.80,23.80,0.00,BBD,
929fb9ab-9164-45be-9d83-13e5dcba6bac,2025-10-29 19:11:34,2025-10-29 19:41:58,2025-10-29 15:11:34,2025-10-29 15:41:58,America/Barbados,30.40,0.00,3.4,13.8,6.9,03c821d6-6274-427c-937a-ad91c6bc020d,MP-025,51210097772981,03c821d6-6274-427c-937a-ad91c6bc020d.3,TYPE_2,25.0,79b72a61-f5ca-433f-b824-0c7df1204859,Massy Warrens,Massy Warrens - Massy Stores Supercenter,Warrens,St. Michael,BB,,Massy,578dca79-afd1-4b04-816a-322a7067114b,564363f1092f00b6d8b93b0dffe923e8,,,,,ff8272b9-b9c0-4e2c-a725-65cbd037a327,RFID,5.95,5.95,0.00,BBD,
4f60a194-e88f-4f6c-8441-1d0408639dda,2025-10-29 20:47:01,2025-10-29 21:22:08,2025-10-29 16:47:01,2025-10-29 17:22:08,America/Barbados,35.12,0.00,15.5,29.0,26.6,03c821d6-6274-427c-937a-ad91c6bc020d,MP-025,51210097772981,03c821d6-6274-427c-937a-ad91c6bc020d.1,CCS_2,25.0,79b72a61-f5ca-433f-b824-0c7df1204859,Massy Warrens,Massy Warrens - Massy Stores Supercenter,Warrens,St. Michael,BB,,Massy,578dca79-afd1-4b04-816a-322a7067114b,53c3e7f13adc18ac7473c99ec64d56c5,,,,,5b11676b-0383-4ad8-a16f-6da4cd89f3e3,RFID,27.12,27.12,0.00,BBD,
7f6f5b26-1b7e-4091-82eb-18e225538027,2025-10-29 21:40:24,2025-10-29 22:48:57,2025-10-29 17:40:24,2025-10-29 18:48:57,America/Barbados,68.55,1.03,32.5,327.6,27.0,03c821d6-6274-427c-937a-ad91c6bc020d,MP-025,51210097772981,03c821d6-6274-427c-937a-ad91c6bc020d.1,CCS_2,25.0,79b72a61-f5ca-433f-b824-0c7df1204859,Massy Warrens,Massy Warrens - Massy Stores Supercenter,Warrens,St. Michael,BB,,Massy,578dca79-afd1-4b04-816a-322a7067114b,646e6f6a3dc9b3baf56730afeab800ea,,,,,,SYSTEM,56.87,56.87,0.00,BBD,
9f90645f-f4cf-4ff6-9cc1-2e453d392b39,2025-10-29 23:36:56,2025-10-30 00:09:36,2025-10-29 19:36:56,2025-10-29 20:09:36,America/Barbados,32.67,0.65,10.1,23.2,19.0,03c821d6-6274-427c-937a-ad91c6bc020d,MP-025,51210097772981,03c821d6-6274-427c-937a-ad91c6bc020d.3,TYPE_2,25.0,79b72a61-f5ca-433f-b824-0c7df1204859,Massy Warrens,Massy Warrens - Massy Stores Supercenter,Warrens,St. Michael,BB,,Massy,578dca79-afd1-4b04-816a-322a7067114b,7dff719ebd91c7e9f968708dd904f49f,,,,,7e7e5942-cb37-4434-9d92-737fc3e53e7a,RFID,17.67,17.67,0.00,BBD,
c1a4277c-8d88-4c55-9baa-72056702d987,2025-10-30 00:31:10,2025-10-30 02:17:59,2025-10-29 20:31:10,2025-10-29 22:17:59,America/Barbados,106.82,1.03,41.3,29.0,23.4,03c821d6-6274-427c-937a-ad91c6bc020d,MP-025,51210097772981,03c821d6-6274-427c-937a-ad91c6bc020d.1,CCS_2,25.0,79b72a61-f5ca-433f-b824-0c7df1204859,Massy Warrens,Massy Warrens - Massy Stores Supercenter,Warrens,St. Michael,BB,,Massy,578dca79-afd1-4b04-816a-322a7067114b,646e6f6a3dc9b3baf56730afeab800ea,,,,,,SYSTEM,72.27,72.27,0.00,BBD,
86998d77-da6d-4ef0-86a1-197adbfa25a6,2025-10-30 22:10:52,2025-10-30 23:35:29,2025-10-30 18:10:52,2025-10-30 19:35:29,America/Barbados,84.62,0.00,33.3,29.0,23.6,03c821d6-6274-427c-937a-ad91c6bc020d,MP-025,51210097772981,03c821d6-6274-427c-937a-ad91c6bc020d.1,CCS_2,25.0,79b72a61-f5ca-433f-b824-0c7df1204859,Massy Warrens,Massy Warrens - Massy Stores Supercenter,Warrens,St. Michael,BB,,Massy,578dca79-afd1-4b04-816a-322a7067114b,5911ffba106a13f8c146db3cc5fdaaf2,,,,,f4154aa6-6205-47f5-bff4-856043d935c8,RFID,58.27,58.27,0.00,BBD,
330a508a-816d-4917-b9c2-fb0487ea792e,2025-10-30 23:40:11,2025-10-31 00:02:17,2025-10-30 19:40:11,2025-10-30 20:02:17,America/Barbados,22.10,0.00,4.0,17.4,11.0,03c821d6-6274-427c-937a-ad91c6bc020d,MP-025,51210097772981,03c821d6-6274-427c-937a-ad91c6bc020d.2,CHADEMO,25.0,79b72a61-f5ca-433f-b824-0c7df1204859,Massy Warrens,Massy Warrens - Massy Stores Supercenter,Warrens,St. Michael,BB,,Massy,578dca79-afd1-4b04-816a-322a7067114b,564363f1092f00b6d8b93b0dffe923e8,,,,,ff8272b9-b9c0-4e2c-a725-65cbd037a327,RFID,7.00,7.00,0.00,BBD,
f3270d02-c818-4527-acbb-79d6051cbde6,2025-10-31 12:53:42,2025-10-31 14:13:05,2025-10-31 08:53:42,2025-10-31 10:13:05,America/Barbados,79.38,0.00,34.7,34.8,26.2,03c821d6-6274-427c-937a-ad91c6bc020d,MP-025,51210097772981,03c821d6-6274-427c-937a-ad91c6bc020d.1,CCS_2,25.0,79b72a61-f5ca-433f-b824-0c7df1204859,Massy Warrens,Massy Warrens - Massy Stores Supercenter,Warrens,St. Michael,BB,,Massy,578dca79-afd1-4b04-816a-322a7067114b,9a95e7bcd93ecb64c6fb80885099b6fe,,,,,,SYSTEM,60.72,60.72,0.00,BBD,
f897a9d2-bcfb-4359-a40e-b5a3363e08ad,2025-10-31 20:21:44,2025-10-31 20:34:46,2025-10-31 16:21:44,2025-10-31 16:34:46,America/Barbados,13.03,0.00,5.7,34.8,26.2,03c821d6-6274-427c-937a-ad91c6bc020d,MP-025,51210097772981,03c821d6-6274-427c-937a-ad91c6bc020d.1,CCS_2,25.0,79b72a61-f5ca-433f-b824-0c7df1204859,Massy Warrens,Massy Warrens - Massy Stores Supercenter,Warrens,St. Michael,BB,,Massy,578dca79-afd1-4b04-816a-322a7067114b,332d0956348a88543cefc940a7442930,,,,,5c36ba5f-40c5-424b-9c4b-968de883bbe0,RFID,9.97,9.97,0.00,BBD,
02de4da6-a7c4-4c9c-9e09-2c2f993f00ec,2025-10-31 21:13:48,2025-10-31 21:55:42,2025-10-31 17:13:48,2025-10-31 17:55:42,America/Barbados,41.90,0.00,17.6,29.0,25.2,03c821d6-6274-427c-937a-ad91c6bc020d,MP-025,51210097772981,03c821d6-6274-427c-937a-ad91c6bc020d.1,CCS_2,25.0,79b72a61-f5ca-433f-b824-0c7df1204859,Massy Warrens,Massy Warrens - Massy Stores Supercenter,Warrens,St. Michael,BB,,Massy,578dca79-afd1-4b04-816a-322a7067114b,dd4c88acde25753674e21b473fe166ef,,,,,,SYSTEM,30.80,30.80,0.00,BBD,
eb2abcaf-692a-43e8-8760-189158d7bc71,2025-10-31 23:47:54,2025-10-31 23:54:28,2025-10-31 19:47:54,2025-10-31 19:54:28,America/Barbados,6.57,2.55,0.4,6.0,6.0,8d27dae5-8d1f-48d0-bfe1-8875d5d568a5,MP-0079,M5012464-2,8d27dae5-8d1f-48d0-bfe1-8875d5d568a5.1,TYPE_2,22.0,1977c2c7-cd44-4e6f-a827-370cd9aad5bd,Massy Sunset Crest,"Massy Stores Supercenter, Sunset Crest",Holetown,St James,BB,,Massy,578dca79-afd1-4b04-816a-322a7067114b,768d1282fc5a8c161355988d1098736a,,,,,,SYSTEM,0.60,0.60,0.00,BBD,
78863c5a-de05-4243-93bd-acee47feac1c,2025-11-01 04:22:29,2025-11-01 05:02:37,2025-11-01 00:22:29,2025-11-01 01:02:37,America/Barbados,40.13,0.00,17.0,34.0,25.5,03c821d6-6274-427c-937a-ad91c6bc020d,MP-025,51210097772981,03c821d6-6274-427c-937a-ad91c6bc020d.1,CCS_2,25.0,79b72a61-f5ca-433f-b824-0c7df1204859,Massy Warrens,Massy Warrens - Massy Stores Supercenter,Warrens,St. Michael,BB,,Massy,578dca79-afd1-4b04-816a-322a7067114b,c9f39b141441317dae066dcffaff1e69,,,,,,SYSTEM,29.75,29.75,0.00,BBD,
6fbf3309-4b15-4b57-94a0-14210efd1c26,2025-11-01 08:14:35,2025-11-01 09:05:48,2025-11-01 04:14:35,2025-11-01 05:05:48,America/Barbados,51.22,0.00,17.1,29.0,20.0,03c821d6-6274-427c-937a-ad91c6bc020d,MP-025,51210097772981,03c821d6-6274-427c-937a-ad91c6bc020d.1,CCS_2,25.0,79b72a61-f5ca-433f-b824-0c7df1204859,Massy Warrens,Massy Warrens - Massy Stores Supercenter,Warrens,St. Michael,BB,,Massy,578dca79-afd1-4b04-816a-322a7067114b,dd4c88acde25753674e21b473fe166ef,,,,,,SYSTEM,29.92,29.92,0.00,BBD,
cdcbcc04-9e82-4ac3-9eff-036ca4b2c6f6,2025-11-01 12:20:16,2025-11-01 12:33:50,2025-11-01 08:20:16,2025-11-01 08:33:50,America/Barbados,13.57,0.15,2.8,19.7,12.7,03c821d6-6274-427c-937a-ad91c6bc020d,MP-025,51210097772981,03c821d6-6274-427c-937a-ad91c6bc020d.2,CHADEMO,25.0,79b72a61-f5ca-433f-b824-0c7df1204859,Massy Warrens,Massy Warrens - Massy Stores Supercenter,Warrens,St. Michael,BB,,Massy,578dca79-afd1-4b04-816a-322a7067114b,564363f1092f00b6d8b93b0dffe923e8,,,,,ff8272b9-b9c0-4e2c-a725-65cbd037a327,RFID,4.89,4.89,0.00,BBD,
107d7870-b1c9-462e-8cd1-175e4c8f9599,2025-11-01 14:19:05,2025-11-01 15:10:31,2025-11-01 10:19:05,2025-11-01 11:10:31,America/Barbados,51.43,0.00,22.7,37.1,26.3,03c821d6-6274-427c-937a-ad91c6bc020d,MP-025,51210097772981,03c821d6-6274-427c-937a-ad91c6bc020d.3,TYPE_2,25.0,79b72a61-f5ca-433f-b824-0c7df1204859,Massy Warrens,Massy Warrens - Massy Stores Supercenter,Warrens,St. Michael,BB,,Massy,578dca79-afd1-4b04-816a-322a7067114b,28cbc58e3e3cfcae8558b396403657c5,,,,,,SYSTEM,39.72,39.72,0.00,BBD,
0da9edd7-93e8-4753-8762-5a5071b04f69,2025-11-01 15:48:50,2025-11-01 16:18:43,2025-11-01 11:48:50,2025-11-01 12:18:43,America/Barbados,29.88,0.00,12.6,29.0,25.4,03c821d6-6274-427c-937a-ad91c6bc020d,MP-025,51210097772981,03c821d6-6274-427c-937a-ad91c6bc020d.1,CCS_2,25.0,79b72a61-f5ca-433f-b824-0c7df1204859,Massy Warrens,Massy Warrens - Massy Stores Supercenter,Warrens,St. Michael,BB,,Massy,578dca79-afd1-4b04-816a-322a7067114b,23a3c2007f599ce0b7cf82e9a2083093,,,,,7923c0f8-92fa-4e2c-9df7-f15905033617,RFID,22.05,22.05,0.00,BBD,
dc91af5a-c3d0-41cf-97de-d1c28ef64847,2025-11-01 16:29:51,2025-11-01 17:06:01,2025-11-01 12:29:51,2025-11-01 13:06:01,America/Barbados,36.17,5.17,4.9,19.3,9.5,03c821d6-6274-427c-937a-ad91c6bc020d,MP-025,51210097772981,03c821d6-6274-427c-937a-ad91c6bc020d.2,CHADEMO,25.0,79b72a61-f5ca-433f-b824-0c7df1204859,Massy Warrens,Massy Warrens - Massy Stores Supercenter,Warrens,St. Michael,BB,,Massy,578dca79-afd1-4b04-816a-322a7067114b,564363f1092f00b6d8b93b0dffe923e8,,,,,ff8272b9-b9c0-4e2c-a725-65cbd037a327,RFID,8.57,8.57,0.00,BBD,
86542599-4131-4e43-949c-9303f61212cd,2025-11-01 21:32:19,2025-11-01 22:27:40,2025-11-01 17:32:19,2025-11-01 18:27:40,America/Barbados,55.35,0.00,23.0,29.0,24.9,03c821d6-6274-427c-937a-ad91c6bc020d,MP-025,51210097772981,03c821d6-6274-427c-937a-ad91c6bc020d.1,CCS_2,25.0,79b72a61-f5ca-433f-b824-0c7df1204859,Massy Warrens,Massy Warrens - Massy Stores Supercenter,Warrens,St. Michael,BB,,Massy,578dca79-afd1-4b04-816a-322a7067114b,5c4f49ce6ad0f9ac8a33633f7c037d8f,,,,,f23bdd84-2d5a-473e-b40e-35ccbda3e601,RFID,0.00,0.00,0.00,BBD,
e85f970c-e394-41b5-aa34-5e659a48b202,2025-11-02 02:00:15,2025-11-02 02:36:08,2025-11-01 22:00:15,2025-11-01 22:36:08,America/Barbados,35.88,5.93,4.4,19.5,8.9,03c821d6-6274-427c-937a-ad91c6bc020d,MP-025,51210097772981,03c821d6-6274-427c-937a-ad91c6bc020d.2,CHADEMO,25.0,79b72a61-f5ca-433f-b824-0c7df1204859,Massy Warrens,Massy Warrens - Massy Stores Supercenter,Warrens,St. Michael,BB,,Massy,578dca79-afd1-4b04-816a-322a7067114b,75b3d6285f999674807ed18dfccf9f69,,,,,,SYSTEM,7.70,7.70,0.00,BBD,
88842154-38be-433c-bab0-b529a475ae85,2025-11-02 11:14:42,2025-11-02 12:16:19,2025-11-02 07:14:42,2025-11-02 08:16:19,America/Barbados,61.62,0.00,27.5,62.6,27.3,03c821d6-6274-427c-937a-ad91c6bc020d,MP-025,51210097772981,03c821d6-6274-427c-937a-ad91c6bc020d.1,CCS_2,25.0,79b72a61-f5ca-433f-b824-0c7df1204859,Massy Warrens,Massy Warrens - Massy Stores Supercenter,Warrens,St. Michael,BB,,Massy,578dca79-afd1-4b04-816a-322a7067114b,35b6f6f99ae2087ef24aff4869dea359,,,,,9210ee0a-d99f-4855-9c03-cdf9ee6fab7d,RFID,48.12,48.12,0.00,BBD,
796d65e3-0e66-4393-81e2-795ec722ca18,2025-11-02 12:32:28,2025-11-02 12:35:27,2025-11-02 08:32:28,2025-11-02 08:35:27,America/Barbados,2.98,0.00,2.3,83.4,45.1,03c821d6-6274-427c-937a-ad91c6bc020d,MP-025,51210097772981,03c821d6-6274-427c-937a-ad91c6bc020d.1,CCS_2,25.0,79b72a61-f5ca-433f-b824-0c7df1204859,Massy Warrens,Massy Warrens - Massy Stores Supercenter,Warrens,St. Michael,BB,,Massy,578dca79-afd1-4b04-816a-322a7067114b,32cd90be41bddf0300d33a13368dcdb7,,,,,,SYSTEM,4.02,4.02,0.00,BBD,
0f3f00b6-609c-42be-a230-2468856efe66,2025-11-02 12:36:35,2025-11-02 12:38:02,2025-11-02 08:36:35,2025-11-02 08:38:02,America/Barbados,1.45,0.43,0.1,6.2,6.2,03c821d6-6274-427c-937a-ad91c6bc020d,MP-025,51210097772981,03c821d6-6274-427c-937a-ad91c6bc020d.3,TYPE_2,25.0,79b72a61-f5ca-433f-b824-0c7df1204859,Massy Warrens,Massy Warrens - Massy Stores Supercenter,Warrens,St. Michael,BB,,Massy,578dca79-afd1-4b04-816a-322a7067114b,35b6f6f99ae2087ef24aff4869dea359,,,,,9210ee0a-d99f-4855-9c03-cdf9ee6fab7d,RFID,0.17,0.17,0.00,BBD,
98a8a8ef-a9d3-4645-854c-951877b86d86,2025-11-02 12:41:35,2025-11-02 13:06:53,2025-11-02 08:41:35,2025-11-02 09:06:53,America/Barbados,25.30,0.00,11.2,29.0,26.6,03c821d6-6274-427c-937a-ad91c6bc020d,MP-025,51210097772981,03c821d6-6274-427c-937a-ad91c6bc020d.1,CCS_2,25.0,79b72a61-f5ca-433f-b824-0c7df1204859,Massy Warrens,Massy Warrens - Massy Stores Supercenter,Warrens,St. Michael,BB,,Massy,578dca79-afd1-4b04-816a-322a7067114b,35b6f6f99ae2087ef24aff4869dea359,,,,,9210ee0a-d99f-4855-9c03-cdf9ee6fab7d,RFID,19.59,19.59,0.00,BBD,
6dcda3c1-078c-4c5c-ae38-0805b2702006,2025-11-02 12:43:03,2025-11-02 14:44:58,2025-11-02 08:43:03,2025-11-02 10:44:58,America/Barbados,121.92,0.00,14.3,11.6,7.1,03c821d6-6274-427c-937a-ad91c6bc020d,MP-025,51210097772981,03c821d6-6274-427c-937a-ad91c6bc020d.3,TYPE_2,25.0,79b72a61-f5ca-433f-b824-0c7df1204859,Massy Warrens,Massy Warrens - Massy Stores Supercenter,Warrens,St. Michael,BB,,Massy,578dca79-afd1-4b04-816a-322a7067114b,32cd90be41bddf0300d33a13368dcdb7,,,,,,SYSTEM,25.02,25.02,0.00,BBD,
c4e00be2-a3a9-4b04-8d21-17fa3643d997,2025-11-02 16:08:08,2025-11-02 16:55:38,2025-11-02 12:08:08,2025-11-02 12:55:38,America/Barbados,47.50,13.42,4.8,19.9,8.5,03c821d6-6274-427c-937a-ad91c6bc020d,MP-025,51210097772981,03c821d6-6274-427c-937a-ad91c6bc020d.2,CHADEMO,25.0,79b72a61-f5ca-433f-b824-0c7df1204859,Massy Warrens,Massy Warrens - Massy Stores Supercenter,Warrens,St. Michael,BB,,Massy,578dca79-afd1-4b04-816a-322a7067114b,564363f1092f00b6d8b93b0dffe923e8,,,,,ff8272b9-b9c0-4e2c-a725-65cbd037a327,RFID,8.40,8.40,0.00,BBD,
26a85738-4e36-4e0e-b8ee-ced0cd422ae5,2025-11-03 16:08:02,2025-11-03 16:34:04,2025-11-03 12:08:02,2025-11-03 12:34:04,America/Barbados,26.03,0.00,9.7,29.0,22.6,03c821d6-6274-427c-937a-ad91c6bc020d,MP-025,51210097772981,03c821d6-6274-427c-937a-ad91c6bc020d.1,CCS_2,25.0,79b72a61-f5ca-433f-b824-0c7df1204859,Massy Warrens,Massy Warrens - Massy Stores Supercenter,Warrens,St. Michael,BB,,Massy,578dca79-afd1-4b04-816a-322a7067114b,1fccf7274b09cf68b9c1e2e9b89fce01,,,,,ea4c5395-36ed-4efb-8687-cbc746140849,RFID,16.97,16.97,0.00,BBD,
882682e1-e03f-4a25-b4d9-a1457b92fdea,2025-11-03 16:35:05,2025-11-03 17:31:46,2025-11-03 12:35:05,2025-11-03 13:31:46,America/Barbados,56.68,1.03,14.3,29.0,15.4,03c821d6-6274-427c-937a-ad91c6bc020d,MP-025,51210097772981,03c821d6-6274-427c-937a-ad91c6bc020d.2,CHADEMO,25.0,79b72a61-f5ca-433f-b824-0c7df1204859,Massy Warrens,Massy Warrens - Massy Stores Supercenter,Warrens,St. Michael,BB,,Massy,578dca79-afd1-4b04-816a-322a7067114b,91eea880ab7f2ca51fa7d2a0ebe5d341,,,,,0fe44e40-d6bc-438c-9f7b-d0e5cefe2f0b,RFID,0.00,0.00,0.00,BBD,
6952f500-0dad-4909-a3e4-62050ed93383,2025-11-03 21:22:43,2025-11-03 22:11:28,2025-11-03 17:22:43,2025-11-03 18:11:28,America/Barbados,48.75,0.18,17.3,29.0,21.4,03c821d6-6274-427c-937a-ad91c6bc020d,MP-025,51210097772981,03c821d6-6274-427c-937a-ad91c6bc020d.1,CCS_2,25.0,79b72a61-f5ca-433f-b824-0c7df1204859,Massy Warrens,Massy Warrens - Massy Stores Supercenter,Warrens,St. Michael,BB,,Massy,578dca79-afd1-4b04-816a-322a7067114b,dd4c88acde25753674e21b473fe166ef,,,,,,SYSTEM,30.27,30.27,0.00,BBD,
3f61fb05-574b-4369-8c92-daa2d0495353,2025-11-03 22:06:12,2025-11-03 22:20:32,2025-11-03 18:06:12,2025-11-03 18:20:32,America/Barbados,14.33,5.35,0.8,6.0,5.6,8d27dae5-8d1f-48d0-bfe1-8875d5d568a5,MP-0079,M5012464-2,8d27dae5-8d1f-48d0-bfe1-8875d5d568a5.2,TYPE_2,22.0,1977c2c7-cd44-4e6f-a827-370cd9aad5bd,Massy Sunset Crest,"Massy Stores Supercenter, Sunset Crest",Holetown,St James,BB,,Massy,578dca79-afd1-4b04-816a-322a7067114b,768d1282fc5a8c161355988d1098736a,,,,,,SYSTEM,1.20,1.20,0.00,BBD,
a3d68767-30ce-451c-9984-1adcff48b106,2025-11-04 00:48:38,2025-11-04 01:20:00,2025-11-03 20:48:38,2025-11-03 21:20:00,America/Barbados,31.37,0.38,10.2,23.2,19.8,03c821d6-6274-427c-937a-ad91c6bc020d,MP-025,51210097772981,03c821d6-6274-427c-937a-ad91c6bc020d.3,TYPE_2,25.0,79b72a61-f5ca-433f-b824-0c7df1204859,Massy Warrens,Massy Warrens - Massy Stores Supercenter,Warrens,St. Michael,BB,,Massy,578dca79-afd1-4b04-816a-322a7067114b,7dff719ebd91c7e9f968708dd904f49f,,,,,7e7e5942-cb37-4434-9d92-737fc3e53e7a,RFID,17.84,17.84,0.00,BBD,
6b543420-eaba-4b79-95ea-b50654f93c98,2025-11-04 02:05:35,2025-11-04 03:19:00,2025-11-03 22:05:35,2025-11-03 23:19:00,America/Barbados,73.42,0.05,30.6,29.0,25.1,03c821d6-6274-427c-937a-ad91c6bc020d,MP-025,51210097772981,03c821d6-6274-427c-937a-ad91c6bc020d.1,CCS_2,25.0,79b72a61-f5ca-433f-b824-0c7df1204859,Massy Warrens,Massy Warrens - Massy Stores Supercenter,Warrens,St. Michael,BB,,Massy,578dca79-afd1-4b04-816a-322a7067114b,be755ab208964075a9f07e61c8a01a30,,,,,,SYSTEM,53.55,53.55,0.00,BBD,
51573e06-47bc-4d89-aeda-dad6cd223cf4,2025-11-04 17:36:40,2025-11-04 17:44:29,2025-11-04 13:36:40,2025-11-04 13:44:29,America/Barbados,7.82,0.00,3.0,29.0,23.0,03c821d6-6274-427c-937a-ad91c6bc020d,MP-025,51210097772981,03c821d6-6274-427c-937a-ad91c6bc020d.2,CHADEMO,25.0,79b72a61-f5ca-433f-b824-0c7df1204859,Massy Warrens,Massy Warrens - Massy Stores Supercenter,Warrens,St. Michael,BB,,Massy,578dca79-afd1-4b04-816a-322a7067114b,85238d638918d8b6ce011cd702d78404,,,,,,SYSTEM,5.25,5.25,0.00,BBD,
3e953d44-6346-4b07-93f5-0d3c3f7b793d,2025-11-04 19:20:52,2025-11-04 19:45:06,2025-11-04 15:20:52,2025-11-04 15:45:06,America/Barbados,24.23,0.48,4.0,20.0,10.2,03c821d6-6274-427c-937a-ad91c6bc020d,MP-025,51210097772981,03c821d6-6274-427c-937a-ad91c6bc020d.2,CHADEMO,25.0,79b72a61-f5ca-433f-b824-0c7df1204859,Massy Warrens,Massy Warrens - Massy Stores Supercenter,Warrens,St. Michael,BB,,Massy,578dca79-afd1-4b04-816a-322a7067114b,564363f1092f00b6d8b93b0dffe923e8,,,,,ff8272b9-b9c0-4e2c-a725-65cbd037a327,RFID,7.00,7.00,0.00,BBD,
9868221f-29c1-48ec-ab3b-e7017585a75a,2025-11-04 22:25:58,2025-11-04 22:37:56,2025-11-04 18:25:58,2025-11-04 18:37:56,America/Barbados,11.97,0.00,3.5,23.2,17.7,03c821d6-6274-427c-937a-ad91c6bc020d,MP-025,51210097772981,03c821d6-6274-427c-937a-ad91c6bc020d.3,TYPE_2,25.0,79b72a61-f5ca-433f-b824-0c7df1204859,Massy Warrens,Massy Warrens - Massy Stores Supercenter,Warrens,St. Michael,BB,,Massy,578dca79-afd1-4b04-816a-322a7067114b,7dff719ebd91c7e9f968708dd904f49f,,,,,7e7e5942-cb37-4434-9d92-737fc3e53e7a,RFID,6.12,6.12,0.00,BBD,
e24b4012-4143-4e4e-ac66-4086d4e3da54,2025-11-04 22:10:23,2025-11-04 22:21:45,2025-11-04 18:10:23,2025-11-04 18:21:45,America/Barbados,11.37,0.00,4.0,23.2,21.2,03c821d6-6274-427c-937a-ad91c6bc020d,MP-025,51210097772981,03c821d6-6274-427c-937a-ad91c6bc020d.3,TYPE_2,25.0,79b72a61-f5ca-433f-b824-0c7df1204859,Massy Warrens,Massy Warrens - Massy Stores Supercenter,Warrens,St. Michael,BB,,Massy,578dca79-afd1-4b04-816a-322a7067114b,7dff719ebd91c7e9f968708dd904f49f,,,,,7e7e5942-cb37-4434-9d92-737fc3e53e7a,RFID,7.00,7.00,0.00,BBD,
5ea783c7-b24b-430b-a81d-12e6297904c0,2025-11-05 10:12:43,2025-11-05 12:12:32,2025-11-05 06:12:43,2025-11-05 08:12:32,America/Barbados,119.82,0.00,53.4,30.0,26.8,03c821d6-6274-427c-937a-ad91c6bc020d,MP-025,51210097772981,03c821d6-6274-427c-937a-ad91c6bc020d.1,CCS_2,25.0,79b72a61-f5ca-433f-b824-0c7df1204859,Massy Warrens,Massy Warrens - Massy Stores Supercenter,Warrens,St. Michael,BB,,Massy,578dca79-afd1-4b04-816a-322a7067114b,35b6f6f99ae2087ef24aff4869dea359,,,,,9210ee0a-d99f-4855-9c03-cdf9ee6fab7d,RFID,93.45,93.45,0.00,BBD,
97cec99b-4196-4d0b-bac3-59c8b7cd590e,2025-11-05 15:01:15,2025-11-05 15:19:51,2025-11-05 11:01:15,2025-11-05 11:19:51,America/Barbados,18.60,0.00,8.1,34.8,26.3,03c821d6-6274-427c-937a-ad91c6bc020d,MP-025,51210097772981,03c821d6-6274-427c-937a-ad91c6bc020d.1,CCS_2,25.0,79b72a61-f5ca-433f-b824-0c7df1204859,Massy Warrens,Massy Warrens - Massy Stores Supercenter,Warrens,St. Michael,BB,,Massy,578dca79-afd1-4b04-816a-322a7067114b,a6821fde039d9ccfc1d9ed13d4b5f7af,,,,,,SYSTEM,14.17,14.17,0.00,BBD,
430fe120-30b9-48b0-b350-8092da5cea21,2025-11-05 17:30:45,2025-11-05 17:52:46,2025-11-05 13:30:45,2025-11-05 13:52:46,America/Barbados,22.02,0.00,8.3,36.0,23.2,03c821d6-6274-427c-937a-ad91c6bc020d,MP-025,51210097772981,03c821d6-6274-427c-937a-ad91c6bc020d.2,CHADEMO,25.0,79b72a61-f5ca-433f-b824-0c7df1204859,Massy Warrens,Massy Warrens - Massy Stores Supercenter,Warrens,St. Michael,BB,,Massy,578dca79-afd1-4b04-816a-322a7067114b,91eea880ab7f2ca51fa7d2a0ebe5d341,,,,,0fe44e40-d6bc-438c-9f7b-d0e5cefe2f0b,RFID,0.00,0.00,0.00,BBD,
7a8af10f-7426-4387-b6d9-9af7cfd58d21,2025-11-05 20:24:55,2025-11-05 20:37:18,2025-11-05 16:24:55,2025-11-05 16:37:18,America/Barbados,12.38,0.00,5.3,29.0,25.9,03c821d6-6274-427c-937a-ad91c6bc020d,MP-025,51210097772981,03c821d6-6274-427c-937a-ad91c6bc020d.1,CCS_2,25.0,79b72a61-f5ca-433f-b824-0c7df1204859,Massy Warrens,Massy Warrens - Massy Stores Supercenter,Warrens,St. Michael,BB,,Massy,578dca79-afd1-4b04-816a-322a7067114b,d76e311d9fe9da830bba8b125798eaaa,,,,,55757001-227f-4341-b0da-b3cf3df8ce27,RFID,9.27,9.27,0.00,BBD,
5cca44d4-071a-41c2-b271-456e47bc0ebe,2025-11-06 09:26:12,2025-11-06 10:55:28,2025-11-06 05:26:12,2025-11-06 06:55:28,America/Barbados,89.27,0.00,38.1,43.2,25.8,03c821d6-6274-427c-937a-ad91c6bc020d,MP-025,51210097772981,03c821d6-6274-427c-937a-ad91c6bc020d.1,CCS_2,25.0,79b72a61-f5ca-433f-b824-0c7df1204859,Massy Warrens,Massy Warrens - Massy Stores Supercenter,Warrens,St. Michael,BB,,Massy,578dca79-afd1-4b04-816a-322a7067114b,a37650d10cfbec0b3a09686403b781b0,,,,,cd1a6858-23e4-44b4-86ef-6893b5e2c87d,RFID,66.67,66.67,0.00,BBD,
640f2dd0-ef2e-4e53-a753-31b67ac54f42,2025-11-06 19:12:43,2025-11-06 19:33:37,2025-11-06 15:12:43,2025-11-06 15:33:37,America/Barbados,20.90,0.23,4.9,17.4,14.3,03c821d6-6274-427c-937a-ad91c6bc020d,MP-025,51210097772981,03c821d6-6274-427c-937a-ad91c6bc020d.2,CHADEMO,25.0,79b72a61-f5ca-433f-b824-0c7df1204859,Massy Warrens,Massy Warrens - Massy Stores Supercenter,Warrens,St. Michael,BB,,Massy,578dca79-afd1-4b04-816a-322a7067114b,564363f1092f00b6d8b93b0dffe923e8,,,,,ff8272b9-b9c0-4e2c-a725-65cbd037a327,RFID,8.57,8.57,0.00,BBD,
c42b35f8-3074-4968-b5f0-dae573271cae,2025-11-06 22:45:24,2025-11-06 23:03:51,2025-11-06 18:45:24,2025-11-06 19:03:51,America/Barbados,18.45,0.00,6.5,23.2,21.2,03c821d6-6274-427c-937a-ad91c6bc020d,MP-025,51210097772981,03c821d6-6274-427c-937a-ad91c6bc020d.3,TYPE_2,25.0,79b72a61-f5ca-433f-b824-0c7df1204859,Massy Warrens,Massy Warrens - Massy Stores Supercenter,Warrens,St. Michael,BB,,Massy,578dca79-afd1-4b04-816a-322a7067114b,7dff719ebd91c7e9f968708dd904f49f,,,,,7e7e5942-cb37-4434-9d92-737fc3e53e7a,RFID,11.37,11.37,0.00,BBD,
86c4d54a-0ebb-4c30-9bb2-36a8097de908,2025-11-06 22:54:34,2025-11-06 23:19:32,2025-11-06 18:54:34,2025-11-06 19:19:32,America/Barbados,24.97,1.00,2.8,12.9,7.1,8d27dae5-8d1f-48d0-bfe1-8875d5d568a5,MP-0079,M5012464-2,8d27dae5-8d1f-48d0-bfe1-8875d5d568a5.2,TYPE_2,22.0,1977c2c7-cd44-4e6f-a827-370cd9aad5bd,Massy Sunset Crest,"Massy Stores Supercenter, Sunset Crest",Holetown,St James,BB,,Massy,578dca79-afd1-4b04-816a-322a7067114b,2581e0b1f90d281e2e96ba6cd4c938dd,,,,,,SYSTEM,4.19,4.19,0.00,BBD,
174eedfa-93e4-48a2-b6d1-281f7e611ee1,2025-11-07 12:42:34,2025-11-07 13:36:40,2025-11-07 08:42:34,2025-11-07 09:36:40,America/Barbados,54.10,0.00,22.3,29.0,24.7,03c821d6-6274-427c-937a-ad91c6bc020d,MP-025,51210097772981,03c821d6-6274-427c-937a-ad91c6bc020d.1,CCS_2,25.0,79b72a61-f5ca-433f-b824-0c7df1204859,Massy Warrens,Massy Warrens - Massy Stores Supercenter,Warrens,St. Michael,BB,,Massy,578dca79-afd1-4b04-816a-322a7067114b,53c3e7f13adc18ac7473c99ec64d56c5,,,,,5b11676b-0383-4ad8-a16f-6da4cd89f3e3,RFID,39.02,39.02,0.00,BBD,
66b20386-260b-44f5-9c5f-6a72932a7826,2025-11-07 18:46:12,2025-11-07 18:55:34,2025-11-07 14:46:12,2025-11-07 14:55:34,America/Barbados,9.37,0.07,1.9,17.4,12.4,03c821d6-6274-427c-937a-ad91c6bc020d,MP-025,51210097772981,03c821d6-6274-427c-937a-ad91c6bc020d.2,CHADEMO,25.0,79b72a61-f5ca-433f-b824-0c7df1204859,Massy Warrens,Massy Warrens - Massy Stores Supercenter,Warrens,St. Michael,BB,,Massy,578dca79-afd1-4b04-816a-322a7067114b,564363f1092f00b6d8b93b0dffe923e8,,,,,ff8272b9-b9c0-4e2c-a725-65cbd037a327,RFID,3.32,3.32,0.00,BBD,
98723526-dc38-4c2b-a560-d3c610955afd,2025-11-07 18:18:20,2025-11-07 19:58:18,2025-11-07 14:18:20,2025-11-07 15:58:18,America/Barbados,99.97,0.95,11.5,12.0,7.0,8d27dae5-8d1f-48d0-bfe1-8875d5d568a5,MP-0079,M5012464-2,8d27dae5-8d1f-48d0-bfe1-8875d5d568a5.1,TYPE_2,22.0,1977c2c7-cd44-4e6f-a827-370cd9aad5bd,Massy Sunset Crest,"Massy Stores Supercenter, Sunset Crest",Holetown,St James,BB,,Massy,578dca79-afd1-4b04-816a-322a7067114b,d76e311d9fe9da830bba8b125798eaaa,,,,,55757001-227f-4341-b0da-b3cf3df8ce27,RFID,17.25,17.25,0.00,BBD,
27de6d4f-293f-45a7-b229-6f84ff3eae87,2025-11-07 19:51:21,2025-11-07 20:16:03,2025-11-07 15:51:21,2025-11-07 16:16:03,America/Barbados,24.70,0.00,10.6,29.0,25.8,03c821d6-6274-427c-937a-ad91c6bc020d,MP-025,51210097772981,03c821d6-6274-427c-937a-ad91c6bc020d.1,CCS_2,25.0,79b72a61-f5ca-433f-b824-0c7df1204859,Massy Warrens,Massy Warrens - Massy Stores Supercenter,Warrens,St. Michael,BB,,Massy,578dca79-afd1-4b04-816a-322a7067114b,9f3e3397fbfc51ade33570e9eee0fd78,,,,,,SYSTEM,18.55,18.55,0.00,BBD,
b4918f0a-a7aa-4ca7-bef2-474ad355dfc7,2025-11-08 11:46:15,2025-11-08 15:17:55,2025-11-08 07:46:15,2025-11-08 11:17:55,America/Barbados,211.67,0.62,25.3,138.0,7.3,8d27dae5-8d1f-48d0-bfe1-8875d5d568a5,MP-0079,M5012464-2,8d27dae5-8d1f-48d0-bfe1-8875d5d568a5.2,TYPE_2,22.0,1977c2c7-cd44-4e6f-a827-370cd9aad5bd,Massy Sunset Crest,"Massy Stores Supercenter, Sunset Crest",Holetown,St James,BB,,Massy,578dca79-afd1-4b04-816a-322a7067114b,f3ff5f81b006bbba395c21932fd22620,,,,,98a75c81-51a2-4442-bc22-c8a915a0ed15,RFID,37.95,37.95,0.00,BBD,
b08aa111-6e03-453e-80e7-f57c79689c92,2025-11-08 15:32:42,2025-11-08 16:00:10,2025-11-08 11:32:42,2025-11-08 12:00:10,America/Barbados,27.47,0.62,5.1,23.2,11.5,03c821d6-6274-427c-937a-ad91c6bc020d,MP-025,51210097772981,03c821d6-6274-427c-937a-ad91c6bc020d.2,CHADEMO,25.0,79b72a61-f5ca-433f-b824-0c7df1204859,Massy Warrens,Massy Warrens - Massy Stores Supercenter,Warrens,St. Michael,BB,,Massy,578dca79-afd1-4b04-816a-322a7067114b,cd2bba1eca5faa93049b52161905acf8,,,,,81f31cbe-ab95-4b3c-8c72-a4de34560734,RFID,8.92,8.92,0.00,BBD,
8a8e9dad-e200-463a-a26d-8d35037d95d5,2025-11-08 17:18:01,2025-11-08 18:29:24,2025-11-08 13:18:01,2025-11-08 14:29:24,America/Barbados,71.38,0.08,30.0,29.5,25.3,03c821d6-6274-427c-937a-ad91c6bc020d,MP-025,51210097772981,03c821d6-6274-427c-937a-ad91c6bc020d.1,CCS_2,25.0,79b72a61-f5ca-433f-b824-0c7df1204859,Massy Warrens,Massy Warrens - Massy Stores Supercenter,Warrens,St. Michael,BB,,Massy,578dca79-afd1-4b04-816a-322a7067114b,11710b1b8b25e79ab1506278bec9e537,,,,,,SYSTEM,52.50,52.50,0.00,BBD,
30ba3b2a-8963-43a0-871b-307deea679dd,2025-11-08 18:37:11,2025-11-08 19:31:57,2025-11-08 14:37:11,2025-11-08 15:31:57,America/Barbados,54.77,0.00,23.2,29.0,25.5,03c821d6-6274-427c-937a-ad91c6bc020d,MP-025,51210097772981,03c821d6-6274-427c-937a-ad91c6bc020d.1,CCS_2,25.0,79b72a61-f5ca-433f-b824-0c7df1204859,Massy Warrens,Massy Warrens - Massy Stores Supercenter,Warrens,St. Michael,BB,,Massy,578dca79-afd1-4b04-816a-322a7067114b,5911ffba106a13f8c146db3cc5fdaaf2,,,,,f4154aa6-6205-47f5-bff4-856043d935c8,RFID,40.60,40.60,0.00,BBD,
49329ab4-462b-4427-8757-e24715ca6883,2025-11-08 23:34:43,2025-11-08 23:54:32,2025-11-08 19:34:43,2025-11-08 19:54:32,America/Barbados,19.82,7.80,1.2,6.0,6.0,8d27dae5-8d1f-48d0-bfe1-8875d5d568a5,MP-0079,M5012464-2,8d27dae5-8d1f-48d0-bfe1-8875d5d568a5.1,TYPE_2,22.0,1977c2c7-cd44-4e6f-a827-370cd9aad5bd,Massy Sunset Crest,"Massy Stores Supercenter, Sunset Crest",Holetown,St James,BB,,Massy,578dca79-afd1-4b04-816a-322a7067114b,768d1282fc5a8c161355988d1098736a,,,,,,SYSTEM,1.79,1.79,0.00,BBD,
55018011-ec3b-4d70-b56b-53436ca47253,2025-11-09 16:35:30,2025-11-09 17:00:48,2025-11-09 12:35:30,2025-11-09 13:00:48,America/Barbados,25.30,0.00,9.2,29.0,22.0,03c821d6-6274-427c-937a-ad91c6bc020d,MP-025,51210097772981,03c821d6-6274-427c-937a-ad91c6bc020d.2,CHADEMO,25.0,79b72a61-f5ca-433f-b824-0c7df1204859,Massy Warrens,Massy Warrens - Massy Stores Supercenter,Warrens,St. Michael,BB,,Massy,578dca79-afd1-4b04-816a-322a7067114b,91eea880ab7f2ca51fa7d2a0ebe5d341,,,,,0fe44e40-d6bc-438c-9f7b-d0e5cefe2f0b,RFID,0.00,0.00,0.00,BBD,
bd4c7d9f-1acf-40b4-ae00-c6d54673107e,2025-11-09 17:59:52,2025-11-09 18:16:24,2025-11-09 13:59:52,2025-11-09 14:16:24,America/Barbados,16.53,0.00,3.4,17.4,12.4,03c821d6-6274-427c-937a-ad91c6bc020d,MP-025,51210097772981,03c821d6-6274-427c-937a-ad91c6bc020d.2,CHADEMO,25.0,79b72a61-f5ca-433f-b824-0c7df1204859,Massy Warrens,Massy Warrens - Massy Stores Supercenter,Warrens,St. Michael,BB,,Massy,578dca79-afd1-4b04-816a-322a7067114b,564363f1092f00b6d8b93b0dffe923e8,,,,,ff8272b9-b9c0-4e2c-a725-65cbd037a327,RFID,5.95,5.95,0.00,BBD,
8fe41f36-49d9-4744-b896-4d97eafb7ef7,2025-11-10 00:50:11,2025-11-10 01:19:42,2025-11-09 20:50:11,2025-11-09 21:19:42,America/Barbados,29.52,0.60,10.3,29.0,21.4,03c821d6-6274-427c-937a-ad91c6bc020d,MP-025,51210097772981,03c821d6-6274-427c-937a-ad91c6bc020d.1,CCS_2,25.0,79b72a61-f5ca-433f-b824-0c7df1204859,Massy Warrens,Massy Warrens - Massy Stores Supercenter,Warrens,St. Michael,BB,,Massy,578dca79-afd1-4b04-816a-322a7067114b,527bbaa75398159aa6575024ad85df4a,,,,,,SYSTEM,18.02,18.02,0.00,BBD,
0cc522c4-1c87-4cb8-8546-939bec80b88f,2025-11-10 15:47:11,2025-11-10 17:35:58,2025-11-10 11:47:11,2025-11-10 13:35:58,America/Barbados,108.78,0.00,46.8,63.5,26.1,03c821d6-6274-427c-937a-ad91c6bc020d,MP-025,51210097772981,03c821d6-6274-427c-937a-ad91c6bc020d.1,CCS_2,25.0,79b72a61-f5ca-433f-b824-0c7df1204859,Massy Warrens,Massy Warrens - Massy Stores Supercenter,Warrens,St. Michael,BB,,Massy,578dca79-afd1-4b04-816a-322a7067114b,c2df43870bd22ec6401f02bfaa6a934b,,,,,bf95b7b2-b725-4f11-8aee-5c882f16d07e,RFID,0.00,0.00,0.00,BBD,
401cd217-10fb-4a9d-8898-ba3798d4f12f,2025-11-10 20:24:18,2025-11-10 21:05:51,2025-11-10 16:24:18,2025-11-10 17:05:51,America/Barbados,41.55,0.00,18.5,51.4,27.2,03c821d6-6274-427c-937a-ad91c6bc020d,MP-025,51210097772981,03c821d6-6274-427c-937a-ad91c6bc020d.1,CCS_2,25.0,79b72a61-f5ca-433f-b824-0c7df1204859,Massy Warrens,Massy Warrens - Massy Stores Supercenter,Warrens,St. Michael,BB,,Massy,578dca79-afd1-4b04-816a-322a7067114b,332d0956348a88543cefc940a7442930,,,,,5c36ba5f-40c5-424b-9c4b-968de883bbe0,RFID,32.37,32.37,0.00,BBD,
da895b35-b22e-48ad-a96f-e8b8fb68637c,2025-11-10 21:37:22,2025-11-10 21:55:45,2025-11-10 17:37:22,2025-11-10 17:55:45,America/Barbados,18.38,0.00,7.5,29.0,24.5,03c821d6-6274-427c-937a-ad91c6bc020d,MP-025,51210097772981,03c821d6-6274-427c-937a-ad91c6bc020d.1,CCS_2,25.0,79b72a61-f5ca-433f-b824-0c7df1204859,Massy Warrens,Massy Warrens - Massy Stores Supercenter,Warrens,St. Michael,BB,,Massy,578dca79-afd1-4b04-816a-322a7067114b,4df9c2d386f9bad2c1558ef9674edfdb,,,,,cfb2a15d-c3ab-477a-b0c5-e81228d7ae3c,RFID,13.12,13.12,0.00,BBD,
423ac6ad-b4d0-4d3e-afa5-15136f1b3ceb,2025-11-10 22:41:07,2025-11-10 22:58:46,2025-11-10 18:41:07,2025-11-10 18:58:46,America/Barbados,17.65,7.02,1.1,9.5,6.0,8d27dae5-8d1f-48d0-bfe1-8875d5d568a5,MP-0079,M5012464-2,8d27dae5-8d1f-48d0-bfe1-8875d5d568a5.1,TYPE_2,22.0,1977c2c7-cd44-4e6f-a827-370cd9aad5bd,Massy Sunset Crest,"Massy Stores Supercenter, Sunset Crest",Holetown,St James,BB,,Massy,578dca79-afd1-4b04-816a-322a7067114b,768d1282fc5a8c161355988d1098736a,,,,,,SYSTEM,1.65,1.65,0.00,BBD,
cfb161dd-3f38-4ece-b773-4e24b6246d75,2025-11-11 02:54:40,2025-11-11 02:54:40,2025-11-10 22:54:40,2025-11-10 22:54:40,America/Barbados,0.00,0.00,0.0,0.0,0.0,03c821d6-6274-427c-937a-ad91c6bc020d,MP-025,51210097772981,03c821d6-6274-427c-937a-ad91c6bc020d.1,CCS_2,25.0,79b72a61-f5ca-433f-b824-0c7df1204859,Massy Warrens,Massy Warrens - Massy Stores Supercenter,Warrens,St. Michael,BB,,Massy,578dca79-afd1-4b04-816a-322a7067114b,dd4c88acde25753674e21b473fe166ef,,,,,,SYSTEM,0.00,0.00,0.00,BBD,
cfaf4ce0-249d-40b3-9d9c-8a38497c1446,2025-11-11 12:28:33,2025-11-11 12:30:37,2025-11-11 08:28:33,2025-11-11 08:30:37,America/Barbados,2.07,0.00,0.8,29.0,23.6,03c821d6-6274-427c-937a-ad91c6bc020d,MP-025,51210097772981,03c821d6-6274-427c-937a-ad91c6bc020d.1,CCS_2,25.0,79b72a61-f5ca-433f-b824-0c7df1204859,Massy Warrens,Massy Warrens - Massy Stores Supercenter,Warrens,St. Michael,BB,,Massy,578dca79-afd1-4b04-816a-322a7067114b,16dbfb519321769e0562336d69d3d0fd,,,,,,SYSTEM,1.40,1.40,0.00,BBD,
a8e33e89-a3d9-4dd8-a5d2-4fafee8cd670,2025-11-11 15:41:08,2025-11-11 16:33:58,2025-11-11 11:41:08,2025-11-11 12:33:58,America/Barbados,52.83,0.00,23.1,80.0,27.2,03c821d6-6274-427c-937a-ad91c6bc020d,MP-025,51210097772981,03c821d6-6274-427c-937a-ad91c6bc020d.1,CCS_2,25.0,79b72a61-f5ca-433f-b824-0c7df1204859,Massy Warrens,Massy Warrens - Massy Stores Supercenter,Warrens,St. Michael,BB,,Massy,578dca79-afd1-4b04-816a-322a7067114b,646e6f6a3dc9b3baf56730afeab800ea,,,,,,SYSTEM,40.42,40.42,0.00,BBD,
313d3312-9ec5-4f8b-a3c0-f82ee632bee8,2025-11-11 16:39:02,2025-11-11 17:39:59,2025-11-11 12:39:02,2025-11-11 13:39:59,America/Barbados,60.95,1.03,25.9,29.5,26.0,03c821d6-6274-427c-937a-ad91c6bc020d,MP-025,51210097772981,03c821d6-6274-427c-937a-ad91c6bc020d.1,CCS_2,25.0,79b72a61-f5ca-433f-b824-0c7df1204859,Massy Warrens,Massy Warrens - Massy Stores Supercenter,Warrens,St. Michael,BB,,Massy,578dca79-afd1-4b04-816a-322a7067114b,646e6f6a3dc9b3baf56730afeab800ea,,,,,,SYSTEM,45.32,45.32,0.00,BBD,
18af5759-5f91-40b4-8469-2ecea12483cc,2025-11-11 23:41:52,2025-11-12 00:04:35,2025-11-11 19:41:52,2025-11-11 20:04:35,America/Barbados,22.72,0.00,7.5,23.2,19.9,03c821d6-6274-427c-937a-ad91c6bc020d,MP-025,51210097772981,03c821d6-6274-427c-937a-ad91c6bc020d.3,TYPE_2,25.0,79b72a61-f5ca-433f-b824-0c7df1204859,Massy Warrens,Massy Warrens - Massy Stores Supercenter,Warrens,St. Michael,BB,,Massy,578dca79-afd1-4b04-816a-322a7067114b,7dff719ebd91c7e9f968708dd904f49f,,,,,7e7e5942-cb37-4434-9d92-737fc3e53e7a,RFID,13.12,13.12,0.00,BBD,
ea667d00-7571-4b25-b55c-b94495dd85e8,2025-11-11 23:08:02,2025-11-12 00:04:51,2025-11-11 19:08:02,2025-11-11 20:04:51,America/Barbados,56.82,0.00,24.0,34.8,25.4,03c821d6-6274-427c-937a-ad91c6bc020d,MP-025,51210097772981,03c821d6-6274-427c-937a-ad91c6bc020d.1,CCS_2,25.0,79b72a61-f5ca-433f-b824-0c7df1204859,Massy Warrens,Massy Warrens - Massy Stores Supercenter,Warrens,St. Michael,BB,,Massy,578dca79-afd1-4b04-816a-322a7067114b,c9f39b141441317dae066dcffaff1e69,,,,,,SYSTEM,42.00,42.00,0.00,BBD,
ec5c408c-52a8-4de4-9e2d-bcfafe626381,2025-11-12 02:20:01,2025-11-12 02:34:23,2025-11-11 22:20:01,2025-11-11 22:34:23,America/Barbados,14.37,0.00,1.7,11.6,7.1,03c821d6-6274-427c-937a-ad91c6bc020d,MP-025,51210097772981,03c821d6-6274-427c-937a-ad91c6bc020d.3,TYPE_2,25.0,79b72a61-f5ca-433f-b824-0c7df1204859,Massy Warrens,Massy Warrens - Massy Stores Supercenter,Warrens,St. Michael,BB,,Massy,578dca79-afd1-4b04-816a-322a7067114b,5c4f49ce6ad0f9ac8a33633f7c037d8f,,,,,f23bdd84-2d5a-473e-b40e-35ccbda3e601,RFID,0.00,0.00,0.00,BBD,
4379cf1b-a8fd-4ed2-bd90-775aa5b78f39,2025-11-12 02:04:04,2025-11-12 02:13:22,2025-11-11 22:04:04,2025-11-11 22:13:22,America/Barbados,9.30,0.00,1.1,11.6,7.2,03c821d6-6274-427c-937a-ad91c6bc020d,MP-025,51210097772981,03c821d6-6274-427c-937a-ad91c6bc020d.3,TYPE_2,25.0,79b72a61-f5ca-433f-b824-0c7df1204859,Massy Warrens,Massy Warrens - Massy Stores Supercenter,Warrens,St. Michael,BB,,Massy,578dca79-afd1-4b04-816a-322a7067114b,5c4f49ce6ad0f9ac8a33633f7c037d8f,,,,,f23bdd84-2d5a-473e-b40e-35ccbda3e601,RFID,0.00,0.00,0.00,BBD,
47635b51-8f37-4bc2-b896-0fd40e53bccb,2025-11-12 02:36:33,2025-11-12 03:25:34,2025-11-11 22:36:33,2025-11-11 23:25:34,America/Barbados,49.02,0.45,20.2,29.0,25.0,03c821d6-6274-427c-937a-ad91c6bc020d,MP-025,51210097772981,03c821d6-6274-427c-937a-ad91c6bc020d.1,CCS_2,25.0,79b72a61-f5ca-433f-b824-0c7df1204859,Massy Warrens,Massy Warrens - Massy Stores Supercenter,Warrens,St. Michael,BB,,Massy,578dca79-afd1-4b04-816a-322a7067114b,5c4f49ce6ad0f9ac8a33633f7c037d8f,,,,,f23bdd84-2d5a-473e-b40e-35ccbda3e601,RFID,0.00,0.00,0.00,BBD,
0d1ba2a3-8725-4ae5-b098-70b3670c6b1c,2025-11-12 11:03:18,2025-11-12 12:06:52,2025-11-12 07:03:18,2025-11-12 08:06:52,America/Barbados,63.57,0.58,7.5,12.0,7.1,8d27dae5-8d1f-48d0-bfe1-8875d5d568a5,MP-0079,M5012464-2,8d27dae5-8d1f-48d0-bfe1-8875d5d568a5.2,TYPE_2,22.0,1977c2c7-cd44-4e6f-a827-370cd9aad5bd,Massy Sunset Crest,"Massy Stores Supercenter, Sunset Crest",Holetown,St James,BB,,Massy,578dca79-afd1-4b04-816a-322a7067114b,c7c8dc2e53587b88750bb7fc30247cca,,,,,,SYSTEM,11.25,11.25,0.00,BBD,
d30741a8-cafe-41f1-9569-201df7eba4f5,2025-11-12 10:26:36,2025-11-12 11:15:10,2025-11-12 06:26:36,2025-11-12 07:15:10,America/Barbados,48.57,0.00,20.7,35.4,25.6,03c821d6-6274-427c-937a-ad91c6bc020d,MP-025,51210097772981,03c821d6-6274-427c-937a-ad91c6bc020d.1,CCS_2,25.0,79b72a61-f5ca-433f-b824-0c7df1204859,Massy Warrens,Massy Warrens - Massy Stores Supercenter,Warrens,St. Michael,BB,,Massy,578dca79-afd1-4b04-816a-322a7067114b,a37650d10cfbec0b3a09686403b781b0,,,,,cd1a6858-23e4-44b4-86ef-6893b5e2c87d,RFID,36.22,36.22,0.00,BBD,
6afa4871-e68c-4737-8afd-eafcd8945b7f,2025-11-12 12:46:32,2025-11-12 13:14:11,2025-11-12 08:46:32,2025-11-12 09:14:11,America/Barbados,27.65,0.80,4.3,17.4,9.7,03c821d6-6274-427c-937a-ad91c6bc020d,MP-025,51210097772981,03c821d6-6274-427c-937a-ad91c6bc020d.2,CHADEMO,25.0,79b72a61-f5ca-433f-b824-0c7df1204859,Massy Warrens,Massy Warrens - Massy Stores Supercenter,Warrens,St. Michael,BB,,Massy,578dca79-afd1-4b04-816a-322a7067114b,564363f1092f00b6d8b93b0dffe923e8,,,,,ff8272b9-b9c0-4e2c-a725-65cbd037a327,RFID,7.52,7.52,0.00,BBD,
87e3f12c-d3f9-462e-87cc-f7864c118007,2025-11-12 13:36:27,2025-11-12 15:01:53,2025-11-12 09:36:27,2025-11-12 11:01:53,America/Barbados,85.43,0.00,35.9,29.0,25.2,03c821d6-6274-427c-937a-ad91c6bc020d,MP-025,51210097772981,03c821d6-6274-427c-937a-ad91c6bc020d.1,CCS_2,25.0,79b72a61-f5ca-433f-b824-0c7df1204859,Massy Warrens,Massy Warrens - Massy Stores Supercenter,Warrens,St. Michael,BB,,Massy,578dca79-afd1-4b04-816a-322a7067114b,033047ab5a40bfd2d0d1a39ccc476e1f,,,,,,SYSTEM,62.82,62.82,0.00,BBD,
9d38ae17-b010-4a01-b074-67e8a6c9c1f9,2025-11-12 15:53:05,2025-11-12 16:23:10,2025-11-12 11:53:05,2025-11-12 12:23:10,America/Barbados,30.08,0.12,3.4,11.6,6.8,03c821d6-6274-427c-937a-ad91c6bc020d,MP-025,51210097772981,03c821d6-6274-427c-937a-ad91c6bc020d.3,TYPE_2,25.0,79b72a61-f5ca-433f-b824-0c7df1204859,Massy Warrens,Massy Warrens - Massy Stores Supercenter,Warrens,St. Michael,BB,,Massy,578dca79-afd1-4b04-816a-322a7067114b,7cfa6a781ecf06c6a55ba07229d4e57f,,,,,600db8e7-a2c8-4733-aa9b-d32c0eaddabe,RFID,5.95,5.95,0.00,BBD,
6d582ed4-beb1-4a3d-94ed-800f46000a32,2025-11-12 17:36:36,2025-11-12 17:56:07,2025-11-12 13:36:36,2025-11-12 13:56:07,America/Barbados,19.52,0.00,8.3,32.1,25.7,03c821d6-6274-427c-937a-ad91c6bc020d,MP-025,51210097772981,03c821d6-6274-427c-937a-ad91c6bc020d.1,CCS_2,25.0,79b72a61-f5ca-433f-b824-0c7df1204859,Massy Warrens,Massy Warrens - Massy Stores Supercenter,Warrens,St. Michael,BB,,Massy,578dca79-afd1-4b04-816a-322a7067114b,9524292787ec90c1c0d210497cc1166e,,,,,,SYSTEM,14.52,14.52,0.00,BBD,
238ad672-bb2b-4cec-9cd1-773733591613,2025-11-12 21:16:51,2025-11-12 23:20:12,2025-11-12 17:16:51,2025-11-12 19:20:12,America/Barbados,123.35,48.98,7.3,18.0,5.9,8d27dae5-8d1f-48d0-bfe1-8875d5d568a5,MP-0079,M5012464-2,8d27dae5-8d1f-48d0-bfe1-8875d5d568a5.2,TYPE_2,22.0,1977c2c7-cd44-4e6f-a827-370cd9aad5bd,Massy Sunset Crest,"Massy Stores Supercenter, Sunset Crest",Holetown,St James,BB,,Massy,578dca79-afd1-4b04-816a-322a7067114b,fe85abe7ea574f959258d0c891baa5e7,,,,,,SYSTEM,10.95,10.95,0.00,BBD,
c2fb8673-9995-4dda-8849-b5c7a4b029c8,2025-11-12 23:29:52,2025-11-12 23:59:00,2025-11-12 19:29:52,2025-11-12 19:59:00,America/Barbados,29.13,11.13,1.7,6.1,6.0,8d27dae5-8d1f-48d0-bfe1-8875d5d568a5,MP-0079,M5012464-2,8d27dae5-8d1f-48d0-bfe1-8875d5d568a5.2,TYPE_2,22.0,1977c2c7-cd44-4e6f-a827-370cd9aad5bd,Massy Sunset Crest,"Massy Stores Supercenter, Sunset Crest",Holetown,St James,BB,,Massy,578dca79-afd1-4b04-816a-322a7067114b,fe85abe7ea574f959258d0c891baa5e7,,,,,,SYSTEM,2.54,2.54,0.00,BBD,
29054c3b-2809-4cb6-b725-374999db329a,2025-11-13 00:41:40,2025-11-13 00:53:42,2025-11-12 20:41:40,2025-11-12 20:53:42,America/Barbados,12.03,0.67,1.3,11.6,7.5,03c821d6-6274-427c-937a-ad91c6bc020d,MP-025,51210097772981,03c821d6-6274-427c-937a-ad91c6bc020d.3,TYPE_2,25.0,79b72a61-f5ca-433f-b824-0c7df1204859,Massy Warrens,Massy Warrens - Massy Stores Supercenter,Warrens,St. Michael,BB,,Massy,578dca79-afd1-4b04-816a-322a7067114b,7dff719ebd91c7e9f968708dd904f49f,,,,,7e7e5942-cb37-4434-9d92-737fc3e53e7a,RFID,2.27,2.27,0.00,BBD,
76ced615-1afc-4467-9f8d-d18f1ba2a335,2025-11-13 01:10:11,2025-11-13 01:41:12,2025-11-12 21:10:11,2025-11-12 21:41:12,America/Barbados,31.02,0.03,9.9,23.2,19.2,03c821d6-6274-427c-937a-ad91c6bc020d,MP-025,51210097772981,03c821d6-6274-427c-937a-ad91c6bc020d.3,TYPE_2,25.0,79b72a61-f5ca-433f-b824-0c7df1204859,Massy Warrens,Massy Warrens - Massy Stores Supercenter,Warrens,St. Michael,BB,,Massy,578dca79-afd1-4b04-816a-322a7067114b,7dff719ebd91c7e9f968708dd904f49f,,,,,7e7e5942-cb37-4434-9d92-737fc3e53e7a,RFID,17.32,17.32,0.00,BBD,
af421d26-d7f5-4135-a04c-7b718c5bf6e6,2025-11-13 02:50:14,2025-11-13 04:37:32,2025-11-12 22:50:14,2025-11-13 00:37:32,America/Barbados,107.30,0.00,47.7,34.8,26.7,03c821d6-6274-427c-937a-ad91c6bc020d,MP-025,51210097772981,03c821d6-6274-427c-937a-ad91c6bc020d.1,CCS_2,25.0,79b72a61-f5ca-433f-b824-0c7df1204859,Massy Warrens,Massy Warrens - Massy Stores Supercenter,Warrens,St. Michael,BB,,Massy,578dca79-afd1-4b04-816a-322a7067114b,35b6f6f99ae2087ef24aff4869dea359,,,,,9210ee0a-d99f-4855-9c03-cdf9ee6fab7d,RFID,83.46,83.46,0.00,BBD,
ae4d0dcb-bc94-44a0-88a5-e7b648a04f8d,2025-11-13 02:20:30,2025-11-13 05:12:48,2025-11-12 22:20:30,2025-11-13 01:12:48,America/Barbados,172.30,68.23,10.3,6.1,5.8,8d27dae5-8d1f-48d0-bfe1-8875d5d568a5,MP-0079,M5012464-2,8d27dae5-8d1f-48d0-bfe1-8875d5d568a5.2,TYPE_2,22.0,1977c2c7-cd44-4e6f-a827-370cd9aad5bd,Massy Sunset Crest,"Massy Stores Supercenter, Sunset Crest",Holetown,St James,BB,,Massy,578dca79-afd1-4b04-816a-322a7067114b,fe85abe7ea574f959258d0c891baa5e7,,,,,,SYSTEM,15.45,15.45,0.00,BBD,
41fba228-f814-47a3-b499-b592802bfa2a,2025-11-13 09:42:31,2025-11-13 12:24:01,2025-11-13 05:42:31,2025-11-13 08:24:01,America/Barbados,161.50,0.00,19.0,12.9,7.1,8d27dae5-8d1f-48d0-bfe1-8875d5d568a5,MP-0079,M5012464-2,8d27dae5-8d1f-48d0-bfe1-8875d5d568a5.1,TYPE_2,22.0,1977c2c7-cd44-4e6f-a827-370cd9aad5bd,Massy Sunset Crest,"Massy Stores Supercenter, Sunset Crest",Holetown,St James,BB,,Massy,578dca79-afd1-4b04-816a-322a7067114b,c7c8dc2e53587b88750bb7fc30247cca,,,,,,SYSTEM,28.50,28.50,0.00,BBD,
c06f60ae-c549-4808-a98c-e5a3729e13bd,2025-11-13 17:30:01,2025-11-13 18:11:07,2025-11-13 13:30:01,2025-11-13 14:11:07,America/Barbados,41.10,7.02,4.6,19.8,8.2,03c821d6-6274-427c-937a-ad91c6bc020d,MP-025,51210097772981,03c821d6-6274-427c-937a-ad91c6bc020d.2,CHADEMO,25.0,79b72a61-f5ca-433f-b824-0c7df1204859,Massy Warrens,Massy Warrens - Massy Stores Supercenter,Warrens,St. Michael,BB,,Massy,578dca79-afd1-4b04-816a-322a7067114b,75b3d6285f999674807ed18dfccf9f69,,,,,,SYSTEM,8.04,8.04,0.00,BBD,
01039504-8e50-4ee8-9378-aec6c32b2b7d,2025-11-13 18:36:57,2025-11-13 18:50:01,2025-11-13 14:36:57,2025-11-13 14:50:01,America/Barbados,13.07,0.00,2.5,17.4,11.5,03c821d6-6274-427c-937a-ad91c6bc020d,MP-025,51210097772981,03c821d6-6274-427c-937a-ad91c6bc020d.2,CHADEMO,25.0,79b72a61-f5ca-433f-b824-0c7df1204859,Massy Warrens,Massy Warrens - Massy Stores Supercenter,Warrens,St. Michael,BB,,Massy,578dca79-afd1-4b04-816a-322a7067114b,564363f1092f00b6d8b93b0dffe923e8,,,,,ff8272b9-b9c0-4e2c-a725-65cbd037a327,RFID,4.37,4.37,0.00,BBD,
14cf7361-a7e0-4dce-a569-80d8ff735912,2025-11-13 20:15:19,2025-11-13 21:07:48,2025-11-13 16:15:19,2025-11-13 17:07:48,America/Barbados,52.48,0.00,22.2,29.0,25.4,03c821d6-6274-427c-937a-ad91c6bc020d,MP-025,51210097772981,03c821d6-6274-427c-937a-ad91c6bc020d.1,CCS_2,25.0,79b72a61-f5ca-433f-b824-0c7df1204859,Massy Warrens,Massy Warrens - Massy Stores Supercenter,Warrens,St. Michael,BB,,Massy,578dca79-afd1-4b04-816a-322a7067114b,a37650d10cfbec0b3a09686403b781b0,,,,,cd1a6858-23e4-44b4-86ef-6893b5e2c87d,RFID,38.85,38.85,0.00,BBD,
041d0e57-1bbd-4858-88a6-b5f77f86676f,2025-11-13 15:02:05,2025-11-13 21:18:42,2025-11-13 11:02:05,2025-11-13 17:18:42,America/Barbados,376.62,0.00,45.3,12.0,7.2,8d27dae5-8d1f-48d0-bfe1-8875d5d568a5,MP-0079,M5012464-2,8d27dae5-8d1f-48d0-bfe1-8875d5d568a5.2,TYPE_2,22.0,1977c2c7-cd44-4e6f-a827-370cd9aad5bd,Massy Sunset Crest,"Massy Stores Supercenter, Sunset Crest",Holetown,St James,BB,,Massy,578dca79-afd1-4b04-816a-322a7067114b,ce2ff17b1b2815c8618594a2b444cc2a,,,,,,SYSTEM,67.94,67.94,0.00,BBD,
819257fb-1e1c-40f9-bba8-3e0738ca27cd,2025-11-14 00:09:25,2025-11-14 00:21:53,2025-11-13 20:09:25,2025-11-13 20:21:53,America/Barbados,12.47,0.07,2.9,23.2,14.2,03c821d6-6274-427c-937a-ad91c6bc020d,MP-025,51210097772981,03c821d6-6274-427c-937a-ad91c6bc020d.3,TYPE_2,25.0,79b72a61-f5ca-433f-b824-0c7df1204859,Massy Warrens,Massy Warrens - Massy Stores Supercenter,Warrens,St. Michael,BB,,Massy,578dca79-afd1-4b04-816a-322a7067114b,7dff719ebd91c7e9f968708dd904f49f,,,,,7e7e5942-cb37-4434-9d92-737fc3e53e7a,RFID,5.07,5.07,0.00,BBD,
5c0fb19e-29f3-408c-8725-0f16a6d4c7a8,2025-11-13 23:49:11,2025-11-14 00:06:44,2025-11-13 19:49:11,2025-11-13 20:06:44,America/Barbados,17.55,0.00,6.2,23.2,21.3,03c821d6-6274-427c-937a-ad91c6bc020d,MP-025,51210097772981,03c821d6-6274-427c-937a-ad91c6bc020d.3,TYPE_2,25.0,79b72a61-f5ca-433f-b824-0c7df1204859,Massy Warrens,Massy Warrens - Massy Stores Supercenter,Warrens,St. Michael,BB,,Massy,578dca79-afd1-4b04-816a-322a7067114b,7dff719ebd91c7e9f968708dd904f49f,,,,,7e7e5942-cb37-4434-9d92-737fc3e53e7a,RFID,10.85,10.85,0.00,BBD,
a4675555-8ef1-4ab3-96b9-5ccae2fd9c4c,2025-11-14 02:03:57,2025-11-14 03:15:15,2025-11-13 22:03:57,2025-11-13 23:15:15,America/Barbados,71.30,0.00,30.3,29.0,25.5,03c821d6-6274-427c-937a-ad91c6bc020d,MP-025,51210097772981,03c821d6-6274-427c-937a-ad91c6bc020d.1,CCS_2,25.0,79b72a61-f5ca-433f-b824-0c7df1204859,Massy Warrens,Massy Warrens - Massy Stores Supercenter,Warrens,St. Michael,BB,,Massy,578dca79-afd1-4b04-816a-322a7067114b,dd4c88acde25753674e21b473fe166ef,,,,,,SYSTEM,53.02,53.02,0.00,BBD,
8832e9c3-b38b-404e-a7a6-c2eea8bf517f,2025-11-14 01:56:54,2025-11-14 03:15:25,2025-11-13 21:56:54,2025-11-13 23:15:25,America/Barbados,78.52,2.07,8.8,11.6,6.9,03c821d6-6274-427c-937a-ad91c6bc020d,MP-025,51210097772981,03c821d6-6274-427c-937a-ad91c6bc020d.3,TYPE_2,25.0,79b72a61-f5ca-433f-b824-0c7df1204859,Massy Warrens,Massy Warrens - Massy Stores Supercenter,Warrens,St. Michael,BB,,Massy,578dca79-afd1-4b04-816a-322a7067114b,b001807c87317e49f14990f69beb2657,,,,,,SYSTEM,15.40,15.40,0.00,BBD,
2fd9552c-3f0c-4511-a9f9-2709e6af7d55,2025-11-14 11:45:33,2025-11-14 11:47:56,2025-11-14 07:45:33,2025-11-14 07:47:56,America/Barbados,2.38,0.00,0.3,15.7,9.2,8d27dae5-8d1f-48d0-bfe1-8875d5d568a5,MP-0079,M5012464-2,8d27dae5-8d1f-48d0-bfe1-8875d5d568a5.2,TYPE_2,22.0,1977c2c7-cd44-4e6f-a827-370cd9aad5bd,Massy Sunset Crest,"Massy Stores Supercenter, Sunset Crest",Holetown,St James,BB,,Massy,578dca79-afd1-4b04-816a-322a7067114b,c7c8dc2e53587b88750bb7fc30247cca,,,,,,SYSTEM,0.44,0.44,0.00,BBD,
b26c365c-eb37-4b07-bfdb-0dc22b4cac98,2025-11-14 14:54:28,2025-11-14 16:03:40,2025-11-14 10:54:28,2025-11-14 12:03:40,America/Barbados,69.20,0.00,29.3,29.0,25.4,03c821d6-6274-427c-937a-ad91c6bc020d,MP-025,51210097772981,03c821d6-6274-427c-937a-ad91c6bc020d.1,CCS_2,25.0,79b72a61-f5ca-433f-b824-0c7df1204859,Massy Warrens,Massy Warrens - Massy Stores Supercenter,Warrens,St. Michael,BB,,Massy,578dca79-afd1-4b04-816a-322a7067114b,5911ffba106a13f8c146db3cc5fdaaf2,,,,,f4154aa6-6205-47f5-bff4-856043d935c8,RFID,51.27,51.27,0.00,BBD,
af518ab4-8245-45cc-ada1-90beb2cd3f20,2025-11-14 16:30:51,2025-11-14 16:31:43,2025-11-14 12:30:51,2025-11-14 12:31:43,America/Barbados,0.87,0.00,0.0,0.0,0.0,024e77fc-3da1-4e73-930e-b76e45511419,MP-001,M5005918-7,024e77fc-3da1-4e73-930e-b76e45511419.2,TYPE_2,7.4,1977c2c7-cd44-4e6f-a827-370cd9aad5bd,Massy Sunset Crest,"Massy Stores Supercenter, Sunset Crest",Holetown,St James,BB,,Massy,578dca79-afd1-4b04-816a-322a7067114b,e6ccdc78f742c2ebda943c4506b7ab80,,,,,,WEB_APP,0.00,0.00,0.00,BBD,
b86fd7f1-1683-49b3-ba25-0125bbc6fe6a,2025-11-14 16:34:06,2025-11-14 16:34:17,2025-11-14 12:34:06,2025-11-14 12:34:17,America/Barbados,0.18,0.00,0.0,0.0,0.0,024e77fc-3da1-4e73-930e-b76e45511419,MP-001,M5005918-7,024e77fc-3da1-4e73-930e-b76e45511419.1,TYPE_2,7.4,1977c2c7-cd44-4e6f-a827-370cd9aad5bd,Massy Sunset Crest,"Massy Stores Supercenter, Sunset Crest",Holetown,St James,BB,,Massy,578dca79-afd1-4b04-816a-322a7067114b,e6ccdc78f742c2ebda943c4506b7ab80,,,,,,WEB_APP,0.00,0.00,0.00,BBD,
dc837778-b30c-47c3-a073-3bd18fcb6bf0,2025-11-14 16:35:11,2025-11-14 17:06:52,2025-11-14 12:35:11,2025-11-14 13:06:52,America/Barbados,31.68,0.68,3.7,12.0,7.2,024e77fc-3da1-4e73-930e-b76e45511419,MP-001,M5005918-7,024e77fc-3da1-4e73-930e-b76e45511419.1,TYPE_2,7.4,1977c2c7-cd44-4e6f-a827-370cd9aad5bd,Massy Sunset Crest,"Massy Stores Supercenter, Sunset Crest",Holetown,St James,BB,,Massy,578dca79-afd1-4b04-816a-322a7067114b,e6ccdc78f742c2ebda943c4506b7ab80,,,,,,WEB_APP,5.55,5.55,0.00,BBD,
5b01c77e-a38b-4091-85fa-a027b7b1ecb5,2025-11-14 17:55:15,2025-11-14 19:15:55,2025-11-14 13:55:15,2025-11-14 15:15:55,America/Barbados,80.67,0.08,33.8,29.0,25.2,03c821d6-6274-427c-937a-ad91c6bc020d,MP-025,51210097772981,03c821d6-6274-427c-937a-ad91c6bc020d.1,CCS_2,25.0,79b72a61-f5ca-433f-b824-0c7df1204859,Massy Warrens,Massy Warrens - Massy Stores Supercenter,Warrens,St. Michael,BB,,Massy,578dca79-afd1-4b04-816a-322a7067114b,53c3e7f13adc18ac7473c99ec64d56c5,,,,,5b11676b-0383-4ad8-a16f-6da4cd89f3e3,RFID,59.14,59.14,0.00,BBD,
24666da1-6ed7-44ad-9455-2d4b7fda78d3,2025-11-14 23:25:33,2025-11-14 23:59:38,2025-11-14 19:25:33,2025-11-14 19:59:38,America/Barbados,34.08,0.00,9.5,23.2,16.8,03c821d6-6274-427c-937a-ad91c6bc020d,MP-025,51210097772981,03c821d6-6274-427c-937a-ad91c6bc020d.3,TYPE_2,25.0,79b72a61-f5ca-433f-b824-0c7df1204859,Massy Warrens,Massy Warrens - Massy Stores Supercenter,Warrens,St. Michael,BB,,Massy,578dca79-afd1-4b04-816a-322a7067114b,7dff719ebd91c7e9f968708dd904f49f,,,,,7e7e5942-cb37-4434-9d92-737fc3e53e7a,RFID,16.62,16.62,0.00,BBD,
5c83d100-7c97-460b-a6a5-73731a771bda,2025-11-14 23:23:54,2025-11-15 01:15:35,2025-11-14 19:23:54,2025-11-14 21:15:35,America/Barbados,111.68,0.00,49.2,72.0,26.8,03c821d6-6274-427c-937a-ad91c6bc020d,MP-025,51210097772981,03c821d6-6274-427c-937a-ad91c6bc020d.1,CCS_2,25.0,79b72a61-f5ca-433f-b824-0c7df1204859,Massy Warrens,Massy Warrens - Massy Stores Supercenter,Warrens,St. Michael,BB,,Massy,578dca79-afd1-4b04-816a-322a7067114b,de496c2b0c06805735691033fa5f0366,,,,,,SYSTEM,86.10,86.10,0.00,BBD,
a1bc5115-ecf5-407e-bfa6-d7d449deca3e,2025-11-15 03:02:13,2025-11-15 03:03:14,2025-11-14 23:02:13,2025-11-14 23:03:14,America/Barbados,1.02,0.00,0.3,19.9,19.9,03c821d6-6274-427c-937a-ad91c6bc020d,MP-025,51210097772981,03c821d6-6274-427c-937a-ad91c6bc020d.2,CHADEMO,25.0,79b72a61-f5ca-433f-b824-0c7df1204859,Massy Warrens,Massy Warrens - Massy Stores Supercenter,Warrens,St. Michael,BB,,Massy,578dca79-afd1-4b04-816a-322a7067114b,73c67cf17341642bab322df3158c8489,,,,,04d15b50-1d56-40d4-bb8f-442cd897543c,RFID,0.52,0.52,0.00,BBD,
1970a6ba-c590-4701-9825-b835eb6ade21,2025-11-15 14:00:29,2025-11-15 14:26:35,2025-11-15 10:00:29,2025-11-15 10:26:35,America/Barbados,26.10,0.10,3.1,12.0,7.1,8d27dae5-8d1f-48d0-bfe1-8875d5d568a5,MP-0079,M5012464-2,8d27dae5-8d1f-48d0-bfe1-8875d5d568a5.2,TYPE_2,22.0,1977c2c7-cd44-4e6f-a827-370cd9aad5bd,Massy Sunset Crest,"Massy Stores Supercenter, Sunset Crest",Holetown,St James,BB,,Massy,578dca79-afd1-4b04-816a-322a7067114b,c932911a27c855e2fa56a5fefaeee4c0,,,,,5eb2fc50-94a3-4727-9ba8-84155cd824c9,RFID,4.65,4.65,0.00,BBD,
5eb87f5f-4523-49d2-9085-2f6bfe6117c1,2025-11-15 15:11:35,2025-11-15 15:42:14,2025-11-15 11:11:35,2025-11-15 11:42:14,America/Barbados,30.65,0.00,12.9,29.5,25.2,03c821d6-6274-427c-937a-ad91c6bc020d,MP-025,51210097772981,03c821d6-6274-427c-937a-ad91c6bc020d.1,CCS_2,25.0,79b72a61-f5ca-433f-b824-0c7df1204859,Massy Warrens,Massy Warrens - Massy Stores Supercenter,Warrens,St. Michael,BB,,Massy,578dca79-afd1-4b04-816a-322a7067114b,aa436482ff3c62bd4fcfea9f8633b21d,,,,,32092b06-1c16-45fb-b236-bdf5e0ac8fa1,RFID,22.57,22.57,0.00,BBD,
af6a3982-5a56-437a-81ee-8274dccf4708,2025-11-15 18:00:27,2025-11-15 18:29:23,2025-11-15 14:00:27,2025-11-15 14:29:23,America/Barbados,28.93,0.00,12.2,29.5,25.3,03c821d6-6274-427c-937a-ad91c6bc020d,MP-025,51210097772981,03c821d6-6274-427c-937a-ad91c6bc020d.1,CCS_2,25.0,79b72a61-f5ca-433f-b824-0c7df1204859,Massy Warrens,Massy Warrens - Massy Stores Supercenter,Warrens,St. Michael,BB,,Massy,578dca79-afd1-4b04-816a-322a7067114b,5911ffba106a13f8c146db3cc5fdaaf2,,,,,f4154aa6-6205-47f5-bff4-856043d935c8,RFID,21.35,21.35,0.00,BBD,
795d37f6-e36c-417d-b275-3c45a7bda551,2025-11-16 10:35:39,2025-11-16 11:02:20,2025-11-16 06:35:39,2025-11-16 07:02:20,America/Barbados,26.68,0.00,3.3,11.8,7.4,03c821d6-6274-427c-937a-ad91c6bc020d,MP-025,51210097772981,03c821d6-6274-427c-937a-ad91c6bc020d.3,TYPE_2,25.0,79b72a61-f5ca-433f-b824-0c7df1204859,Massy Warrens,Massy Warrens - Massy Stores Supercenter,Warrens,St. Michael,BB,,Massy,578dca79-afd1-4b04-816a-322a7067114b,c932911a27c855e2fa56a5fefaeee4c0,,,,,5eb2fc50-94a3-4727-9ba8-84155cd824c9,RFID,5.77,5.77,0.00,BBD,
83ba8a22-af70-49b1-b63f-b98b813abfd9,2025-11-16 11:26:54,2025-11-16 12:39:51,2025-11-16 07:26:54,2025-11-16 08:39:51,America/Barbados,72.95,0.00,8.6,12.0,7.0,8d27dae5-8d1f-48d0-bfe1-8875d5d568a5,MP-0079,M5012464-2,8d27dae5-8d1f-48d0-bfe1-8875d5d568a5.2,TYPE_2,22.0,1977c2c7-cd44-4e6f-a827-370cd9aad5bd,Massy Sunset Crest,"Massy Stores Supercenter, Sunset Crest",Holetown,St James,BB,,Massy,578dca79-afd1-4b04-816a-322a7067114b,c7c8dc2e53587b88750bb7fc30247cca,,,,,,SYSTEM,12.89,12.89,0.00,BBD,
0c08fe75-4a8c-4b58-9af5-c76320c3f792,2025-11-16 15:29:24,2025-11-16 15:59:28,2025-11-16 11:29:24,2025-11-16 11:59:28,America/Barbados,30.07,0.10,13.2,29.0,26.5,03c821d6-6274-427c-937a-ad91c6bc020d,MP-025,51210097772981,03c821d6-6274-427c-937a-ad91c6bc020d.1,CCS_2,25.0,79b72a61-f5ca-433f-b824-0c7df1204859,Massy Warrens,Massy Warrens - Massy Stores Supercenter,Warrens,St. Michael,BB,,Massy,578dca79-afd1-4b04-816a-322a7067114b,a6821fde039d9ccfc1d9ed13d4b5f7af,,,,,,SYSTEM,23.10,23.10,0.00,BBD,
29a48bce-78e7-4fc8-a847-7cfa358dbf97,2025-11-16 16:04:39,2025-11-16 16:59:18,2025-11-16 12:04:39,2025-11-16 12:59:18,America/Barbados,54.65,0.00,21.4,29.0,23.5,03c821d6-6274-427c-937a-ad91c6bc020d,MP-025,51210097772981,03c821d6-6274-427c-937a-ad91c6bc020d.2,CHADEMO,25.0,79b72a61-f5ca-433f-b824-0c7df1204859,Massy Warrens,Massy Warrens - Massy Stores Supercenter,Warrens,St. Michael,BB,,Massy,578dca79-afd1-4b04-816a-322a7067114b,33494eda73e9c3ba132f0a4e6d1d0c25,,,,,5cc27551-651e-4c58-abf3-a19e365f7a67,RFID,37.44,37.44,0.00,BBD,
b4fcbdc6-65df-4bc0-a69a-7351dc909c38,2025-11-16 19:22:51,2025-11-16 20:02:40,2025-11-16 15:22:51,2025-11-16 16:02:40,America/Barbados,39.82,0.82,4.3,12.0,6.6,8d27dae5-8d1f-48d0-bfe1-8875d5d568a5,MP-0079,M5012464-2,8d27dae5-8d1f-48d0-bfe1-8875d5d568a5.2,TYPE_2,22.0,1977c2c7-cd44-4e6f-a827-370cd9aad5bd,Massy Sunset Crest,"Massy Stores Supercenter, Sunset Crest",Holetown,St James,BB,,Massy,578dca79-afd1-4b04-816a-322a7067114b,75b3d6285f999674807ed18dfccf9f69,,,,,,SYSTEM,6.44,6.44,0.00,BBD,
865348f0-878c-4580-904f-54e40a3c0949,2025-11-16 19:32:59,2025-11-16 20:14:04,2025-11-16 15:32:59,2025-11-16 16:14:04,America/Barbados,41.08,0.00,4.4,11.6,6.4,03c821d6-6274-427c-937a-ad91c6bc020d,MP-025,51210097772981,03c821d6-6274-427c-937a-ad91c6bc020d.3,TYPE_2,25.0,79b72a61-f5ca-433f-b824-0c7df1204859,Massy Warrens,Massy Warrens - Massy Stores Supercenter,Warrens,St. Michael,BB,,Massy,578dca79-afd1-4b04-816a-322a7067114b,564363f1092f00b6d8b93b0dffe923e8,,,,,ff8272b9-b9c0-4e2c-a725-65cbd037a327,RFID,7.70,7.70,0.00,BBD,
592629fb-1e77-4015-90e2-f94307a79efa,2025-11-16 18:43:25,2025-11-16 19:17:30,2025-11-16 14:43:25,2025-11-16 15:17:30,America/Barbados,34.08,0.00,11.4,23.2,20.1,03c821d6-6274-427c-937a-ad91c6bc020d,MP-025,51210097772981,03c821d6-6274-427c-937a-ad91c6bc020d.2,CHADEMO,25.0,79b72a61-f5ca-433f-b824-0c7df1204859,Massy Warrens,Massy Warrens - Massy Stores Supercenter,Warrens,St. Michael,BB,,Massy,578dca79-afd1-4b04-816a-322a7067114b,b001807c87317e49f14990f69beb2657,,,,,,SYSTEM,19.95,19.95,0.00,BBD,
c5fc1113-3490-4b35-b17d-b4dad0c1cb66,2025-11-16 20:34:44,2025-11-16 20:34:49,2025-11-16 16:34:44,2025-11-16 16:34:49,America/Barbados,0.08,0.00,0.0,0.0,0.0,03c821d6-6274-427c-937a-ad91c6bc020d,MP-025,51210097772981,03c821d6-6274-427c-937a-ad91c6bc020d.2,CHADEMO,25.0,79b72a61-f5ca-433f-b824-0c7df1204859,Massy Warrens,Massy Warrens - Massy Stores Supercenter,Warrens,St. Michael,BB,,Massy,578dca79-afd1-4b04-816a-322a7067114b,b001807c87317e49f14990f69beb2657,,,,,,SYSTEM,0.00,0.00,0.00,BBD,
4712bebb-d3d4-416b-919c-6ee583d32d97,2025-11-17 10:15:23,2025-11-17 12:28:24,2025-11-17 06:15:23,2025-11-17 08:28:24,America/Barbados,133.02,57.02,9.1,12.4,7.1,8d27dae5-8d1f-48d0-bfe1-8875d5d568a5,MP-0079,M5012464-2,8d27dae5-8d1f-48d0-bfe1-8875d5d568a5.2,TYPE_2,22.0,1977c2c7-cd44-4e6f-a827-370cd9aad5bd,Massy Sunset Crest,"Massy Stores Supercenter, Sunset Crest",Holetown,St James,BB,,Massy,578dca79-afd1-4b04-816a-322a7067114b,c7c8dc2e53587b88750bb7fc30247cca,,,,,,SYSTEM,13.64,13.64,0.00,BBD,
17e23a0e-3500-45eb-92a1-730d1851cf28,2025-11-17 12:21:50,2025-11-17 13:00:48,2025-11-17 08:21:50,2025-11-17 09:00:48,America/Barbados,38.97,0.00,4.1,12.0,6.4,8d27dae5-8d1f-48d0-bfe1-8875d5d568a5,MP-0079,M5012464-2,8d27dae5-8d1f-48d0-bfe1-8875d5d568a5.1,TYPE_2,22.0,1977c2c7-cd44-4e6f-a827-370cd9aad5bd,Massy Sunset Crest,"Massy Stores Supercenter, Sunset Crest",Holetown,St James,BB,,Massy,578dca79-afd1-4b04-816a-322a7067114b,d094140c914a0230b6a3c3c35ba1c158,,,,,18d39925-7b1f-4232-b364-e41448dcf7bd,RFID,6.15,6.15,0.00,BBD,
1bd82fe0-c80d-476f-84c0-c4c4f71787fc,2025-11-17 18:17:16,2025-11-17 18:48:13,2025-11-17 14:17:16,2025-11-17 14:48:13,America/Barbados,30.95,0.00,8.6,29.0,16.7,03c821d6-6274-427c-937a-ad91c6bc020d,MP-025,51210097772981,03c821d6-6274-427c-937a-ad91c6bc020d.1,CCS_2,25.0,79b72a61-f5ca-433f-b824-0c7df1204859,Massy Warrens,Massy Warrens - Massy Stores Supercenter,Warrens,St. Michael,BB,,Massy,578dca79-afd1-4b04-816a-322a7067114b,0e411a7aae18e5bf462136072fec76ab,,,,,,SYSTEM,15.05,15.05,0.00,BBD,
87ec6b35-fd3d-46cb-9467-f97f395c37fd,2025-11-18 15:44:57,2025-11-18 17:14:12,2025-11-18 11:44:57,2025-11-18 13:14:12,America/Barbados,89.25,2.07,30.8,41.5,21.0,03c821d6-6274-427c-937a-ad91c6bc020d,MP-025,51210097772981,03c821d6-6274-427c-937a-ad91c6bc020d.1,CCS_2,25.0,79b72a61-f5ca-433f-b824-0c7df1204859,Massy Warrens,Massy Warrens - Massy Stores Supercenter,Warrens,St. Michael,BB,,Massy,578dca79-afd1-4b04-816a-322a7067114b,8c290a4c21b8c20a0f926f77c91692a0,,,,,,SYSTEM,53.90,53.90,0.00,BBD,
8c5d6a82-0af8-4cca-9f7d-0c7d7ba579ab,2025-11-18 16:57:18,2025-11-18 17:19:47,2025-11-18 12:57:18,2025-11-18 13:19:47,America/Barbados,22.48,0.00,2.4,11.6,6.5,03c821d6-6274-427c-937a-ad91c6bc020d,MP-025,51210097772981,03c821d6-6274-427c-937a-ad91c6bc020d.3,TYPE_2,25.0,79b72a61-f5ca-433f-b824-0c7df1204859,Massy Warrens,Massy Warrens - Massy Stores Supercenter,Warrens,St. Michael,BB,,Massy,578dca79-afd1-4b04-816a-322a7067114b,564363f1092f00b6d8b93b0dffe923e8,,,,,ff8272b9-b9c0-4e2c-a725-65cbd037a327,RFID,4.20,4.20,0.00,BBD,
bfaec2cc-9436-426b-b0e2-a8e5b419549f,2025-11-18 17:20:33,2025-11-18 17:27:43,2025-11-18 13:20:33,2025-11-18 13:27:43,America/Barbados,7.17,0.00,1.4,17.4,11.8,03c821d6-6274-427c-937a-ad91c6bc020d,MP-025,51210097772981,03c821d6-6274-427c-937a-ad91c6bc020d.2,CHADEMO,25.0,79b72a61-f5ca-433f-b824-0c7df1204859,Massy Warrens,Massy Warrens - Massy Stores Supercenter,Warrens,St. Michael,BB,,Massy,578dca79-afd1-4b04-816a-322a7067114b,564363f1092f00b6d8b93b0dffe923e8,,,,,ff8272b9-b9c0-4e2c-a725-65cbd037a327,RFID,2.44,2.44,0.00,BBD,
79257348-b9e6-45e0-a63f-e9bea5ef3186,2025-11-18 18:31:10,2025-11-18 20:24:58,2025-11-18 14:31:10,2025-11-18 16:24:58,America/Barbados,113.80,0.13,48.1,29.0,25.4,03c821d6-6274-427c-937a-ad91c6bc020d,MP-025,51210097772981,03c821d6-6274-427c-937a-ad91c6bc020d.1,CCS_2,25.0,79b72a61-f5ca-433f-b824-0c7df1204859,Massy Warrens,Massy Warrens - Massy Stores Supercenter,Warrens,St. Michael,BB,,Massy,578dca79-afd1-4b04-816a-322a7067114b,8c290a4c21b8c20a0f926f77c91692a0,,,,,,SYSTEM,84.17,84.17,0.00,BBD,
ec411717-08e0-42a0-b933-3205ea38c743,2025-11-18 23:14:33,2025-11-19 01:42:37,2025-11-18 19:14:33,2025-11-18 21:42:37,America/Barbados,148.07,108.07,4.0,6.0,5.8,8d27dae5-8d1f-48d0-bfe1-8875d5d568a5,MP-0079,M5012464-2,8d27dae5-8d1f-48d0-bfe1-8875d5d568a5.1,TYPE_2,22.0,1977c2c7-cd44-4e6f-a827-370cd9aad5bd,Massy Sunset Crest,"Massy Stores Supercenter, Sunset Crest",Holetown,St James,BB,,Massy,578dca79-afd1-4b04-816a-322a7067114b,768d1282fc5a8c161355988d1098736a,,,,,,SYSTEM,6.00,6.00,0.00,BBD,
4c0da11f-c375-41e1-ae83-fb2fb5d7eb0d,2025-11-19 21:51:54,2025-11-19 22:08:42,2025-11-19 17:51:54,2025-11-19 18:08:42,America/Barbados,16.80,0.00,7.0,29.0,25.0,03c821d6-6274-427c-937a-ad91c6bc020d,MP-025,51210097772981,03c821d6-6274-427c-937a-ad91c6bc020d.1,CCS_2,25.0,79b72a61-f5ca-433f-b824-0c7df1204859,Massy Warrens,Massy Warrens - Massy Stores Supercenter,Warrens,St. Michael,BB,,Massy,578dca79-afd1-4b04-816a-322a7067114b,4df9c2d386f9bad2c1558ef9674edfdb,,,,,cfb2a15d-c3ab-477a-b0c5-e81228d7ae3c,RFID,12.25,12.25,0.00,BBD,
1106bf39-6e55-4594-9d50-fb17b13118bd,2025-11-19 22:21:39,2025-11-19 22:51:31,2025-11-19 18:21:39,2025-11-19 18:51:31,America/Barbados,29.87,0.00,9.4,23.6,18.9,03c821d6-6274-427c-937a-ad91c6bc020d,MP-025,51210097772981,03c821d6-6274-427c-937a-ad91c6bc020d.3,TYPE_2,25.0,79b72a61-f5ca-433f-b824-0c7df1204859,Massy Warrens,Massy Warrens - Massy Stores Supercenter,Warrens,St. Michael,BB,,Massy,578dca79-afd1-4b04-816a-322a7067114b,7dff719ebd91c7e9f968708dd904f49f,,,,,7e7e5942-cb37-4434-9d92-737fc3e53e7a,RFID,16.45,16.45,0.00,BBD,
b6cfbbed-6698-49c3-b57b-95dc01205883,2025-11-19 22:23:35,2025-11-19 23:27:59,2025-11-19 18:23:35,2025-11-19 19:27:59,America/Barbados,64.40,0.00,27.1,36.0,25.4,03c821d6-6274-427c-937a-ad91c6bc020d,MP-025,51210097772981,03c821d6-6274-427c-937a-ad91c6bc020d.1,CCS_2,25.0,79b72a61-f5ca-433f-b824-0c7df1204859,Massy Warrens,Massy Warrens - Massy Stores Supercenter,Warrens,St. Michael,BB,,Massy,578dca79-afd1-4b04-816a-322a7067114b,5c4f49ce6ad0f9ac8a33633f7c037d8f,,,,,f23bdd84-2d5a-473e-b40e-35ccbda3e601,RFID,0.00,0.00,0.00,BBD,
ec5ff944-cb43-4c21-8497-f779fac93e5d,2025-11-20 11:15:23,2025-11-20 11:32:02,2025-11-20 07:15:23,2025-11-20 07:32:02,America/Barbados,16.65,0.00,1.9,12.0,7.4,8d27dae5-8d1f-48d0-bfe1-8875d5d568a5,MP-0079,M5012464-2,8d27dae5-8d1f-48d0-bfe1-8875d5d568a5.2,TYPE_2,22.0,1977c2c7-cd44-4e6f-a827-370cd9aad5bd,Massy Sunset Crest,"Massy Stores Supercenter, Sunset Crest",Holetown,St James,BB,,Massy,578dca79-afd1-4b04-816a-322a7067114b,c7c8dc2e53587b88750bb7fc30247cca,,,,,,SYSTEM,2.84,2.84,0.00,BBD,
62b20fc6-86cc-4177-a568-8c8e1c28be47,2025-11-20 13:19:36,2025-11-20 13:47:53,2025-11-20 09:19:36,2025-11-20 09:47:53,America/Barbados,28.28,0.00,4.9,17.4,10.6,03c821d6-6274-427c-937a-ad91c6bc020d,MP-025,51210097772981,03c821d6-6274-427c-937a-ad91c6bc020d.2,CHADEMO,25.0,79b72a61-f5ca-433f-b824-0c7df1204859,Massy Warrens,Massy Warrens - Massy Stores Supercenter,Warrens,St. Michael,BB,,Massy,578dca79-afd1-4b04-816a-322a7067114b,564363f1092f00b6d8b93b0dffe923e8,,,,,ff8272b9-b9c0-4e2c-a725-65cbd037a327,RFID,8.57,8.57,0.00,BBD,
c76b36e4-bdb9-4dbe-8f1d-50bde173a1b2,2025-11-20 13:53:22,2025-11-20 14:16:49,2025-11-20 09:53:22,2025-11-20 10:16:49,America/Barbados,23.45,0.00,9.8,33.5,25.3,03c821d6-6274-427c-937a-ad91c6bc020d,MP-025,51210097772981,03c821d6-6274-427c-937a-ad91c6bc020d.1,CCS_2,25.0,79b72a61-f5ca-433f-b824-0c7df1204859,Massy Warrens,Massy Warrens - Massy Stores Supercenter,Warrens,St. Michael,BB,,Massy,578dca79-afd1-4b04-816a-322a7067114b,0e411a7aae18e5bf462136072fec76ab,,,,,,SYSTEM,17.15,17.15,0.00,BBD,
0cf0f0b9-ceb9-4ea9-905b-0de779a33a6b,2025-11-20 18:42:17,2025-11-20 19:04:29,2025-11-20 14:42:17,2025-11-20 15:04:29,America/Barbados,22.20,0.00,8.3,29.0,22.6,03c821d6-6274-427c-937a-ad91c6bc020d,MP-025,51210097772981,03c821d6-6274-427c-937a-ad91c6bc020d.2,CHADEMO,25.0,79b72a61-f5ca-433f-b824-0c7df1204859,Massy Warrens,Massy Warrens - Massy Stores Supercenter,Warrens,St. Michael,BB,,Massy,578dca79-afd1-4b04-816a-322a7067114b,18008f87ad6a61c9256e97b54b5cf26c,,,,,,DASHBOARD,0.00,0.00,0.00,BBD,
49a9c5ce-73fd-46d5-8fac-c8e35116baff,2025-11-20 18:50:43,2025-11-20 19:05:41,2025-11-20 14:50:43,2025-11-20 15:05:41,America/Barbados,14.97,0.50,1.6,11.8,6.7,03c821d6-6274-427c-937a-ad91c6bc020d,MP-025,51210097772981,03c821d6-6274-427c-937a-ad91c6bc020d.3,TYPE_2,25.0,79b72a61-f5ca-433f-b824-0c7df1204859,Massy Warrens,Massy Warrens - Massy Stores Supercenter,Warrens,St. Michael,BB,,Massy,578dca79-afd1-4b04-816a-322a7067114b,564363f1092f00b6d8b93b0dffe923e8,,,,,ff8272b9-b9c0-4e2c-a725-65cbd037a327,RFID,2.80,2.80,0.00,BBD,
1c645a4c-8398-4f55-9d49-cc4d22f841e9,2025-11-20 19:07:28,2025-11-20 19:21:48,2025-11-20 15:07:28,2025-11-20 15:21:48,America/Barbados,14.33,0.00,3.4,19.9,14.3,03c821d6-6274-427c-937a-ad91c6bc020d,MP-025,51210097772981,03c821d6-6274-427c-937a-ad91c6bc020d.2,CHADEMO,25.0,79b72a61-f5ca-433f-b824-0c7df1204859,Massy Warrens,Massy Warrens - Massy Stores Supercenter,Warrens,St. Michael,BB,,Massy,578dca79-afd1-4b04-816a-322a7067114b,564363f1092f00b6d8b93b0dffe923e8,,,,,ff8272b9-b9c0-4e2c-a725-65cbd037a327,RFID,5.95,5.95,0.00,BBD,
f5d98a36-fe68-4cfb-9b23-53f2a0858fbf,2025-11-21 09:37:08,2025-11-21 11:12:57,2025-11-21 05:37:08,2025-11-21 07:12:57,America/Barbados,95.82,0.00,40.7,29.0,25.5,03c821d6-6274-427c-937a-ad91c6bc020d,MP-025,51210097772981,03c821d6-6274-427c-937a-ad91c6bc020d.1,CCS_2,25.0,79b72a61-f5ca-433f-b824-0c7df1204859,Massy Warrens,Massy Warrens - Massy Stores Supercenter,Warrens,St. Michael,BB,,Massy,578dca79-afd1-4b04-816a-322a7067114b,a37650d10cfbec0b3a09686403b781b0,,,,,cd1a6858-23e4-44b4-86ef-6893b5e2c87d,RFID,71.22,71.22,0.00,BBD,
d7c46b39-b3f9-4bec-90c0-08d70bd2459a,2025-11-21 11:27:33,2025-11-21 12:57:16,2025-11-21 07:27:33,2025-11-21 08:57:16,America/Barbados,89.72,25.68,7.5,12.0,7.0,8d27dae5-8d1f-48d0-bfe1-8875d5d568a5,MP-0079,M5012464-2,8d27dae5-8d1f-48d0-bfe1-8875d5d568a5.2,TYPE_2,22.0,1977c2c7-cd44-4e6f-a827-370cd9aad5bd,Massy Sunset Crest,"Massy Stores Supercenter, Sunset Crest",Holetown,St James,BB,,Massy,578dca79-afd1-4b04-816a-322a7067114b,c7c8dc2e53587b88750bb7fc30247cca,,,,,,SYSTEM,11.25,11.25,0.00,BBD,
49279f6d-9d6e-499a-8957-2a1e7beadd1c,2025-11-21 12:50:26,2025-11-21 12:57:48,2025-11-21 08:50:26,2025-11-21 08:57:48,America/Barbados,7.37,0.00,3.1,40.0,27.1,03c821d6-6274-427c-937a-ad91c6bc020d,MP-025,51210097772981,03c821d6-6274-427c-937a-ad91c6bc020d.1,CCS_2,25.0,79b72a61-f5ca-433f-b824-0c7df1204859,Massy Warrens,Massy Warrens - Massy Stores Supercenter,Warrens,St. Michael,BB,,Massy,578dca79-afd1-4b04-816a-322a7067114b,aa436482ff3c62bd4fcfea9f8633b21d,,,,,32092b06-1c16-45fb-b236-bdf5e0ac8fa1,RFID,5.42,5.42,0.00,BBD,
6a6b4031-1fbc-447a-b252-c3c898e02601,2025-11-21 15:55:27,2025-11-21 16:36:44,2025-11-21 11:55:27,2025-11-21 12:36:44,America/Barbados,41.28,0.00,16.7,34.8,24.3,03c821d6-6274-427c-937a-ad91c6bc020d,MP-025,51210097772981,03c821d6-6274-427c-937a-ad91c6bc020d.1,CCS_2,25.0,79b72a61-f5ca-433f-b824-0c7df1204859,Massy Warrens,Massy Warrens - Massy Stores Supercenter,Warrens,St. Michael,BB,,Massy,578dca79-afd1-4b04-816a-322a7067114b,53c3e7f13adc18ac7473c99ec64d56c5,,,,,5b11676b-0383-4ad8-a16f-6da4cd89f3e3,RFID,29.22,29.22,0.00,BBD,
37b84a0a-2d06-4ed8-81be-88be127e7a86,2025-11-21 20:50:12,2025-11-21 21:55:19,2025-11-21 16:50:12,2025-11-21 17:55:19,America/Barbados,65.12,0.03,26.9,29.0,24.8,03c821d6-6274-427c-937a-ad91c6bc020d,MP-025,51210097772981,03c821d6-6274-427c-937a-ad91c6bc020d.1,CCS_2,25.0,79b72a61-f5ca-433f-b824-0c7df1204859,Massy Warrens,Massy Warrens - Massy Stores Supercenter,Warrens,St. Michael,BB,,Massy,578dca79-afd1-4b04-816a-322a7067114b,16dbfb519321769e0562336d69d3d0fd,,,,,89c14d08-b48c-4fa3-b0d0-a856ee62a9b4,RFID,47.07,47.07,0.00,BBD,
030ed74a-a011-4430-bab3-910e77ae6006,2025-11-21 23:29:30,2025-11-22 00:01:22,2025-11-21 19:29:30,2025-11-21 20:01:22,America/Barbados,31.87,0.00,10.1,23.2,19.0,03c821d6-6274-427c-937a-ad91c6bc020d,MP-025,51210097772981,03c821d6-6274-427c-937a-ad91c6bc020d.3,TYPE_2,25.0,79b72a61-f5ca-433f-b824-0c7df1204859,Massy Warrens,Massy Warrens - Massy Stores Supercenter,Warrens,St. Michael,BB,,Massy,578dca79-afd1-4b04-816a-322a7067114b,7dff719ebd91c7e9f968708dd904f49f,,,,,7e7e5942-cb37-4434-9d92-737fc3e53e7a,RFID,17.67,17.67,0.00,BBD,
890ed716-197b-46ea-874c-a566e58c1985,2025-11-21 21:59:59,2025-11-22 00:40:41,2025-11-21 17:59:59,2025-11-21 20:40:41,America/Barbados,160.70,0.00,69.0,34.8,25.7,03c821d6-6274-427c-937a-ad91c6bc020d,MP-025,51210097772981,03c821d6-6274-427c-937a-ad91c6bc020d.1,CCS_2,25.0,79b72a61-f5ca-433f-b824-0c7df1204859,Massy Warrens,Massy Warrens - Massy Stores Supercenter,Warrens,St. Michael,BB,,Massy,578dca79-afd1-4b04-816a-322a7067114b,cd9b0cfe86935ce92f6438f09944296e,,,,,,SYSTEM,120.75,120.75,0.00,BBD,
960e7ef0-50fa-4d44-8337-ebafd33bd585,2025-11-22 15:05:41,2025-11-22 15:39:44,2025-11-22 11:05:41,2025-11-22 11:39:44,America/Barbados,34.05,2.02,6.1,17.4,11.5,03c821d6-6274-427c-937a-ad91c6bc020d,MP-025,51210097772981,03c821d6-6274-427c-937a-ad91c6bc020d.2,CHADEMO,25.0,79b72a61-f5ca-433f-b824-0c7df1204859,Massy Warrens,Massy Warrens - Massy Stores Supercenter,Warrens,St. Michael,BB,,Massy,578dca79-afd1-4b04-816a-322a7067114b,cd2bba1eca5faa93049b52161905acf8,,,,,81f31cbe-ab95-4b3c-8c72-a4de34560734,RFID,10.67,10.67,0.00,BBD,
fea61eb4-279b-4148-8faf-6e4a1d1d4280,2025-11-22 18:55:02,2025-11-22 19:15:13,2025-11-22 14:55:02,2025-11-22 15:15:13,America/Barbados,20.18,1.58,3.3,19.3,10.8,03c821d6-6274-427c-937a-ad91c6bc020d,MP-025,51210097772981,03c821d6-6274-427c-937a-ad91c6bc020d.2,CHADEMO,25.0,79b72a61-f5ca-433f-b824-0c7df1204859,Massy Warrens,Massy Warrens - Massy Stores Supercenter,Warrens,St. Michael,BB,,Massy,578dca79-afd1-4b04-816a-322a7067114b,cd2bba1eca5faa93049b52161905acf8,,,,,81f31cbe-ab95-4b3c-8c72-a4de34560734,RFID,5.77,5.77,0.00,BBD,
c5d268d2-ad06-419f-9d21-3dec14cb524d,2025-11-22 19:15:53,2025-11-22 19:20:41,2025-11-22 15:15:53,2025-11-22 15:20:41,America/Barbados,4.80,2.07,0.3,8.8,7.1,03c821d6-6274-427c-937a-ad91c6bc020d,MP-025,51210097772981,03c821d6-6274-427c-937a-ad91c6bc020d.2,CHADEMO,25.0,79b72a61-f5ca-433f-b824-0c7df1204859,Massy Warrens,Massy Warrens - Massy Stores Supercenter,Warrens,St. Michael,BB,,Massy,578dca79-afd1-4b04-816a-322a7067114b,cd2bba1eca5faa93049b52161905acf8,,,,,,WEB_APP,0.52,0.52,0.00,BBD,
45322a3b-995c-4a1a-b230-6ede420e23be,2025-11-22 19:39:13,2025-11-22 21:11:38,2025-11-22 15:39:13,2025-11-22 17:11:38,America/Barbados,92.42,0.00,39.2,29.0,25.4,03c821d6-6274-427c-937a-ad91c6bc020d,MP-025,51210097772981,03c821d6-6274-427c-937a-ad91c6bc020d.1,CCS_2,25.0,79b72a61-f5ca-433f-b824-0c7df1204859,Massy Warrens,Massy Warrens - Massy Stores Supercenter,Warrens,St. Michael,BB,,Massy,578dca79-afd1-4b04-816a-322a7067114b,5911ffba106a13f8c146db3cc5fdaaf2,,,,,f4154aa6-6205-47f5-bff4-856043d935c8,RFID,68.60,68.60,0.00,BBD,
5b97d7c0-e91f-44ef-9eec-4e363de4e72d,2025-11-22 23:07:24,2025-11-22 23:40:33,2025-11-22 19:07:24,2025-11-22 19:40:33,America/Barbados,33.15,0.08,10.9,23.2,19.8,03c821d6-6274-427c-937a-ad91c6bc020d,MP-025,51210097772981,03c821d6-6274-427c-937a-ad91c6bc020d.3,TYPE_2,25.0,79b72a61-f5ca-433f-b824-0c7df1204859,Massy Warrens,Massy Warrens - Massy Stores Supercenter,Warrens,St. Michael,BB,,Massy,578dca79-afd1-4b04-816a-322a7067114b,7dff719ebd91c7e9f968708dd904f49f,,,,,7e7e5942-cb37-4434-9d92-737fc3e53e7a,RFID,19.07,19.07,0.00,BBD,
994bebf2-fe26-4aa7-9947-6287defbc16a,2025-11-22 23:21:03,2025-11-22 23:46:52,2025-11-22 19:21:03,2025-11-22 19:46:52,America/Barbados,25.82,0.00,11.3,29.0,26.4,03c821d6-6274-427c-937a-ad91c6bc020d,MP-025,51210097772981,03c821d6-6274-427c-937a-ad91c6bc020d.1,CCS_2,25.0,79b72a61-f5ca-433f-b824-0c7df1204859,Massy Warrens,Massy Warrens - Massy Stores Supercenter,Warrens,St. Michael,BB,,Massy,578dca79-afd1-4b04-816a-322a7067114b,9f3e3397fbfc51ade33570e9eee0fd78,,,,,,SYSTEM,19.77,19.77,0.00,BBD,
484a0ef1-786d-4ff7-84aa-252e40610572,2025-11-23 19:03:05,2025-11-23 20:35:19,2025-11-23 15:03:05,2025-11-23 16:35:19,America/Barbados,92.23,9.55,25.8,29.0,18.7,03c821d6-6274-427c-937a-ad91c6bc020d,MP-025,51210097772981,03c821d6-6274-427c-937a-ad91c6bc020d.2,CHADEMO,25.0,79b72a61-f5ca-433f-b824-0c7df1204859,Massy Warrens,Massy Warrens - Massy Stores Supercenter,Warrens,St. Michael,BB,,Massy,578dca79-afd1-4b04-816a-322a7067114b,6db49741c7fd7da55950c2da36831943,,,,,,SYSTEM,45.15,45.15,0.00,BBD,
92913142-4bfb-4e1a-a5b3-6389929a202c,2025-11-23 21:47:00,2025-11-23 23:34:58,2025-11-23 17:47:00,2025-11-23 19:34:58,America/Barbados,107.97,0.00,41.1,34.8,22.8,03c821d6-6274-427c-937a-ad91c6bc020d,MP-025,51210097772981,03c821d6-6274-427c-937a-ad91c6bc020d.1,CCS_2,25.0,79b72a61-f5ca-433f-b824-0c7df1204859,Massy Warrens,Massy Warrens - Massy Stores Supercenter,Warrens,St. Michael,BB,,Massy,578dca79-afd1-4b04-816a-322a7067114b,dd4c88acde25753674e21b473fe166ef,,,,,,SYSTEM,71.92,71.92,0.00,BBD,
8bdb4f27-af71-4892-a4ad-ff29d6c5e9b0,2025-11-24 12:31:04,2025-11-24 14:05:38,2025-11-24 08:31:04,2025-11-24 10:05:38,America/Barbados,94.57,2.07,34.0,29.0,22.0,03c821d6-6274-427c-937a-ad91c6bc020d,MP-025,51210097772981,03c821d6-6274-427c-937a-ad91c6bc020d.1,CCS_2,25.0,79b72a61-f5ca-433f-b824-0c7df1204859,Massy Warrens,Massy Warrens - Massy Stores Supercenter,Warrens,St. Michael,BB,,Massy,578dca79-afd1-4b04-816a-322a7067114b,646e6f6a3dc9b3baf56730afeab800ea,,,,,,SYSTEM,59.50,59.50,0.00,BBD,
9959c013-df87-4023-88b4-96d3c9695592,2025-11-24 19:17:54,2025-11-24 19:33:24,2025-11-24 15:17:54,2025-11-24 15:33:24,America/Barbados,15.50,0.00,6.5,29.0,25.3,03c821d6-6274-427c-937a-ad91c6bc020d,MP-025,51210097772981,03c821d6-6274-427c-937a-ad91c6bc020d.1,CCS_2,25.0,79b72a61-f5ca-433f-b824-0c7df1204859,Massy Warrens,Massy Warrens - Massy Stores Supercenter,Warrens,St. Michael,BB,,Massy,578dca79-afd1-4b04-816a-322a7067114b,033047ab5a40bfd2d0d1a39ccc476e1f,,,,,,SYSTEM,11.37,11.37,0.00,BBD,
540aa65e-8e30-4f11-aae8-35fffbb9ac9f,2025-11-24 21:25:50,2025-11-24 21:46:25,2025-11-24 17:25:50,2025-11-24 17:46:25,America/Barbados,20.58,0.00,8.7,29.0,25.5,03c821d6-6274-427c-937a-ad91c6bc020d,MP-025,51210097772981,03c821d6-6274-427c-937a-ad91c6bc020d.1,CCS_2,25.0,79b72a61-f5ca-433f-b824-0c7df1204859,Massy Warrens,Massy Warrens - Massy Stores Supercenter,Warrens,St. Michael,BB,,Massy,578dca79-afd1-4b04-816a-322a7067114b,4df9c2d386f9bad2c1558ef9674edfdb,,,,,cfb2a15d-c3ab-477a-b0c5-e81228d7ae3c,RFID,15.22,15.22,0.00,BBD,
ae1f7d6a-0786-46f6-8c2b-d78b41c15550,2025-11-24 22:38:34,2025-11-24 23:05:35,2025-11-24 18:38:34,2025-11-24 19:05:35,America/Barbados,27.02,0.00,11.3,36.0,25.5,03c821d6-6274-427c-937a-ad91c6bc020d,MP-025,51210097772981,03c821d6-6274-427c-937a-ad91c6bc020d.1,CCS_2,25.0,79b72a61-f5ca-433f-b824-0c7df1204859,Massy Warrens,Massy Warrens - Massy Stores Supercenter,Warrens,St. Michael,BB,,Massy,578dca79-afd1-4b04-816a-322a7067114b,0e411a7aae18e5bf462136072fec76ab,,,,,,SYSTEM,19.77,19.77,0.00,BBD,
969bca91-d9b2-4b8f-ac43-c80649af7fa3,2025-11-24 23:41:14,2025-11-25 00:14:40,2025-11-24 19:41:14,2025-11-24 20:14:40,America/Barbados,33.43,0.00,10.9,23.2,19.5,03c821d6-6274-427c-937a-ad91c6bc020d,MP-025,51210097772981,03c821d6-6274-427c-937a-ad91c6bc020d.3,TYPE_2,25.0,79b72a61-f5ca-433f-b824-0c7df1204859,Massy Warrens,Massy Warrens - Massy Stores Supercenter,Warrens,St. Michael,BB,,Massy,578dca79-afd1-4b04-816a-322a7067114b,7dff719ebd91c7e9f968708dd904f49f,,,,,7e7e5942-cb37-4434-9d92-737fc3e53e7a,RFID,19.07,19.07,0.00,BBD,
4d34010c-3ac4-4895-a687-df9ea0588bd1,2025-11-25 11:11:39,2025-11-25 11:57:09,2025-11-25 07:11:39,2025-11-25 07:57:09,America/Barbados,45.50,0.00,19.4,120.0,27.6,03c821d6-6274-427c-937a-ad91c6bc020d,MP-025,51210097772981,03c821d6-6274-427c-937a-ad91c6bc020d.1,CCS_2,25.0,79b72a61-f5ca-433f-b824-0c7df1204859,Massy Warrens,Massy Warrens - Massy Stores Supercenter,Warrens,St. Michael,BB,,Massy,578dca79-afd1-4b04-816a-322a7067114b,a37650d10cfbec0b3a09686403b781b0,,,,,cd1a6858-23e4-44b4-86ef-6893b5e2c87d,RFID,33.94,33.94,0.00,BBD,
d3aad66f-997d-421d-9c31-170b042e9d5e,2025-11-25 16:27:09,2025-11-25 17:36:59,2025-11-25 12:27:09,2025-11-25 13:36:59,America/Barbados,69.83,0.00,7.5,12.0,6.5,8d27dae5-8d1f-48d0-bfe1-8875d5d568a5,MP-0079,M5012464-2,8d27dae5-8d1f-48d0-bfe1-8875d5d568a5.2,TYPE_2,22.0,1977c2c7-cd44-4e6f-a827-370cd9aad5bd,Massy Sunset Crest,"Massy Stores Supercenter, Sunset Crest",Holetown,St James,BB,,Massy,578dca79-afd1-4b04-816a-322a7067114b,33494eda73e9c3ba132f0a4e6d1d0c25,,,,,dcef38bf-c058-4d81-9271-60afa04cd4bd,RFID,11.25,11.25,0.00,BBD,
c0ef531e-25e7-4847-ab87-454792c2e368,2025-11-25 19:10:31,2025-11-25 19:41:41,2025-11-25 15:10:31,2025-11-25 15:41:41,America/Barbados,31.17,0.00,12.4,30.0,24.1,03c821d6-6274-427c-937a-ad91c6bc020d,MP-025,51210097772981,03c821d6-6274-427c-937a-ad91c6bc020d.1,CCS_2,25.0,79b72a61-f5ca-433f-b824-0c7df1204859,Massy Warrens,Massy Warrens - Massy Stores Supercenter,Warrens,St. Michael,BB,,Massy,578dca79-afd1-4b04-816a-322a7067114b,0e411a7aae18e5bf462136072fec76ab,,,,,,SYSTEM,21.70,21.70,0.00,BBD,
bba09515-27fc-4696-8c7e-02c3826c812d,2025-11-25 21:47:12,2025-11-25 22:17:34,2025-11-25 17:47:12,2025-11-25 18:17:34,America/Barbados,30.37,11.32,1.8,6.0,5.7,8d27dae5-8d1f-48d0-bfe1-8875d5d568a5,MP-0079,M5012464-2,8d27dae5-8d1f-48d0-bfe1-8875d5d568a5.1,TYPE_2,22.0,1977c2c7-cd44-4e6f-a827-370cd9aad5bd,Massy Sunset Crest,"Massy Stores Supercenter, Sunset Crest",Holetown,St James,BB,,Massy,578dca79-afd1-4b04-816a-322a7067114b,768d1282fc5a8c161355988d1098736a,,,,,,SYSTEM,2.70,2.70,0.00,BBD,
6c868911-aeca-41aa-8bdb-6b1e464fd169,2025-11-26 05:32:34,2025-11-26 06:45:32,2025-11-26 01:32:34,2025-11-26 02:45:32,America/Barbados,72.97,0.63,25.5,29.0,21.2,03c821d6-6274-427c-937a-ad91c6bc020d,MP-025,51210097772981,03c821d6-6274-427c-937a-ad91c6bc020d.1,CCS_2,25.0,79b72a61-f5ca-433f-b824-0c7df1204859,Massy Warrens,Massy Warrens - Massy Stores Supercenter,Warrens,St. Michael,BB,,Massy,578dca79-afd1-4b04-816a-322a7067114b,dd4c88acde25753674e21b473fe166ef,,,,,,SYSTEM,44.62,44.62,0.00,BBD,
34a0f7e6-3ce3-4086-b652-1573c194f914,2025-11-26 21:22:40,2025-11-26 23:25:39,2025-11-26 17:22:40,2025-11-26 19:25:39,America/Barbados,122.98,1.05,49.2,29.0,24.4,03c821d6-6274-427c-937a-ad91c6bc020d,MP-025,51210097772981,03c821d6-6274-427c-937a-ad91c6bc020d.1,CCS_2,25.0,79b72a61-f5ca-433f-b824-0c7df1204859,Massy Warrens,Massy Warrens - Massy Stores Supercenter,Warrens,St. Michael,BB,,Massy,578dca79-afd1-4b04-816a-322a7067114b,646e6f6a3dc9b3baf56730afeab800ea,,,,,,SYSTEM,86.10,86.10,0.00,BBD,
5ccbfe1e-3fef-4ad9-918f-65020a0b5ca2,2025-11-26 22:55:35,2025-11-27 02:23:18,2025-11-26 18:55:35,2025-11-26 22:23:18,America/Barbados,207.72,15.67,23.2,12.0,7.4,8d27dae5-8d1f-48d0-bfe1-8875d5d568a5,MP-0079,M5012464-2,8d27dae5-8d1f-48d0-bfe1-8875d5d568a5.1,TYPE_2,22.0,1977c2c7-cd44-4e6f-a827-370cd9aad5bd,Massy Sunset Crest,"Massy Stores Supercenter, Sunset Crest",Holetown,St James,BB,,Massy,578dca79-afd1-4b04-816a-322a7067114b,07a077acd1df0fe6d535fa7725a622fe,,,,,,SYSTEM,34.79,34.79,0.00,BBD,
b2480541-e994-4346-b0ec-3825823baec0,2025-11-27 02:56:56,2025-11-27 03:33:59,2025-11-26 22:56:56,2025-11-26 23:33:59,America/Barbados,37.05,0.00,11.0,29.0,17.8,03c821d6-6274-427c-937a-ad91c6bc020d,MP-025,51210097772981,03c821d6-6274-427c-937a-ad91c6bc020d.1,CCS_2,25.0,79b72a61-f5ca-433f-b824-0c7df1204859,Massy Warrens,Massy Warrens - Massy Stores Supercenter,Warrens,St. Michael,BB,,Massy,578dca79-afd1-4b04-816a-322a7067114b,dd4c88acde25753674e21b473fe166ef,,,,,,SYSTEM,19.25,19.25,0.00,BBD,
df419f06-dbff-43eb-89c7-36df754cacf8,2025-11-27 16:27:52,2025-11-27 17:02:39,2025-11-27 12:27:52,2025-11-27 13:02:39,America/Barbados,34.78,0.00,14.5,29.0,25.0,03c821d6-6274-427c-937a-ad91c6bc020d,MP-025,51210097772981,03c821d6-6274-427c-937a-ad91c6bc020d.1,CCS_2,25.0,79b72a61-f5ca-433f-b824-0c7df1204859,Massy Warrens,Massy Warrens - Massy Stores Supercenter,Warrens,St. Michael,BB,,Massy,578dca79-afd1-4b04-816a-322a7067114b,8c290a4c21b8c20a0f926f77c91692a0,,,,,,SYSTEM,25.37,25.37,0.00,BBD,
9258a0c7-8ce1-429a-81b9-629aa0fc5600,2025-11-27 22:16:07,2025-11-27 22:40:54,2025-11-27 18:16:07,2025-11-27 18:40:54,America/Barbados,24.78,0.00,7.2,23.2,17.5,03c821d6-6274-427c-937a-ad91c6bc020d,MP-025,51210097772981,03c821d6-6274-427c-937a-ad91c6bc020d.3,TYPE_2,25.0,79b72a61-f5ca-433f-b824-0c7df1204859,Massy Warrens,Massy Warrens - Massy Stores Supercenter,Warrens,St. Michael,BB,,Massy,578dca79-afd1-4b04-816a-322a7067114b,7dff719ebd91c7e9f968708dd904f49f,,,,,7e7e5942-cb37-4434-9d92-737fc3e53e7a,RFID,12.60,12.60,0.00,BBD,
c0e300c6-b3b5-4f41-a71c-3d8761c081d1,2025-11-27 21:52:23,2025-11-27 23:32:27,2025-11-27 17:52:23,2025-11-27 19:32:27,America/Barbados,100.07,0.00,42.1,29.0,25.0,03c821d6-6274-427c-937a-ad91c6bc020d,MP-025,51210097772981,03c821d6-6274-427c-937a-ad91c6bc020d.1,CCS_2,25.0,79b72a61-f5ca-433f-b824-0c7df1204859,Massy Warrens,Massy Warrens - Massy Stores Supercenter,Warrens,St. Michael,BB,,Massy,578dca79-afd1-4b04-816a-322a7067114b,5911ffba106a13f8c146db3cc5fdaaf2,,,,,f4154aa6-6205-47f5-bff4-856043d935c8,RFID,73.67,73.67,0.00,BBD,
c5f3b2a7-d392-41dc-a69c-01f0da5ba1f7,2025-11-28 09:37:18,2025-11-28 11:09:07,2025-11-28 05:37:18,2025-11-28 07:09:07,America/Barbados,91.82,0.00,39.1,29.0,25.5,03c821d6-6274-427c-937a-ad91c6bc020d,MP-025,51210097772981,03c821d6-6274-427c-937a-ad91c6bc020d.1,CCS_2,25.0,79b72a61-f5ca-433f-b824-0c7df1204859,Massy Warrens,Massy Warrens - Massy Stores Supercenter,Warrens,St. Michael,BB,,Massy,578dca79-afd1-4b04-816a-322a7067114b,a37650d10cfbec0b3a09686403b781b0,,,,,cd1a6858-23e4-44b4-86ef-6893b5e2c87d,RFID,68.42,68.42,0.00,BBD,
72ad2f95-4c75-44d0-85b6-93ffbed297f8,2025-11-28 13:55:15,2025-11-28 14:41:33,2025-11-28 09:55:15,2025-11-28 10:41:33,America/Barbados,46.30,0.00,19.7,29.0,25.6,03c821d6-6274-427c-937a-ad91c6bc020d,MP-025,51210097772981,03c821d6-6274-427c-937a-ad91c6bc020d.1,CCS_2,25.0,79b72a61-f5ca-433f-b824-0c7df1204859,Massy Warrens,Massy Warrens - Massy Stores Supercenter,Warrens,St. Michael,BB,,Massy,578dca79-afd1-4b04-816a-322a7067114b,0e411a7aae18e5bf462136072fec76ab,,,,,,SYSTEM,34.47,34.47,0.00,BBD,
f98e1773-a228-4ff9-8a46-6abcb4e7e92d,2025-11-28 17:14:36,2025-11-28 18:10:38,2025-11-28 13:14:36,2025-11-28 14:10:38,America/Barbados,56.03,0.00,24.0,34.8,25.8,03c821d6-6274-427c-937a-ad91c6bc020d,MP-025,51210097772981,03c821d6-6274-427c-937a-ad91c6bc020d.1,CCS_2,25.0,79b72a61-f5ca-433f-b824-0c7df1204859,Massy Warrens,Massy Warrens - Massy Stores Supercenter,Warrens,St. Michael,BB,,Massy,578dca79-afd1-4b04-816a-322a7067114b,8ac0e8aa9751197f37cc59bdf0c10429,,,,,,SYSTEM,42.00,42.00,0.00,BBD,
74690c1a-6849-42e1-b8e4-4d36bb189bdd,2025-11-28 19:18:53,2025-11-28 21:47:53,2025-11-28 15:18:53,2025-11-28 17:47:53,America/Barbados,149.00,88.05,6.2,7.1,4.2,03c821d6-6274-427c-937a-ad91c6bc020d,MP-025,51210097772981,03c821d6-6274-427c-937a-ad91c6bc020d.3,TYPE_2,25.0,79b72a61-f5ca-433f-b824-0c7df1204859,Massy Warrens,Massy Warrens - Massy Stores Supercenter,Warrens,St. Michael,BB,,Massy,578dca79-afd1-4b04-816a-322a7067114b,d048c1fe45c363e85a6766d80c29a55d,,,,,,SYSTEM,10.85,10.85,0.00,BBD,
065010d6-d649-4e87-8a31-d847a5b62969,2025-11-28 21:03:32,2025-11-28 22:15:30,2025-11-28 17:03:32,2025-11-28 18:15:30,America/Barbados,71.97,0.00,25.4,29.0,21.3,03c821d6-6274-427c-937a-ad91c6bc020d,MP-025,51210097772981,03c821d6-6274-427c-937a-ad91c6bc020d.1,CCS_2,25.0,79b72a61-f5ca-433f-b824-0c7df1204859,Massy Warrens,Massy Warrens - Massy Stores Supercenter,Warrens,St. Michael,BB,,Massy,578dca79-afd1-4b04-816a-322a7067114b,91db512c4604f9e01c9bf0635fc68f6f,,,,,,SYSTEM,44.45,44.45,0.00,BBD,
b80bfee1-c9b9-479a-8198-f1acf9db1c35,2025-11-28 23:26:10,2025-11-29 00:03:34,2025-11-28 19:26:10,2025-11-28 20:03:34,America/Barbados,37.40,14.40,2.2,6.0,5.2,8d27dae5-8d1f-48d0-bfe1-8875d5d568a5,MP-0079,M5012464-2,8d27dae5-8d1f-48d0-bfe1-8875d5d568a5.2,TYPE_2,22.0,1977c2c7-cd44-4e6f-a827-370cd9aad5bd,Massy Sunset Crest,"Massy Stores Supercenter, Sunset Crest",Holetown,St James,BB,,Massy,578dca79-afd1-4b04-816a-322a7067114b,768d1282fc5a8c161355988d1098736a,,,,,,SYSTEM,3.30,3.30,0.00,BBD,
5947fe3f-ec63-4a85-b5dd-0574ad510808,2025-11-29 01:52:31,2025-11-29 02:40:34,2025-11-28 21:52:31,2025-11-28 22:40:34,America/Barbados,48.05,6.73,8.3,29.0,12.1,03c821d6-6274-427c-937a-ad91c6bc020d,MP-025,51210097772981,03c821d6-6274-427c-937a-ad91c6bc020d.2,CHADEMO,25.0,79b72a61-f5ca-433f-b824-0c7df1204859,Massy Warrens,Massy Warrens - Massy Stores Supercenter,Warrens,St. Michael,BB,,Massy,578dca79-afd1-4b04-816a-322a7067114b,73c67cf17341642bab322df3158c8489,,,,,04d15b50-1d56-40d4-bb8f-442cd897543c,RFID,14.52,14.52,0.00,BBD,
ca3fd0d9-9b23-4fc1-abf1-5f21d533d751,2025-11-29 00:52:45,2025-11-29 04:04:55,2025-11-28 20:52:45,2025-11-29 00:04:55,America/Barbados,192.17,0.00,22.3,11.6,6.9,03c821d6-6274-427c-937a-ad91c6bc020d,MP-025,51210097772981,03c821d6-6274-427c-937a-ad91c6bc020d.3,TYPE_2,25.0,79b72a61-f5ca-433f-b824-0c7df1204859,Massy Warrens,Massy Warrens - Massy Stores Supercenter,Warrens,St. Michael,BB,,Massy,578dca79-afd1-4b04-816a-322a7067114b,91eea880ab7f2ca51fa7d2a0ebe5d341,,,,,0fe44e40-d6bc-438c-9f7b-d0e5cefe2f0b,RFID,0.00,0.00,0.00,BBD,
07cac1c5-9808-4c4b-b79a-86df2963a62a,2025-11-29 10:26:30,2025-11-29 10:34:46,2025-11-29 06:26:30,2025-11-29 06:34:46,America/Barbados,8.27,0.00,3.4,29.0,24.9,03c821d6-6274-427c-937a-ad91c6bc020d,MP-025,51210097772981,03c821d6-6274-427c-937a-ad91c6bc020d.1,CCS_2,25.0,79b72a61-f5ca-433f-b824-0c7df1204859,Massy Warrens,Massy Warrens - Massy Stores Supercenter,Warrens,St. Michael,BB,,Massy,578dca79-afd1-4b04-816a-322a7067114b,033047ab5a40bfd2d0d1a39ccc476e1f,,,,,,SYSTEM,5.95,5.95,0.00,BBD,
ff0b77b3-ddf5-4b97-b179-c50832a2c269,2025-11-29 10:45:04,2025-11-29 12:01:59,2025-11-29 06:45:04,2025-11-29 08:01:59,America/Barbados,76.92,0.00,32.9,34.8,26.0,03c821d6-6274-427c-937a-ad91c6bc020d,MP-025,51210097772981,03c821d6-6274-427c-937a-ad91c6bc020d.1,CCS_2,25.0,79b72a61-f5ca-433f-b824-0c7df1204859,Massy Warrens,Massy Warrens - Massy Stores Supercenter,Warrens,St. Michael,BB,,Massy,578dca79-afd1-4b04-816a-322a7067114b,9524292787ec90c1c0d210497cc1166e,,,,,81c772bc-95b4-494a-b120-9b72e065fadc,RFID,57.57,57.57,0.00,BBD,
447bb29c-a49e-47d6-ac34-a47dac95a983,2025-11-29 18:33:47,2025-11-29 19:08:19,2025-11-29 14:33:47,2025-11-29 15:08:19,America/Barbados,34.53,0.43,10.1,23.2,17.8,03c821d6-6274-427c-937a-ad91c6bc020d,MP-025,51210097772981,03c821d6-6274-427c-937a-ad91c6bc020d.3,TYPE_2,25.0,79b72a61-f5ca-433f-b824-0c7df1204859,Massy Warrens,Massy Warrens - Massy Stores Supercenter,Warrens,St. Michael,BB,,Massy,578dca79-afd1-4b04-816a-322a7067114b,7dff719ebd91c7e9f968708dd904f49f,,,,,7e7e5942-cb37-4434-9d92-737fc3e53e7a,RFID,17.67,17.67,0.00,BBD,
6b754896-cd0a-40cf-b5c4-7e1afd8bbabc,2025-11-29 20:26:20,2025-11-29 21:05:35,2025-11-29 16:26:20,2025-11-29 17:05:35,America/Barbados,39.25,0.00,15.1,29.0,23.1,03c821d6-6274-427c-937a-ad91c6bc020d,MP-025,51210097772981,03c821d6-6274-427c-937a-ad91c6bc020d.2,CHADEMO,25.0,79b72a61-f5ca-433f-b824-0c7df1204859,Massy Warrens,Massy Warrens - Massy Stores Supercenter,Warrens,St. Michael,BB,,Massy,578dca79-afd1-4b04-816a-322a7067114b,6db49741c7fd7da55950c2da36831943,,,,,,SYSTEM,26.42,26.42,0.00,BBD,
7cc6165a-91e6-4dbb-bf6a-5500cb8648fc,2025-11-29 22:31:01,2025-11-30 00:14:00,2025-11-29 18:31:01,2025-11-29 20:14:00,America/Barbados,102.98,0.00,41.0,29.0,24.4,03c821d6-6274-427c-937a-ad91c6bc020d,MP-025,51210097772981,03c821d6-6274-427c-937a-ad91c6bc020d.1,CCS_2,25.0,79b72a61-f5ca-433f-b824-0c7df1204859,Massy Warrens,Massy Warrens - Massy Stores Supercenter,Warrens,St. Michael,BB,,Massy,578dca79-afd1-4b04-816a-322a7067114b,c9f39b141441317dae066dcffaff1e69,,,,,,SYSTEM,71.75,71.75,0.00,BBD,
fed39776-0dc3-44e8-ab0b-a0c4c5f94892,2025-11-30 00:23:04,2025-11-30 01:41:43,2025-11-29 20:23:04,2025-11-29 21:41:43,America/Barbados,78.65,0.13,27.8,29.0,20.4,03c821d6-6274-427c-937a-ad91c6bc020d,MP-025,51210097772981,03c821d6-6274-427c-937a-ad91c6bc020d.1,CCS_2,25.0,79b72a61-f5ca-433f-b824-0c7df1204859,Massy Warrens,Massy Warrens - Massy Stores Supercenter,Warrens,St. Michael,BB,,Massy,578dca79-afd1-4b04-816a-322a7067114b,dd4c88acde25753674e21b473fe166ef,,,,,,SYSTEM,48.65,48.65,0.00,BBD,
a2806b4a-9bd2-48c6-96b1-112de7b9174f,2025-11-30 21:17:23,2025-11-30 22:47:15,2025-11-30 17:17:23,2025-11-30 18:47:15,America/Barbados,89.87,0.00,38.3,29.0,25.5,03c821d6-6274-427c-937a-ad91c6bc020d,MP-025,51210097772981,03c821d6-6274-427c-937a-ad91c6bc020d.1,CCS_2,25.0,79b72a61-f5ca-433f-b824-0c7df1204859,Massy Warrens,Massy Warrens - Massy Stores Supercenter,Warrens,St. Michael,BB,,Massy,578dca79-afd1-4b04-816a-322a7067114b,a37650d10cfbec0b3a09686403b781b0,,,,,cd1a6858-23e4-44b4-86ef-6893b5e2c87d,RFID,67.02,67.02,0.00,BBD,
27658946-3042-4f08-9455-9716d66c38a1,2025-11-30 22:25:27,2025-11-30 22:53:31,2025-11-30 18:25:27,2025-11-30 18:53:31,America/Barbados,28.07,0.17,8.2,23.2,17.7,03c821d6-6274-427c-937a-ad91c6bc020d,MP-025,51210097772981,03c821d6-6274-427c-937a-ad91c6bc020d.3,TYPE_2,25.0,79b72a61-f5ca-433f-b824-0c7df1204859,Massy Warrens,Massy Warrens - Massy Stores Supercenter,Warrens,St. Michael,BB,,Massy,578dca79-afd1-4b04-816a-322a7067114b,7dff719ebd91c7e9f968708dd904f49f,,,,,7e7e5942-cb37-4434-9d92-737fc3e53e7a,RFID,14.34,14.34,0.00,BBD,
79cfcf26-d492-4731-8eeb-1b630f02e533,2025-12-01 00:35:05,2025-12-01 00:56:24,2025-11-30 20:35:05,2025-11-30 20:56:24,America/Barbados,21.32,0.00,8.2,0.0,0.0,03c821d6-6274-427c-937a-ad91c6bc020d,MP-025,51210097772981,03c821d6-6274-427c-937a-ad91c6bc020d.2,CHADEMO,25.0,79b72a61-f5ca-433f-b824-0c7df1204859,Massy Warrens,Massy Warrens - Massy Stores Supercenter,Warrens,St. Michael,BB,,Massy,578dca79-afd1-4b04-816a-322a7067114b,9fd37d30e1e7d4baba12b49df4c78303,,,,,,SYSTEM,14.34,14.34,0.00,BBD,
8bb8c2d5-e751-4fce-a171-22a7f5c39c8f,2025-12-01 04:10:09,2025-12-01 04:22:55,2025-12-01 00:10:09,2025-12-01 00:22:55,America/Barbados,12.77,0.00,5.3,0.0,0.0,03c821d6-6274-427c-937a-ad91c6bc020d,MP-025,51210097772981,03c821d6-6274-427c-937a-ad91c6bc020d.1,CCS_2,25.0,79b72a61-f5ca-433f-b824-0c7df1204859,Massy Warrens,Massy Warrens - Massy Stores Supercenter,Warrens,St. Michael,BB,,Massy,578dca79-afd1-4b04-816a-322a7067114b,18b056becc3958b16a5bcd0a571a411d,,,,,,SYSTEM,9.27,9.27,0.00,BBD,
413875c7-626b-4ed1-8611-f16b2fc7210f,2025-12-01 14:31:24,2025-12-01 16:32:59,2025-12-01 10:31:24,2025-12-01 12:32:59,America/Barbados,121.58,0.70,44.3,0.0,0.0,03c821d6-6274-427c-937a-ad91c6bc020d,MP-025,51210097772981,03c821d6-6274-427c-937a-ad91c6bc020d.1,CCS_2,25.0,79b72a61-f5ca-433f-b824-0c7df1204859,Massy Warrens,Massy Warrens - Massy Stores Supercenter,Warrens,St. Michael,BB,,Massy,578dca79-afd1-4b04-816a-322a7067114b,91eea880ab7f2ca51fa7d2a0ebe5d341,,,,,0fe44e40-d6bc-438c-9f7b-d0e5cefe2f0b,RFID,0.00,0.00,0.00,BBD,
764ce235-248a-42e0-ba9e-eb7aa129378a,2025-12-02 04:03:44,2025-12-02 04:21:06,2025-12-02 00:03:44,2025-12-02 00:21:06,America/Barbados,17.37,7.37,1.0,0.0,0.0,8d27dae5-8d1f-48d0-bfe1-8875d5d568a5,MP-0079,M5012464-2,8d27dae5-8d1f-48d0-bfe1-8875d5d568a5.2,TYPE_2,22.0,1977c2c7-cd44-4e6f-a827-370cd9aad5bd,Massy Sunset Crest,"Massy Stores Supercenter, Sunset Crest",Holetown,St James,BB,,Massy,578dca79-afd1-4b04-816a-322a7067114b,768d1282fc5a8c161355988d1098736a,,,,,,SYSTEM,1.50,1.50,0.00,BBD,
38867568-6f99-40a5-88bd-513cc3095743,2025-12-02 14:26:05,2025-12-02 15:08:02,2025-12-02 10:26:05,2025-12-02 11:08:02,America/Barbados,41.95,0.00,17.8,0.0,0.0,03c821d6-6274-427c-937a-ad91c6bc020d,MP-025,51210097772981,03c821d6-6274-427c-937a-ad91c6bc020d.1,CCS_2,25.0,79b72a61-f5ca-433f-b824-0c7df1204859,Massy Warrens,Massy Warrens - Massy Stores Supercenter,Warrens,St. Michael,BB,,Massy,578dca79-afd1-4b04-816a-322a7067114b,0e411a7aae18e5bf462136072fec76ab,,,,,,SYSTEM,31.15,31.15,0.00,BBD,
5cae2c22-b109-4043-bbf0-e5a0f4299203,2025-12-02 16:02:48,2025-12-02 16:02:54,2025-12-02 12:02:48,2025-12-02 12:02:54,America/Barbados,0.11,0.00,0.0,0.0,0.0,03c821d6-6274-427c-937a-ad91c6bc020d,MP-025,51210097772981,03c821d6-6274-427c-937a-ad91c6bc020d.1,CCS_2,25.0,79b72a61-f5ca-433f-b824-0c7df1204859,Massy Warrens,Massy Warrens - Massy Stores Supercenter,Warrens,St. Michael,BB,,Massy,578dca79-afd1-4b04-816a-322a7067114b,6ccd1ca21a320b88e81fde50415fc2cf,,,,,,SYSTEM,0.00,0.00,0.00,BBD,
35899901-c231-4023-b3f2-f4e42b192b21,2025-12-02 20:25:47,2025-12-02 20:52:16,2025-12-02 16:25:47,2025-12-02 16:52:16,America/Barbados,26.48,0.00,6.7,0.0,0.0,03c821d6-6274-427c-937a-ad91c6bc020d,MP-025,51210097772981,03c821d6-6274-427c-937a-ad91c6bc020d.1,CCS_2,25.0,79b72a61-f5ca-433f-b824-0c7df1204859,Massy Warrens,Massy Warrens - Massy Stores Supercenter,Warrens,St. Michael,BB,,Massy,578dca79-afd1-4b04-816a-322a7067114b,16dbfb519321769e0562336d69d3d0fd,,,,,,SYSTEM,11.72,11.72,0.00,BBD,
6a5c1308-1e3f-4fbf-8c63-82266ba57ded,2025-12-02 20:33:42,2025-12-02 21:07:25,2025-12-02 16:33:42,2025-12-02 17:07:25,America/Barbados,33.72,0.70,3.7,0.0,0.0,8d27dae5-8d1f-48d0-bfe1-8875d5d568a5,MP-0079,M5012464-2,8d27dae5-8d1f-48d0-bfe1-8875d5d568a5.2,TYPE_2,22.0,1977c2c7-cd44-4e6f-a827-370cd9aad5bd,Massy Sunset Crest,"Massy Stores Supercenter, Sunset Crest",Holetown,St James,BB,,Massy,578dca79-afd1-4b04-816a-322a7067114b,75b3d6285f999674807ed18dfccf9f69,,,,,,SYSTEM,5.55,5.55,0.00,BBD,
9f5fb64e-b58c-4195-b38d-d2274e8c4ec3,2025-12-02 20:55:21,2025-12-02 22:58:09,2025-12-02 16:55:21,2025-12-02 18:58:09,America/Barbados,122.80,0.00,50.5,0.0,0.0,03c821d6-6274-427c-937a-ad91c6bc020d,MP-025,51210097772981,03c821d6-6274-427c-937a-ad91c6bc020d.1,CCS_2,25.0,79b72a61-f5ca-433f-b824-0c7df1204859,Massy Warrens,Massy Warrens - Massy Stores Supercenter,Warrens,St. Michael,BB,,Massy,578dca79-afd1-4b04-816a-322a7067114b,16dbfb519321769e0562336d69d3d0fd,,,,,,SYSTEM,88.37,88.37,0.00,BBD,
f986357b-aa1b-40a6-bf3a-3274a33c42e6,2025-12-02 23:22:16,2025-12-02 23:49:42,2025-12-02 19:22:16,2025-12-02 19:49:42,America/Barbados,27.43,0.40,3.0,0.0,0.0,8d27dae5-8d1f-48d0-bfe1-8875d5d568a5,MP-0079,M5012464-2,8d27dae5-8d1f-48d0-bfe1-8875d5d568a5.2,TYPE_2,22.0,1977c2c7-cd44-4e6f-a827-370cd9aad5bd,Massy Sunset Crest,"Massy Stores Supercenter, Sunset Crest",Holetown,St James,BB,,Massy,578dca79-afd1-4b04-816a-322a7067114b,75b3d6285f999674807ed18dfccf9f69,,,,,,SYSTEM,4.50,4.50,0.00,BBD,
cda75b0c-3c54-46bf-a2a3-e2c2f163aa08,2025-12-03 14:30:01,2025-12-03 15:43:27,2025-12-03 10:30:01,2025-12-03 11:43:27,America/Barbados,73.43,0.08,30.8,0.0,0.0,03c821d6-6274-427c-937a-ad91c6bc020d,MP-025,51210097772981,03c821d6-6274-427c-937a-ad91c6bc020d.1,CCS_2,25.0,79b72a61-f5ca-433f-b824-0c7df1204859,Massy Warrens,Massy Warrens - Massy Stores Supercenter,Warrens,St. Michael,BB,,Massy,578dca79-afd1-4b04-816a-322a7067114b,72a483fc82138f8c121ebc0fa99512f7,,,,,,SYSTEM,53.90,53.90,0.00,BBD,
4a20a28c-f809-4dff-840c-be87e1f3397b,2025-12-03 21:06:25,2025-12-04 01:33:00,2025-12-03 17:06:25,2025-12-03 21:33:00,America/Barbados,266.58,165.33,10.4,0.0,0.0,03c821d6-6274-427c-937a-ad91c6bc020d,MP-025,51210097772981,03c821d6-6274-427c-937a-ad91c6bc020d.3,TYPE_2,25.0,79b72a61-f5ca-433f-b824-0c7df1204859,Massy Warrens,Massy Warrens - Massy Stores Supercenter,Warrens,St. Michael,BB,,Massy,578dca79-afd1-4b04-816a-322a7067114b,5eeca8ec9b7076b34e760e4e1e0362f9,,,,,,SYSTEM,18.20,18.20,0.00,BBD,
5075105c-073b-4064-ac9f-2cb09b1b74b4,2025-12-04 01:50:49,2025-12-04 02:46:46,2025-12-03 21:50:49,2025-12-03 22:46:46,America/Barbados,55.95,0.17,23.7,0.0,0.0,03c821d6-6274-427c-937a-ad91c6bc020d,MP-025,51210097772981,03c821d6-6274-427c-937a-ad91c6bc020d.1,CCS_2,25.0,79b72a61-f5ca-433f-b824-0c7df1204859,Massy Warrens,Massy Warrens - Massy Stores Supercenter,Warrens,St. Michael,BB,,Massy,578dca79-afd1-4b04-816a-322a7067114b,a3a4019a9e2f7034965409a0371e5997,,,,,38c98a44-97eb-4b6e-ab27-f38ecf1a5d09,RFID,41.47,41.47,0.00,BBD,
5561031b-d9b1-4afe-abca-fa47318fdd2e,2025-12-04 02:49:45,2025-12-04 03:09:58,2025-12-03 22:49:45,2025-12-03 23:09:58,America/Barbados,20.22,0.00,8.5,30.0,25.4,03c821d6-6274-427c-937a-ad91c6bc020d,MP-025,51210097772981,03c821d6-6274-427c-937a-ad91c6bc020d.1,CCS_2,25.0,79b72a61-f5ca-433f-b824-0c7df1204859,Massy Warrens,Massy Warrens - Massy Stores Supercenter,Warrens,St. Michael,BB,,Massy,578dca79-afd1-4b04-816a-322a7067114b,a3a4019a9e2f7034965409a0371e5997,,,,,38c98a44-97eb-4b6e-ab27-f38ecf1a5d09,RFID,14.87,14.87,0.00,BBD,
535fab1e-9583-4bef-9896-51cebffe4fb0,2025-12-04 16:07:44,2025-12-04 17:07:40,2025-12-04 12:07:44,2025-12-04 13:07:40,America/Barbados,59.93,19.60,3.8,5.8,5.2,03c821d6-6274-427c-937a-ad91c6bc020d,MP-025,51210097772981,03c821d6-6274-427c-937a-ad91c6bc020d.3,TYPE_2,25.0,79b72a61-f5ca-433f-b824-0c7df1204859,Massy Warrens,Massy Warrens - Massy Stores Supercenter,Warrens,St. Michael,BB,,Massy,578dca79-afd1-4b04-816a-322a7067114b,91eea880ab7f2ca51fa7d2a0ebe5d341,,,,,0fe44e40-d6bc-438c-9f7b-d0e5cefe2f0b,RFID,0.00,0.00,0.00,BBD,
e39c887f-7275-46c8-9494-d4304cf6d6e0,2025-12-04 20:17:16,2025-12-04 21:04:09,2025-12-04 16:17:16,2025-12-04 17:04:09,America/Barbados,46.88,0.00,19.9,29.0,25.4,03c821d6-6274-427c-937a-ad91c6bc020d,MP-025,51210097772981,03c821d6-6274-427c-937a-ad91c6bc020d.1,CCS_2,25.0,79b72a61-f5ca-433f-b824-0c7df1204859,Massy Warrens,Massy Warrens - Massy Stores Supercenter,Warrens,St. Michael,BB,,Massy,578dca79-afd1-4b04-816a-322a7067114b,a37650d10cfbec0b3a09686403b781b0,,,,,cd1a6858-23e4-44b4-86ef-6893b5e2c87d,RFID,34.82,34.82,0.00,BBD,
3cbdd794-9eac-44e0-b006-666319f4c066,2025-12-04 20:50:16,2025-12-04 21:58:32,2025-12-04 16:50:16,2025-12-04 17:58:32,America/Barbados,68.27,9.25,6.4,12.0,6.4,8d27dae5-8d1f-48d0-bfe1-8875d5d568a5,MP-0079,M5012464-2,8d27dae5-8d1f-48d0-bfe1-8875d5d568a5.2,TYPE_2,22.0,1977c2c7-cd44-4e6f-a827-370cd9aad5bd,Massy Sunset Crest,"Massy Stores Supercenter, Sunset Crest",Holetown,St James,BB,,Massy,578dca79-afd1-4b04-816a-322a7067114b,75b3d6285f999674807ed18dfccf9f69,,,,,,SYSTEM,9.60,9.60,0.00,BBD,
edd91eb7-f520-4bb3-aa9d-4fc827c0faba,2025-12-04 22:39:55,2025-12-04 22:41:59,2025-12-04 18:39:55,2025-12-04 18:41:59,America/Barbados,2.07,0.00,0.7,23.2,21.3,03c821d6-6274-427c-937a-ad91c6bc020d,MP-025,51210097772981,03c821d6-6274-427c-937a-ad91c6bc020d.1,CCS_2,25.0,79b72a61-f5ca-433f-b824-0c7df1204859,Massy Warrens,Massy Warrens - Massy Stores Supercenter,Warrens,St. Michael,BB,,Massy,578dca79-afd1-4b04-816a-322a7067114b,5911ffba106a13f8c146db3cc5fdaaf2,,,,,f4154aa6-6205-47f5-bff4-856043d935c8,RFID,1.22,1.22,0.00,BBD,
23a3b11f-0325-411b-9e3f-73debde156a0,2025-12-05 00:12:32,2025-12-05 00:39:30,2025-12-04 20:12:32,2025-12-04 20:39:30,America/Barbados,26.97,0.12,7.9,23.2,17.7,03c821d6-6274-427c-937a-ad91c6bc020d,MP-025,51210097772981,03c821d6-6274-427c-937a-ad91c6bc020d.3,TYPE_2,25.0,79b72a61-f5ca-433f-b824-0c7df1204859,Massy Warrens,Massy Warrens - Massy Stores Supercenter,Warrens,St. Michael,BB,,Massy,578dca79-afd1-4b04-816a-322a7067114b,7dff719ebd91c7e9f968708dd904f49f,,,,,7e7e5942-cb37-4434-9d92-737fc3e53e7a,RFID,13.82,13.82,0.00,BBD,
4358219f-f5f2-4eeb-a821-a59d0aecbaef,2025-12-05 01:35:58,2025-12-05 02:15:48,2025-12-04 21:35:58,2025-12-04 22:15:48,America/Barbados,39.84,0.00,6.0,29.0,25.1,03c821d6-6274-427c-937a-ad91c6bc020d,MP-025,51210097772981,03c821d6-6274-427c-937a-ad91c6bc020d.1,CCS_2,25.0,79b72a61-f5ca-433f-b824-0c7df1204859,Massy Warrens,Massy Warrens - Massy Stores Supercenter,Warrens,St. Michael,BB,,Massy,578dca79-afd1-4b04-816a-322a7067114b,dd4c88acde25753674e21b473fe166ef,,,,,,SYSTEM,10.50,10.50,0.00,BBD,
887c5b44-f15a-4044-b735-9866c9640364,2025-12-06 10:38:39,2025-12-06 11:42:46,2025-12-06 06:38:39,2025-12-06 07:42:46,America/Barbados,64.12,0.05,27.4,29.0,25.6,03c821d6-6274-427c-937a-ad91c6bc020d,MP-025,51210097772981,03c821d6-6274-427c-937a-ad91c6bc020d.1,CCS_2,25.0,79b72a61-f5ca-433f-b824-0c7df1204859,Massy Warrens,Massy Warrens - Massy Stores Supercenter,Warrens,St. Michael,BB,,Massy,578dca79-afd1-4b04-816a-322a7067114b,9524292787ec90c1c0d210497cc1166e,,,,,81c772bc-95b4-494a-b120-9b72e065fadc,RFID,47.95,47.95,0.00,BBD,
e9555a65-6f64-4d3b-8dad-5739af1e4470,2025-12-06 14:50:57,2025-12-06 15:25:13,2025-12-06 10:50:57,2025-12-06 11:25:13,America/Barbados,34.27,0.20,15.0,34.8,26.5,03c821d6-6274-427c-937a-ad91c6bc020d,MP-025,51210097772981,03c821d6-6274-427c-937a-ad91c6bc020d.1,CCS_2,25.0,79b72a61-f5ca-433f-b824-0c7df1204859,Massy Warrens,Massy Warrens - Massy Stores Supercenter,Warrens,St. Michael,BB,,Massy,578dca79-afd1-4b04-816a-322a7067114b,c00b75aa412506608a89879729b80a97,,,,,,SYSTEM,26.25,26.25,0.00,BBD,
00b9ad7f-13f2-4ebf-ae1b-e3ab3a1b6856,2025-12-06 15:18:14,2025-12-06 15:32:54,2025-12-06 11:18:14,2025-12-06 11:32:54,America/Barbados,14.67,0.68,1.7,12.0,7.4,8d27dae5-8d1f-48d0-bfe1-8875d5d568a5,MP-0079,M5012464-2,8d27dae5-8d1f-48d0-bfe1-8875d5d568a5.2,TYPE_2,22.0,1977c2c7-cd44-4e6f-a827-370cd9aad5bd,Massy Sunset Crest,"Massy Stores Supercenter, Sunset Crest",Holetown,St James,BB,,Massy,578dca79-afd1-4b04-816a-322a7067114b,0e1caf6b48ddf7d3bac30b6843d05531,,,,,,SYSTEM,2.54,2.54,0.00,BBD,
ab4e2ee4-f04c-4418-83fa-ad51064f2a8e,2025-12-06 18:25:56,2025-12-06 18:54:20,2025-12-06 14:25:56,2025-12-06 14:54:20,America/Barbados,28.40,0.00,12.0,29.0,25.4,03c821d6-6274-427c-937a-ad91c6bc020d,MP-025,51210097772981,03c821d6-6274-427c-937a-ad91c6bc020d.1,CCS_2,25.0,79b72a61-f5ca-433f-b824-0c7df1204859,Massy Warrens,Massy Warrens - Massy Stores Supercenter,Warrens,St. Michael,BB,,Massy,578dca79-afd1-4b04-816a-322a7067114b,56f6d75e2e075c365769cad4721cb0c4,,,,,,SYSTEM,21.00,21.00,0.00,BBD,
58888fd9-7dc9-44bc-94c0-11a78231e7d9,2025-12-07 10:46:24,2025-12-07 12:00:48,2025-12-07 06:46:24,2025-12-07 08:00:48,America/Barbados,74.40,0.00,32.9,34.8,26.8,03c821d6-6274-427c-937a-ad91c6bc020d,MP-025,51210097772981,03c821d6-6274-427c-937a-ad91c6bc020d.1,CCS_2,25.0,79b72a61-f5ca-433f-b824-0c7df1204859,Massy Warrens,Massy Warrens - Massy Stores Supercenter,Warrens,St. Michael,BB,,Massy,578dca79-afd1-4b04-816a-322a7067114b,35b6f6f99ae2087ef24aff4869dea359,,,,,9210ee0a-d99f-4855-9c03-cdf9ee6fab7d,RFID,57.57,57.57,0.00,BBD,
aa86b5cf-bf47-41bc-bdc8-56ddf4cd7a45,2025-12-07 13:54:34,2025-12-07 14:23:33,2025-12-07 09:54:34,2025-12-07 10:23:33,America/Barbados,28.98,0.08,12.2,29.0,25.4,03c821d6-6274-427c-937a-ad91c6bc020d,MP-025,51210097772981,03c821d6-6274-427c-937a-ad91c6bc020d.1,CCS_2,25.0,79b72a61-f5ca-433f-b824-0c7df1204859,Massy Warrens,Massy Warrens - Massy Stores Supercenter,Warrens,St. Michael,BB,,Massy,578dca79-afd1-4b04-816a-322a7067114b,0e411a7aae18e5bf462136072fec76ab,,,,,,SYSTEM,21.35,21.35,0.00,BBD,
930a09a0-eafd-4337-9cc1-b0971cff0da4,2025-12-08 00:33:33,2025-12-08 01:03:28,2025-12-07 20:33:33,2025-12-07 21:03:28,America/Barbados,29.92,0.00,9.0,23.2,18.1,03c821d6-6274-427c-937a-ad91c6bc020d,MP-025,51210097772981,03c821d6-6274-427c-937a-ad91c6bc020d.3,TYPE_2,25.0,79b72a61-f5ca-433f-b824-0c7df1204859,Massy Warrens,Massy Warrens - Massy Stores Supercenter,Warrens,St. Michael,BB,,Massy,578dca79-afd1-4b04-816a-322a7067114b,7dff719ebd91c7e9f968708dd904f49f,,,,,7e7e5942-cb37-4434-9d92-737fc3e53e7a,RFID,15.75,15.75,0.00,BBD,
67d0859e-b511-4a5f-bc4f-f36f39bbf62f,2025-12-08 01:55:14,2025-12-08 02:05:56,2025-12-07 21:55:14,2025-12-07 22:05:56,America/Barbados,10.70,0.00,4.3,32.7,24.8,03c821d6-6274-427c-937a-ad91c6bc020d,MP-025,51210097772981,03c821d6-6274-427c-937a-ad91c6bc020d.1,CCS_2,25.0,79b72a61-f5ca-433f-b824-0c7df1204859,Massy Warrens,Massy Warrens - Massy Stores Supercenter,Warrens,St. Michael,BB,,Massy,578dca79-afd1-4b04-816a-322a7067114b,3bed394066f7e0e258e0c03355bb8e15,,,,,14c4d6f6-50af-4e7f-a9d9-6a51d5081322,RFID,3.76,3.76,0.00,BBD,
f346660b-44f6-4e71-81a2-51b2191e68fa,2025-12-08 03:13:04,2025-12-08 03:58:46,2025-12-07 23:13:04,2025-12-07 23:58:46,America/Barbados,45.70,0.00,18.6,29.0,24.5,03c821d6-6274-427c-937a-ad91c6bc020d,MP-025,51210097772981,03c821d6-6274-427c-937a-ad91c6bc020d.1,CCS_2,25.0,79b72a61-f5ca-433f-b824-0c7df1204859,Massy Warrens,Massy Warrens - Massy Stores Supercenter,Warrens,St. Michael,BB,,Massy,578dca79-afd1-4b04-816a-322a7067114b,3bed394066f7e0e258e0c03355bb8e15,,,,,14c4d6f6-50af-4e7f-a9d9-6a51d5081322,RFID,16.27,16.27,0.00,BBD,
918d0733-7688-43e5-a28d-f2a88d220a3d,2025-12-08 14:59:30,2025-12-08 16:29:09,2025-12-08 10:59:30,2025-12-08 12:29:09,America/Barbados,89.65,8.03,26.7,29.0,18.8,03c821d6-6274-427c-937a-ad91c6bc020d,MP-025,51210097772981,03c821d6-6274-427c-937a-ad91c6bc020d.2,CHADEMO,25.0,79b72a61-f5ca-433f-b824-0c7df1204859,Massy Warrens,Massy Warrens - Massy Stores Supercenter,Warrens,St. Michael,BB,,Massy,578dca79-afd1-4b04-816a-322a7067114b,6db49741c7fd7da55950c2da36831943,,,,,,SYSTEM,46.72,46.72,0.00,BBD,
fe1c20db-1868-4791-a130-ebea7a2447bd,2025-12-08 19:53:42,2025-12-08 20:19:02,2025-12-08 15:53:42,2025-12-08 16:19:02,America/Barbados,25.33,0.00,10.5,29.0,24.9,03c821d6-6274-427c-937a-ad91c6bc020d,MP-025,51210097772981,03c821d6-6274-427c-937a-ad91c6bc020d.1,CCS_2,25.0,79b72a61-f5ca-433f-b824-0c7df1204859,Massy Warrens,Massy Warrens - Massy Stores Supercenter,Warrens,St. Michael,BB,,Massy,578dca79-afd1-4b04-816a-322a7067114b,16dbfb519321769e0562336d69d3d0fd,,,,,89c14d08-b48c-4fa3-b0d0-a856ee62a9b4,RFID,18.37,18.37,0.00,BBD,
05cca4ca-cfbf-4486-97dc-2977f5563785,2025-12-08 19:53:42,2025-12-08 19:53:42,2025-12-08 15:53:42,2025-12-08 15:53:42,America/Barbados,0.00,0.00,0.0,0.0,0.0,03c821d6-6274-427c-937a-ad91c6bc020d,MP-025,51210097772981,03c821d6-6274-427c-937a-ad91c6bc020d.1,CCS_2,25.0,79b72a61-f5ca-433f-b824-0c7df1204859,Massy Warrens,Massy Warrens - Massy Stores Supercenter,Warrens,St. Michael,BB,,Massy,578dca79-afd1-4b04-816a-322a7067114b,16dbfb519321769e0562336d69d3d0fd,,,,,,RFID,0.00,0.00,0.00,BBD,
26aa9428-8922-4a50-9836-76c86d8f867b,2025-12-08 21:31:26,2025-12-08 21:44:55,2025-12-08 17:31:26,2025-12-08 17:44:55,America/Barbados,13.48,0.05,5.7,29.0,25.6,03c821d6-6274-427c-937a-ad91c6bc020d,MP-025,51210097772981,03c821d6-6274-427c-937a-ad91c6bc020d.1,CCS_2,25.0,79b72a61-f5ca-433f-b824-0c7df1204859,Massy Warrens,Massy Warrens - Massy Stores Supercenter,Warrens,St. Michael,BB,,Massy,578dca79-afd1-4b04-816a-322a7067114b,4df9c2d386f9bad2c1558ef9674edfdb,,,,,cfb2a15d-c3ab-477a-b0c5-e81228d7ae3c,RFID,9.97,9.97,0.00,BBD,
fb42da20-db77-4405-8902-d52a4d87dc5a,2025-12-08 21:38:56,2025-12-08 21:52:41,2025-12-08 17:38:56,2025-12-08 17:52:41,America/Barbados,13.75,5.00,0.9,8.0,6.2,8d27dae5-8d1f-48d0-bfe1-8875d5d568a5,MP-0079,M5012464-2,8d27dae5-8d1f-48d0-bfe1-8875d5d568a5.2,TYPE_2,22.0,1977c2c7-cd44-4e6f-a827-370cd9aad5bd,Massy Sunset Crest,"Massy Stores Supercenter, Sunset Crest",Holetown,St James,BB,,Massy,578dca79-afd1-4b04-816a-322a7067114b,768d1282fc5a8c161355988d1098736a,,,,,,SYSTEM,1.35,1.35,0.00,BBD,
66874040-ec4c-4fea-a5f4-af3f305eb12e,2025-12-08 21:50:31,2025-12-08 22:58:21,2025-12-08 17:50:31,2025-12-08 18:58:21,America/Barbados,67.83,0.00,27.7,29.0,24.4,03c821d6-6274-427c-937a-ad91c6bc020d,MP-025,51210097772981,03c821d6-6274-427c-937a-ad91c6bc020d.1,CCS_2,25.0,79b72a61-f5ca-433f-b824-0c7df1204859,Massy Warrens,Massy Warrens - Massy Stores Supercenter,Warrens,St. Michael,BB,,Massy,578dca79-afd1-4b04-816a-322a7067114b,a3a4019a9e2f7034965409a0371e5997,,,,,38c98a44-97eb-4b6e-ab27-f38ecf1a5d09,RFID,48.47,48.47,0.00,BBD,
604cc563-3df9-456d-b30d-2ecbdeb58a68,2025-12-08 23:14:50,2025-12-09 00:03:35,2025-12-08 19:14:50,2025-12-08 20:03:35,America/Barbados,48.75,0.00,20.8,32.7,25.8,03c821d6-6274-427c-937a-ad91c6bc020d,MP-025,51210097772981,03c821d6-6274-427c-937a-ad91c6bc020d.1,CCS_2,25.0,79b72a61-f5ca-433f-b824-0c7df1204859,Massy Warrens,Massy Warrens - Massy Stores Supercenter,Warrens,St. Michael,BB,,Massy,578dca79-afd1-4b04-816a-322a7067114b,9524292787ec90c1c0d210497cc1166e,,,,,81c772bc-95b4-494a-b120-9b72e065fadc,RFID,36.40,36.40,0.00,BBD,
5ae7d31d-933d-4f15-a392-7a5d613aad4b,2025-12-08 23:49:27,2025-12-09 00:21:33,2025-12-08 19:49:27,2025-12-08 20:21:33,America/Barbados,32.10,0.08,9.9,23.2,18.6,03c821d6-6274-427c-937a-ad91c6bc020d,MP-025,51210097772981,03c821d6-6274-427c-937a-ad91c6bc020d.3,TYPE_2,25.0,79b72a61-f5ca-433f-b824-0c7df1204859,Massy Warrens,Massy Warrens - Massy Stores Supercenter,Warrens,St. Michael,BB,,Massy,578dca79-afd1-4b04-816a-322a7067114b,7dff719ebd91c7e9f968708dd904f49f,,,,,7e7e5942-cb37-4434-9d92-737fc3e53e7a,RFID,17.32,17.32,0.00,BBD,
6fc5c94e-4446-4f07-854d-8603c1b6c128,2025-12-09 03:56:57,2025-12-09 04:53:54,2025-12-08 23:56:57,2025-12-09 00:53:54,America/Barbados,56.95,0.00,24.1,45.0,25.6,03c821d6-6274-427c-937a-ad91c6bc020d,MP-025,51210097772981,03c821d6-6274-427c-937a-ad91c6bc020d.1,CCS_2,25.0,79b72a61-f5ca-433f-b824-0c7df1204859,Massy Warrens,Massy Warrens - Massy Stores Supercenter,Warrens,St. Michael,BB,,Massy,578dca79-afd1-4b04-816a-322a7067114b,9a0aa3c4b0310980ab78bd4ad3e6744a,,,,,8c7a084b-ebbc-4912-b13b-4783148e94ff,RFID,42.17,42.17,0.00,BBD,
5949a652-3b88-4338-9666-66b18e8f2c1d,2025-12-09 06:18:10,2025-12-09 06:51:14,2025-12-09 02:18:10,2025-12-09 02:51:14,America/Barbados,33.07,0.00,14.0,29.0,25.5,03c821d6-6274-427c-937a-ad91c6bc020d,MP-025,51210097772981,03c821d6-6274-427c-937a-ad91c6bc020d.1,CCS_2,25.0,79b72a61-f5ca-433f-b824-0c7df1204859,Massy Warrens,Massy Warrens - Massy Stores Supercenter,Warrens,St. Michael,BB,,Massy,578dca79-afd1-4b04-816a-322a7067114b,dd4c88acde25753674e21b473fe166ef,,,,,,SYSTEM,24.50,24.50,0.00,BBD,
06584fef-953d-406c-a497-a06dfe2563c3,2025-12-09 12:06:50,2025-12-09 13:03:26,2025-12-09 08:06:50,2025-12-09 09:03:26,America/Barbados,56.60,0.00,25.2,34.8,26.7,03c821d6-6274-427c-937a-ad91c6bc020d,MP-025,51210097772981,03c821d6-6274-427c-937a-ad91c6bc020d.1,CCS_2,25.0,79b72a61-f5ca-433f-b824-0c7df1204859,Massy Warrens,Massy Warrens - Massy Stores Supercenter,Warrens,St. Michael,BB,,Massy,578dca79-afd1-4b04-816a-322a7067114b,35b6f6f99ae2087ef24aff4869dea359,,,,,9210ee0a-d99f-4855-9c03-cdf9ee6fab7d,RFID,44.10,44.10,0.00,BBD,
21c058f2-8c0b-4114-86cc-53678bd306a5,2025-12-09 14:29:38,2025-12-09 15:09:27,2025-12-09 10:29:38,2025-12-09 11:09:27,America/Barbados,39.82,1.82,4.2,12.0,6.8,8d27dae5-8d1f-48d0-bfe1-8875d5d568a5,MP-0079,M5012464-2,8d27dae5-8d1f-48d0-bfe1-8875d5d568a5.2,TYPE_2,22.0,1977c2c7-cd44-4e6f-a827-370cd9aad5bd,Massy Sunset Crest,"Massy Stores Supercenter, Sunset Crest",Holetown,St James,BB,,Massy,578dca79-afd1-4b04-816a-322a7067114b,d094140c914a0230b6a3c3c35ba1c158,,,,,18d39925-7b1f-4232-b364-e41448dcf7bd,RFID,6.30,6.30,0.00,BBD,
38ffb1e7-debb-49f9-926e-86cc18150dda,2025-12-09 17:26:33,2025-12-09 17:32:31,2025-12-09 13:26:33,2025-12-09 13:32:31,America/Barbados,5.97,0.00,2.5,29.4,25.6,03c821d6-6274-427c-937a-ad91c6bc020d,MP-025,51210097772981,03c821d6-6274-427c-937a-ad91c6bc020d.1,CCS_2,25.0,79b72a61-f5ca-433f-b824-0c7df1204859,Massy Warrens,Massy Warrens - Massy Stores Supercenter,Warrens,St. Michael,BB,,Massy,578dca79-afd1-4b04-816a-322a7067114b,332d0956348a88543cefc940a7442930,,,,,,SYSTEM,4.37,4.37,0.00,BBD,
3f7acea7-3298-4669-af30-45128ede205e,2025-12-09 15:55:33,2025-12-09 17:58:12,2025-12-09 11:55:33,2025-12-09 13:58:12,America/Barbados,122.65,0.00,13.2,12.0,6.5,8d27dae5-8d1f-48d0-bfe1-8875d5d568a5,MP-0079,M5012464-2,8d27dae5-8d1f-48d0-bfe1-8875d5d568a5.2,TYPE_2,22.0,1977c2c7-cd44-4e6f-a827-370cd9aad5bd,Massy Sunset Crest,"Massy Stores Supercenter, Sunset Crest",Holetown,St James,BB,,Massy,578dca79-afd1-4b04-816a-322a7067114b,33494eda73e9c3ba132f0a4e6d1d0c25,,,,,dcef38bf-c058-4d81-9271-60afa04cd4bd,RFID,19.79,19.79,0.00,BBD,
de313690-d0e2-4b28-9e4c-982d96816b49,2025-12-09 19:41:31,2025-12-09 19:58:16,2025-12-09 15:41:31,2025-12-09 15:58:16,America/Barbados,16.75,0.00,7.1,29.0,25.6,03c821d6-6274-427c-937a-ad91c6bc020d,MP-025,51210097772981,03c821d6-6274-427c-937a-ad91c6bc020d.1,CCS_2,25.0,79b72a61-f5ca-433f-b824-0c7df1204859,Massy Warrens,Massy Warrens - Massy Stores Supercenter,Warrens,St. Michael,BB,,Massy,578dca79-afd1-4b04-816a-322a7067114b,a37650d10cfbec0b3a09686403b781b0,,,,,cd1a6858-23e4-44b4-86ef-6893b5e2c87d,RFID,12.42,12.42,0.00,BBD,
fecd0e11-d4d8-4089-9b2c-ee41d1e13b70,2025-12-09 20:04:45,2025-12-09 20:14:02,2025-12-09 16:04:45,2025-12-09 16:14:02,America/Barbados,9.28,0.00,3.9,29.0,25.5,03c821d6-6274-427c-937a-ad91c6bc020d,MP-025,51210097772981,03c821d6-6274-427c-937a-ad91c6bc020d.1,CCS_2,25.0,79b72a61-f5ca-433f-b824-0c7df1204859,Massy Warrens,Massy Warrens - Massy Stores Supercenter,Warrens,St. Michael,BB,,Massy,578dca79-afd1-4b04-816a-322a7067114b,5911ffba106a13f8c146db3cc5fdaaf2,,,,,f4154aa6-6205-47f5-bff4-856043d935c8,RFID,6.82,6.82,0.00,BBD,
5f7629b9-7c87-4483-a7aa-8fd8b7858def,2025-12-09 23:46:55,2025-12-10 00:37:32,2025-12-09 19:46:55,2025-12-09 20:37:32,America/Barbados,50.62,0.00,5.6,11.6,6.7,03c821d6-6274-427c-937a-ad91c6bc020d,MP-025,51210097772981,03c821d6-6274-427c-937a-ad91c6bc020d.3,TYPE_2,25.0,79b72a61-f5ca-433f-b824-0c7df1204859,Massy Warrens,Massy Warrens - Massy Stores Supercenter,Warrens,St. Michael,BB,,Massy,578dca79-afd1-4b04-816a-322a7067114b,5eeca8ec9b7076b34e760e4e1e0362f9,,,,,,SYSTEM,9.79,9.79,0.00,BBD,
36dedfbe-738b-4634-80bd-758ac07f90b8,2025-12-10 12:09:34,2025-12-10 12:37:29,2025-12-10 08:09:34,2025-12-10 08:37:29,America/Barbados,27.92,0.02,11.7,29.0,25.2,03c821d6-6274-427c-937a-ad91c6bc020d,MP-025,51210097772981,03c821d6-6274-427c-937a-ad91c6bc020d.1,CCS_2,25.0,79b72a61-f5ca-433f-b824-0c7df1204859,Massy Warrens,Massy Warrens - Massy Stores Supercenter,Warrens,St. Michael,BB,,Massy,578dca79-afd1-4b04-816a-322a7067114b,053aecf00f9e31d2509a4d121114ab40,,,,,,SYSTEM,20.47,20.47,0.00,BBD,
b8fa7716-4acc-4da5-b1ec-6c1582194850,2025-12-10 14:38:39,2025-12-10 17:16:52,2025-12-10 10:38:39,2025-12-10 13:16:52,America/Barbados,158.22,100.35,5.7,11.6,5.9,03c821d6-6274-427c-937a-ad91c6bc020d,MP-025,51210097772981,03c821d6-6274-427c-937a-ad91c6bc020d.3,TYPE_2,25.0,79b72a61-f5ca-433f-b824-0c7df1204859,Massy Warrens,Massy Warrens - Massy Stores Supercenter,Warrens,St. Michael,BB,,Massy,578dca79-afd1-4b04-816a-322a7067114b,d094140c914a0230b6a3c3c35ba1c158,,,,,18d39925-7b1f-4232-b364-e41448dcf7bd,RFID,9.97,9.97,0.00,BBD,
335903ed-b0d1-4998-86d1-6e8aaa8b31fa,2025-12-10 18:03:35,2025-12-10 18:37:24,2025-12-10 14:03:35,2025-12-10 14:37:24,America/Barbados,33.82,12.40,2.1,7.8,5.9,03c821d6-6274-427c-937a-ad91c6bc020d,MP-025,51210097772981,03c821d6-6274-427c-937a-ad91c6bc020d.3,TYPE_2,25.0,79b72a61-f5ca-433f-b824-0c7df1204859,Massy Warrens,Massy Warrens - Massy Stores Supercenter,Warrens,St. Michael,BB,,Massy,578dca79-afd1-4b04-816a-322a7067114b,e65169e30c711e0fc81eebc1d87ed827,,,,,,SYSTEM,3.67,3.67,0.00,BBD,
70ddc4dc-5c0f-4652-88fb-87c9e8f06dee,2025-12-10 19:07:54,2025-12-10 19:40:55,2025-12-10 15:07:54,2025-12-10 15:40:55,America/Barbados,33.03,0.00,3.0,29.0,25.2,03c821d6-6274-427c-937a-ad91c6bc020d,MP-025,51210097772981,03c821d6-6274-427c-937a-ad91c6bc020d.1,CCS_2,25.0,79b72a61-f5ca-433f-b824-0c7df1204859,Massy Warrens,Massy Warrens - Massy Stores Supercenter,Warrens,St. Michael,BB,,Massy,578dca79-afd1-4b04-816a-322a7067114b,dd4c88acde25753674e21b473fe166ef,,,,,,SYSTEM,5.25,5.25,0.00,BBD,
46977bf0-46d2-4e91-a58c-de8e2312efe2,2025-12-11 10:22:07,2025-12-11 12:21:49,2025-12-11 06:22:07,2025-12-11 08:21:49,America/Barbados,119.70,0.68,14.1,12.0,7.3,8d27dae5-8d1f-48d0-bfe1-8875d5d568a5,MP-0079,M5012464-2,8d27dae5-8d1f-48d0-bfe1-8875d5d568a5.2,TYPE_2,22.0,1977c2c7-cd44-4e6f-a827-370cd9aad5bd,Massy Sunset Crest,"Massy Stores Supercenter, Sunset Crest",Holetown,St James,BB,,Massy,578dca79-afd1-4b04-816a-322a7067114b,c7c8dc2e53587b88750bb7fc30247cca,,,,,,SYSTEM,21.15,21.15,0.00,BBD,
0e74c39c-b003-45f2-b9b1-a56670df3612,2025-12-11 12:22:49,2025-12-11 13:37:06,2025-12-11 08:22:49,2025-12-11 09:37:06,America/Barbados,74.28,0.00,30.9,29.0,25.1,03c821d6-6274-427c-937a-ad91c6bc020d,MP-025,51210097772981,03c821d6-6274-427c-937a-ad91c6bc020d.1,CCS_2,25.0,79b72a61-f5ca-433f-b824-0c7df1204859,Massy Warrens,Massy Warrens - Massy Stores Supercenter,Warrens,St. Michael,BB,,Massy,578dca79-afd1-4b04-816a-322a7067114b,16dbfb519321769e0562336d69d3d0fd,,,,,89c14d08-b48c-4fa3-b0d0-a856ee62a9b4,RFID,54.07,54.07,0.00,BBD,
24ae4a47-46d7-4ded-9818-6091bed6718b,2025-12-11 15:07:27,2025-12-11 15:51:14,2025-12-11 11:07:27,2025-12-11 11:51:14,America/Barbados,43.78,15.88,2.7,6.5,5.8,03c821d6-6274-427c-937a-ad91c6bc020d,MP-025,51210097772981,03c821d6-6274-427c-937a-ad91c6bc020d.3,TYPE_2,25.0,79b72a61-f5ca-433f-b824-0c7df1204859,Massy Warrens,Massy Warrens - Massy Stores Supercenter,Warrens,St. Michael,BB,,Massy,578dca79-afd1-4b04-816a-322a7067114b,91eea880ab7f2ca51fa7d2a0ebe5d341,,,,,0fe44e40-d6bc-438c-9f7b-d0e5cefe2f0b,RFID,0.00,0.00,0.00,BBD,
7f8d0cc9-e9ed-45a5-9c9d-b88fafcda7db,2025-12-11 21:01:43,2025-12-11 21:23:43,2025-12-11 17:01:43,2025-12-11 17:23:43,America/Barbados,22.00,0.00,9.2,37.9,25.6,03c821d6-6274-427c-937a-ad91c6bc020d,MP-025,51210097772981,03c821d6-6274-427c-937a-ad91c6bc020d.1,CCS_2,25.0,79b72a61-f5ca-433f-b824-0c7df1204859,Massy Warrens,Massy Warrens - Massy Stores Supercenter,Warrens,St. Michael,BB,,Massy,578dca79-afd1-4b04-816a-322a7067114b,dd4c88acde25753674e21b473fe166ef,,,,,,SYSTEM,16.09,16.09,0.00,BBD,
3507ff05-71b2-4544-9dd3-d066d01b9660,2025-12-11 23:07:16,2025-12-11 23:42:47,2025-12-11 19:07:16,2025-12-11 19:42:47,America/Barbados,35.52,0.38,14.8,29.0,25.3,03c821d6-6274-427c-937a-ad91c6bc020d,MP-025,51210097772981,03c821d6-6274-427c-937a-ad91c6bc020d.1,CCS_2,25.0,79b72a61-f5ca-433f-b824-0c7df1204859,Massy Warrens,Massy Warrens - Massy Stores Supercenter,Warrens,St. Michael,BB,,Massy,578dca79-afd1-4b04-816a-322a7067114b,9a0aa3c4b0310980ab78bd4ad3e6744a,,,,,8c7a084b-ebbc-4912-b13b-4783148e94ff,RFID,25.90,25.90,0.00,BBD,
772ee574-12e2-4f30-ae59-beef122acb44,2025-12-12 00:02:36,2025-12-12 00:16:37,2025-12-11 20:02:36,2025-12-11 20:16:37,America/Barbados,14.02,0.58,4.1,23.2,18.5,03c821d6-6274-427c-937a-ad91c6bc020d,MP-025,51210097772981,03c821d6-6274-427c-937a-ad91c6bc020d.3,TYPE_2,25.0,79b72a61-f5ca-433f-b824-0c7df1204859,Massy Warrens,Massy Warrens - Massy Stores Supercenter,Warrens,St. Michael,BB,,Massy,578dca79-afd1-4b04-816a-322a7067114b,7dff719ebd91c7e9f968708dd904f49f,,,,,7e7e5942-cb37-4434-9d92-737fc3e53e7a,RFID,7.17,7.17,0.00,BBD,
aa81890a-b72e-41a5-9a7a-f531d5b1b5aa,2025-12-12 01:16:38,2025-12-12 02:28:28,2025-12-11 21:16:38,2025-12-11 22:28:28,America/Barbados,71.83,0.00,30.4,29.0,25.5,03c821d6-6274-427c-937a-ad91c6bc020d,MP-025,51210097772981,03c821d6-6274-427c-937a-ad91c6bc020d.1,CCS_2,25.0,79b72a61-f5ca-433f-b824-0c7df1204859,Massy Warrens,Massy Warrens - Massy Stores Supercenter,Warrens,St. Michael,BB,,Massy,578dca79-afd1-4b04-816a-322a7067114b,c9f39b141441317dae066dcffaff1e69,,,,,,SYSTEM,53.20,53.20,0.00,BBD,
3accca6f-30e7-40e7-874f-93d5d9554764,2025-12-12 14:51:26,2025-12-12 14:53:30,2025-12-12 10:51:26,2025-12-12 10:53:30,America/Barbados,2.07,0.00,0.8,29.0,24.2,03c821d6-6274-427c-937a-ad91c6bc020d,MP-025,51210097772981,03c821d6-6274-427c-937a-ad91c6bc020d.1,CCS_2,25.0,79b72a61-f5ca-433f-b824-0c7df1204859,Massy Warrens,Massy Warrens - Massy Stores Supercenter,Warrens,St. Michael,BB,,Massy,578dca79-afd1-4b04-816a-322a7067114b,35b6f6f99ae2087ef24aff4869dea359,,,,,9210ee0a-d99f-4855-9c03-cdf9ee6fab7d,RFID,1.40,1.40,0.00,BBD,
3bce5876-8fd4-4bad-92f4-4db37c051435,2025-12-12 16:12:46,2025-12-12 16:57:32,2025-12-12 12:12:46,2025-12-12 12:57:32,America/Barbados,44.77,0.00,19.0,36.0,25.7,03c821d6-6274-427c-937a-ad91c6bc020d,MP-025,51210097772981,03c821d6-6274-427c-937a-ad91c6bc020d.1,CCS_2,25.0,79b72a61-f5ca-433f-b824-0c7df1204859,Massy Warrens,Massy Warrens - Massy Stores Supercenter,Warrens,St. Michael,BB,,Massy,578dca79-afd1-4b04-816a-322a7067114b,a37650d10cfbec0b3a09686403b781b0,,,,,cd1a6858-23e4-44b4-86ef-6893b5e2c87d,RFID,33.25,33.25,0.00,BBD,
ae46402d-995e-4587-89a6-37c6323ec890,2025-12-12 18:36:40,2025-12-12 19:52:42,2025-12-12 14:36:40,2025-12-12 15:52:42,America/Barbados,76.03,0.60,27.6,29.0,22.5,03c821d6-6274-427c-937a-ad91c6bc020d,MP-025,51210097772981,03c821d6-6274-427c-937a-ad91c6bc020d.1,CCS_2,25.0,79b72a61-f5ca-433f-b824-0c7df1204859,Massy Warrens,Massy Warrens - Massy Stores Supercenter,Warrens,St. Michael,BB,,Massy,578dca79-afd1-4b04-816a-322a7067114b,0e411a7aae18e5bf462136072fec76ab,,,,,,SYSTEM,48.30,48.30,0.00,BBD,
62def136-c163-40fc-82c8-3e900baf410c,2025-12-13 09:34:13,2025-12-13 11:38:21,2025-12-13 05:34:13,2025-12-13 07:38:21,America/Barbados,124.13,0.15,55.2,29.0,26.3,03c821d6-6274-427c-937a-ad91c6bc020d,MP-025,51210097772981,03c821d6-6274-427c-937a-ad91c6bc020d.1,CCS_2,25.0,79b72a61-f5ca-433f-b824-0c7df1204859,Massy Warrens,Massy Warrens - Massy Stores Supercenter,Warrens,St. Michael,BB,,Massy,578dca79-afd1-4b04-816a-322a7067114b,35b6f6f99ae2087ef24aff4869dea359,,,,,9210ee0a-d99f-4855-9c03-cdf9ee6fab7d,RFID,96.60,96.60,0.00,BBD,
7b568605-6cf9-464f-9b21-09d32cfcab1f,2025-12-13 13:01:21,2025-12-13 14:19:10,2025-12-13 09:01:21,2025-12-13 10:19:10,America/Barbados,77.82,0.32,26.6,29.0,20.8,03c821d6-6274-427c-937a-ad91c6bc020d,MP-025,51210097772981,03c821d6-6274-427c-937a-ad91c6bc020d.2,CHADEMO,25.0,79b72a61-f5ca-433f-b824-0c7df1204859,Massy Warrens,Massy Warrens - Massy Stores Supercenter,Warrens,St. Michael,BB,,Massy,578dca79-afd1-4b04-816a-322a7067114b,6db49741c7fd7da55950c2da36831943,,,,,,SYSTEM,46.55,46.55,0.00,BBD,
948a7e6b-6e87-43ec-87db-4f0b44d6cac4,2025-12-13 15:12:42,2025-12-13 15:35:26,2025-12-13 11:12:42,2025-12-13 11:35:26,America/Barbados,22.73,0.00,9.6,29.0,25.4,03c821d6-6274-427c-937a-ad91c6bc020d,MP-025,51210097772981,03c821d6-6274-427c-937a-ad91c6bc020d.1,CCS_2,25.0,79b72a61-f5ca-433f-b824-0c7df1204859,Massy Warrens,Massy Warrens - Massy Stores Supercenter,Warrens,St. Michael,BB,,Massy,578dca79-afd1-4b04-816a-322a7067114b,a3a4019a9e2f7034965409a0371e5997,,,,,38c98a44-97eb-4b6e-ab27-f38ecf1a5d09,RFID,16.80,16.80,0.00,BBD,
a5099171-ebfd-4b88-ba2c-0c365671faaf,2025-12-13 19:52:09,2025-12-13 20:51:12,2025-12-13 15:52:09,2025-12-13 16:51:12,America/Barbados,59.05,0.00,25.1,40.0,25.7,03c821d6-6274-427c-937a-ad91c6bc020d,MP-025,51210097772981,03c821d6-6274-427c-937a-ad91c6bc020d.1,CCS_2,25.0,79b72a61-f5ca-433f-b824-0c7df1204859,Massy Warrens,Massy Warrens - Massy Stores Supercenter,Warrens,St. Michael,BB,,Massy,578dca79-afd1-4b04-816a-322a7067114b,5911ffba106a13f8c146db3cc5fdaaf2,,,,,f4154aa6-6205-47f5-bff4-856043d935c8,RFID,43.92,43.92,0.00,BBD,
c61b63ed-a5c4-47cd-a0d1-49589e3c252b,2025-12-13 23:02:18,2025-12-13 23:02:38,2025-12-13 19:02:18,2025-12-13 19:02:38,America/Barbados,0.33,0.00,0.0,0.0,0.0,8d27dae5-8d1f-48d0-bfe1-8875d5d568a5,MP-0079,M5012464-2,8d27dae5-8d1f-48d0-bfe1-8875d5d568a5.2,TYPE_2,22.0,1977c2c7-cd44-4e6f-a827-370cd9aad5bd,Massy Sunset Crest,"Massy Stores Supercenter, Sunset Crest",Holetown,St James,BB,,Massy,578dca79-afd1-4b04-816a-322a7067114b,f3ff5f81b006bbba395c21932fd22620,,,,,,RFID,0.00,0.00,0.00,BBD,
0c56c629-a046-4586-8112-430dfdc5c240,2025-12-13 23:37:15,2025-12-14 00:08:51,2025-12-13 19:37:15,2025-12-13 20:08:51,America/Barbados,31.60,0.60,9.0,23.2,17.5,03c821d6-6274-427c-937a-ad91c6bc020d,MP-025,51210097772981,03c821d6-6274-427c-937a-ad91c6bc020d.3,TYPE_2,25.0,79b72a61-f5ca-433f-b824-0c7df1204859,Massy Warrens,Massy Warrens - Massy Stores Supercenter,Warrens,St. Michael,BB,,Massy,578dca79-afd1-4b04-816a-322a7067114b,7dff719ebd91c7e9f968708dd904f49f,,,,,7e7e5942-cb37-4434-9d92-737fc3e53e7a,RFID,15.75,15.75,0.00,BBD,
5e79fa48-3156-482e-8503-9b2087f12b0b,2025-12-13 23:02:58,2025-12-14 01:26:15,2025-12-13 19:02:58,2025-12-13 21:26:15,America/Barbados,143.28,0.00,15.5,11.8,6.5,8d27dae5-8d1f-48d0-bfe1-8875d5d568a5,MP-0079,M5012464-2,8d27dae5-8d1f-48d0-bfe1-8875d5d568a5.2,TYPE_2,22.0,1977c2c7-cd44-4e6f-a827-370cd9aad5bd,Massy Sunset Crest,"Massy Stores Supercenter, Sunset Crest",Holetown,St James,BB,,Massy,578dca79-afd1-4b04-816a-322a7067114b,f3ff5f81b006bbba395c21932fd22620,,,,,98a75c81-51a2-4442-bc22-c8a915a0ed15,RFID,23.25,23.25,0.00,BBD,
0aa8231f-d7ee-48ac-86bd-5f0edbeda550,2025-12-14 04:08:21,2025-12-14 05:21:53,2025-12-14 00:08:21,2025-12-14 01:21:53,America/Barbados,73.53,0.17,30.9,29.0,25.3,03c821d6-6274-427c-937a-ad91c6bc020d,MP-025,51210097772981,03c821d6-6274-427c-937a-ad91c6bc020d.1,CCS_2,25.0,79b72a61-f5ca-433f-b824-0c7df1204859,Massy Warrens,Massy Warrens - Massy Stores Supercenter,Warrens,St. Michael,BB,,Massy,578dca79-afd1-4b04-816a-322a7067114b,9a0aa3c4b0310980ab78bd4ad3e6744a,,,,,8c7a084b-ebbc-4912-b13b-4783148e94ff,RFID,54.07,54.07,0.00,BBD,
e9e78782-bdc3-495d-bf6a-61e7bcc90396,2025-12-14 09:57:56,2025-12-14 11:10:15,2025-12-14 05:57:56,2025-12-14 07:10:15,America/Barbados,72.32,0.00,32.1,29.0,26.4,03c821d6-6274-427c-937a-ad91c6bc020d,MP-025,51210097772981,03c821d6-6274-427c-937a-ad91c6bc020d.1,CCS_2,25.0,79b72a61-f5ca-433f-b824-0c7df1204859,Massy Warrens,Massy Warrens - Massy Stores Supercenter,Warrens,St. Michael,BB,,Massy,578dca79-afd1-4b04-816a-322a7067114b,35b6f6f99ae2087ef24aff4869dea359,,,,,9210ee0a-d99f-4855-9c03-cdf9ee6fab7d,RFID,56.17,56.17,0.00,BBD,
697fdcf6-9301-42e0-b60e-c67364f70cfd,2025-12-14 16:21:15,2025-12-14 17:19:12,2025-12-14 12:21:15,2025-12-14 13:19:12,America/Barbados,57.95,0.10,25.8,29.0,27.0,03c821d6-6274-427c-937a-ad91c6bc020d,MP-025,51210097772981,03c821d6-6274-427c-937a-ad91c6bc020d.1,CCS_2,25.0,79b72a61-f5ca-433f-b824-0c7df1204859,Massy Warrens,Massy Warrens - Massy Stores Supercenter,Warrens,St. Michael,BB,,Massy,578dca79-afd1-4b04-816a-322a7067114b,6ccd1ca21a320b88e81fde50415fc2cf,,,,,,SYSTEM,45.15,45.15,0.00,BBD,
61fb0ad9-1007-4f52-bb25-edbffd0c9035,2025-12-14 21:27:14,2025-12-14 22:01:18,2025-12-14 17:27:14,2025-12-14 18:01:18,America/Barbados,34.07,0.03,3.7,12.0,6.5,8d27dae5-8d1f-48d0-bfe1-8875d5d568a5,MP-0079,M5012464-2,8d27dae5-8d1f-48d0-bfe1-8875d5d568a5.2,TYPE_2,22.0,1977c2c7-cd44-4e6f-a827-370cd9aad5bd,Massy Sunset Crest,"Massy Stores Supercenter, Sunset Crest",Holetown,St James,BB,,Massy,578dca79-afd1-4b04-816a-322a7067114b,75b3d6285f999674807ed18dfccf9f69,,,,,,SYSTEM,5.55,5.55,0.00,BBD,
dd27c6fb-ca5b-405a-8835-cde42db5051c,2025-12-14 23:51:59,2025-12-15 01:25:40,2025-12-14 19:51:59,2025-12-14 21:25:40,America/Barbados,93.68,0.00,33.6,29.0,22.8,03c821d6-6274-427c-937a-ad91c6bc020d,MP-025,51210097772981,03c821d6-6274-427c-937a-ad91c6bc020d.1,CCS_2,25.0,79b72a61-f5ca-433f-b824-0c7df1204859,Massy Warrens,Massy Warrens - Massy Stores Supercenter,Warrens,St. Michael,BB,,Massy,578dca79-afd1-4b04-816a-322a7067114b,dd4c88acde25753674e21b473fe166ef,,,,,,SYSTEM,58.80,58.80,0.00,BBD,
edce6748-d83a-4232-aa17-a663966fc1d8,2025-12-15 20:55:32,2025-12-15 22:33:41,2025-12-15 16:55:32,2025-12-15 18:33:41,America/Barbados,98.15,2.07,36.2,29.0,22.1,03c821d6-6274-427c-937a-ad91c6bc020d,MP-025,51210097772981,03c821d6-6274-427c-937a-ad91c6bc020d.1,CCS_2,25.0,79b72a61-f5ca-433f-b824-0c7df1204859,Massy Warrens,Massy Warrens - Massy Stores Supercenter,Warrens,St. Michael,BB,,Massy,578dca79-afd1-4b04-816a-322a7067114b,a3a4019a9e2f7034965409a0371e5997,,,,,38c98a44-97eb-4b6e-ab27-f38ecf1a5d09,RFID,63.35,63.35,0.00,BBD,
d7357260-edd0-44b9-9d7e-8d7a06d7b303,2025-12-16 10:54:45,2025-12-16 12:00:54,2025-12-16 06:54:45,2025-12-16 08:00:54,America/Barbados,66.15,0.03,25.5,29.0,23.1,03c821d6-6274-427c-937a-ad91c6bc020d,MP-025,51210097772981,03c821d6-6274-427c-937a-ad91c6bc020d.2,CHADEMO,25.0,79b72a61-f5ca-433f-b824-0c7df1204859,Massy Warrens,Massy Warrens - Massy Stores Supercenter,Warrens,St. Michael,BB,,Massy,578dca79-afd1-4b04-816a-322a7067114b,6db49741c7fd7da55950c2da36831943,,,,,,SYSTEM,44.62,44.62,0.00,BBD,
747292a9-cf30-4396-b6cb-4ff3ca6baa73,2025-12-16 13:36:32,2025-12-16 13:48:56,2025-12-16 09:36:32,2025-12-16 09:48:56,America/Barbados,12.40,0.00,5.4,29.0,26.3,03c821d6-6274-427c-937a-ad91c6bc020d,MP-025,51210097772981,03c821d6-6274-427c-937a-ad91c6bc020d.1,CCS_2,25.0,79b72a61-f5ca-433f-b824-0c7df1204859,Massy Warrens,Massy Warrens - Massy Stores Supercenter,Warrens,St. Michael,BB,,Massy,578dca79-afd1-4b04-816a-322a7067114b,35b6f6f99ae2087ef24aff4869dea359,,,,,9210ee0a-d99f-4855-9c03-cdf9ee6fab7d,RFID,9.45,9.45,0.00,BBD,
780c2c4c-4c87-49ae-a11a-f3b0fcdccf8a,2025-12-16 18:47:45,2025-12-16 19:52:58,2025-12-16 14:47:45,2025-12-16 15:52:58,America/Barbados,65.22,0.12,27.2,29.0,25.3,03c821d6-6274-427c-937a-ad91c6bc020d,MP-025,51210097772981,03c821d6-6274-427c-937a-ad91c6bc020d.1,CCS_2,25.0,79b72a61-f5ca-433f-b824-0c7df1204859,Massy Warrens,Massy Warrens - Massy Stores Supercenter,Warrens,St. Michael,BB,,Massy,578dca79-afd1-4b04-816a-322a7067114b,53c3e7f13adc18ac7473c99ec64d56c5,,,,,5b11676b-0383-4ad8-a16f-6da4cd89f3e3,RFID,47.60,47.60,0.00,BBD,
c3081ea9-7142-47c4-b752-e2730a81d95a,2025-12-16 21:20:19,2025-12-16 21:33:07,2025-12-16 17:20:19,2025-12-16 17:33:07,America/Barbados,12.80,0.00,5.0,29.0,23.8,03c821d6-6274-427c-937a-ad91c6bc020d,MP-025,51210097772981,03c821d6-6274-427c-937a-ad91c6bc020d.1,CCS_2,25.0,79b72a61-f5ca-433f-b824-0c7df1204859,Massy Warrens,Massy Warrens - Massy Stores Supercenter,Warrens,St. Michael,BB,,Massy,578dca79-afd1-4b04-816a-322a7067114b,db3e62ad8d365e37e9d2fbcca8e6af4b,,,,,,SYSTEM,8.75,8.75,0.00,BBD,
35d559f5-ad4b-4aac-8ecd-acc77d1af509,2025-12-16 22:28:10,2025-12-16 23:26:48,2025-12-16 18:28:10,2025-12-16 19:26:48,America/Barbados,58.63,0.00,26.4,30.0,27.0,03c821d6-6274-427c-937a-ad91c6bc020d,MP-025,51210097772981,03c821d6-6274-427c-937a-ad91c6bc020d.1,CCS_2,25.0,79b72a61-f5ca-433f-b824-0c7df1204859,Massy Warrens,Massy Warrens - Massy Stores Supercenter,Warrens,St. Michael,BB,,Massy,578dca79-afd1-4b04-816a-322a7067114b,e65169e30c711e0fc81eebc1d87ed827,,,,,,SYSTEM,46.20,46.20,0.00,BBD,
7f32a82b-13f8-4ef2-9bc5-c81de25041ab,2025-12-16 23:52:56,2025-12-17 00:10:25,2025-12-16 19:52:56,2025-12-16 20:10:25,America/Barbados,17.48,0.00,4.8,23.2,16.5,03c821d6-6274-427c-937a-ad91c6bc020d,MP-025,51210097772981,03c821d6-6274-427c-937a-ad91c6bc020d.3,TYPE_2,25.0,79b72a61-f5ca-433f-b824-0c7df1204859,Massy Warrens,Massy Warrens - Massy Stores Supercenter,Warrens,St. Michael,BB,,Massy,578dca79-afd1-4b04-816a-322a7067114b,7dff719ebd91c7e9f968708dd904f49f,,,,,7e7e5942-cb37-4434-9d92-737fc3e53e7a,RFID,8.40,8.40,0.00,BBD,
ec7900db-9f8c-409e-ba44-90c195a46169,2025-12-16 22:32:16,2025-12-17 01:36:05,2025-12-16 18:32:16,2025-12-16 21:36:05,America/Barbados,183.82,147.77,3.6,6.0,3.3,8d27dae5-8d1f-48d0-bfe1-8875d5d568a5,MP-0079,M5012464-2,8d27dae5-8d1f-48d0-bfe1-8875d5d568a5.2,TYPE_2,22.0,1977c2c7-cd44-4e6f-a827-370cd9aad5bd,Massy Sunset Crest,"Massy Stores Supercenter, Sunset Crest",Holetown,St James,BB,,Massy,578dca79-afd1-4b04-816a-322a7067114b,768d1282fc5a8c161355988d1098736a,,,,,,SYSTEM,5.40,5.40,0.00,BBD,
8ea9622e-2b46-4b22-a4d8-71a320e33ffe,2025-12-17 09:58:29,2025-12-17 10:03:39,2025-12-17 05:58:29,2025-12-17 06:03:39,America/Barbados,5.17,0.00,2.1,29.0,24.8,03c821d6-6274-427c-937a-ad91c6bc020d,MP-025,51210097772981,03c821d6-6274-427c-937a-ad91c6bc020d.1,CCS_2,25.0,79b72a61-f5ca-433f-b824-0c7df1204859,Massy Warrens,Massy Warrens - Massy Stores Supercenter,Warrens,St. Michael,BB,,Massy,578dca79-afd1-4b04-816a-322a7067114b,a37650d10cfbec0b3a09686403b781b0,,,,,cd1a6858-23e4-44b4-86ef-6893b5e2c87d,RFID,3.67,3.67,0.00,BBD,
09a2f970-d685-4631-ac8c-e230c4461c85,2025-12-17 10:18:56,2025-12-17 11:29:50,2025-12-17 06:18:56,2025-12-17 07:29:50,America/Barbados,70.90,0.00,30.1,29.0,25.5,03c821d6-6274-427c-937a-ad91c6bc020d,MP-025,51210097772981,03c821d6-6274-427c-937a-ad91c6bc020d.1,CCS_2,25.0,79b72a61-f5ca-433f-b824-0c7df1204859,Massy Warrens,Massy Warrens - Massy Stores Supercenter,Warrens,St. Michael,BB,,Massy,578dca79-afd1-4b04-816a-322a7067114b,a37650d10cfbec0b3a09686403b781b0,,,,,cd1a6858-23e4-44b4-86ef-6893b5e2c87d,RFID,52.67,52.67,0.00,BBD,
2f39b362-a9d3-45e8-bf05-4c3af58cab8f,2025-12-17 12:21:02,2025-12-17 12:42:54,2025-12-17 08:21:02,2025-12-17 08:42:54,America/Barbados,21.87,0.00,8.6,36.0,24.2,03c821d6-6274-427c-937a-ad91c6bc020d,MP-025,51210097772981,03c821d6-6274-427c-937a-ad91c6bc020d.2,CHADEMO,25.0,79b72a61-f5ca-433f-b824-0c7df1204859,Massy Warrens,Massy Warrens - Massy Stores Supercenter,Warrens,St. Michael,BB,,Massy,578dca79-afd1-4b04-816a-322a7067114b,9fd37d30e1e7d4baba12b49df4c78303,,,,,,SYSTEM,15.05,15.05,0.00,BBD,
8e894dab-b638-4c07-a672-cbd898699c53,2025-12-17 13:42:23,2025-12-17 14:20:22,2025-12-17 09:42:23,2025-12-17 10:20:22,America/Barbados,37.98,10.08,2.9,13.1,6.3,03c821d6-6274-427c-937a-ad91c6bc020d,MP-025,51210097772981,03c821d6-6274-427c-937a-ad91c6bc020d.2,CHADEMO,25.0,79b72a61-f5ca-433f-b824-0c7df1204859,Massy Warrens,Massy Warrens - Massy Stores Supercenter,Warrens,St. Michael,BB,,Massy,578dca79-afd1-4b04-816a-322a7067114b,18008f87ad6a61c9256e97b54b5cf26c,,,,,,DASHBOARD,0.00,0.00,0.00,BBD,
1517aecf-0e5d-4840-a8a2-2397dfb9980e,2025-12-17 19:07:47,2025-12-17 19:39:16,2025-12-17 15:07:47,2025-12-17 15:39:16,America/Barbados,31.48,0.00,13.4,29.0,25.6,03c821d6-6274-427c-937a-ad91c6bc020d,MP-025,51210097772981,03c821d6-6274-427c-937a-ad91c6bc020d.1,CCS_2,25.0,79b72a61-f5ca-433f-b824-0c7df1204859,Massy Warrens,Massy Warrens - Massy Stores Supercenter,Warrens,St. Michael,BB,,Massy,578dca79-afd1-4b04-816a-322a7067114b,aa1332086ef3bc74ede207bdd6956748,,,,,,SYSTEM,23.45,23.45,0.00,BBD,
bc69a438-18f6-4aa3-afa6-73ac3baa787c,2025-12-17 18:13:29,2025-12-17 19:49:08,2025-12-17 14:13:29,2025-12-17 15:49:08,America/Barbados,95.65,33.07,6.0,10.0,4.5,03c821d6-6274-427c-937a-ad91c6bc020d,MP-025,51210097772981,03c821d6-6274-427c-937a-ad91c6bc020d.3,TYPE_2,25.0,79b72a61-f5ca-433f-b824-0c7df1204859,Massy Warrens,Massy Warrens - Massy Stores Supercenter,Warrens,St. Michael,BB,,Massy,578dca79-afd1-4b04-816a-322a7067114b,91eea880ab7f2ca51fa7d2a0ebe5d341,,,,,0fe44e40-d6bc-438c-9f7b-d0e5cefe2f0b,RFID,0.00,0.00,0.00,BBD,
15d93435-41af-44e1-85da-2b21a76be34c,2025-12-17 21:36:27,2025-12-17 21:56:04,2025-12-17 17:36:27,2025-12-17 17:56:04,America/Barbados,19.62,0.00,8.2,29.0,25.1,03c821d6-6274-427c-937a-ad91c6bc020d,MP-025,51210097772981,03c821d6-6274-427c-937a-ad91c6bc020d.1,CCS_2,25.0,79b72a61-f5ca-433f-b824-0c7df1204859,Massy Warrens,Massy Warrens - Massy Stores Supercenter,Warrens,St. Michael,BB,,Massy,578dca79-afd1-4b04-816a-322a7067114b,dd4c88acde25753674e21b473fe166ef,,,,,,SYSTEM,14.34,14.34,0.00,BBD,
c1cdcb91-c4a6-42ac-a0ea-96df3d2410cb,2025-12-17 23:03:46,2025-12-17 23:04:08,2025-12-17 19:03:46,2025-12-17 19:04:08,America/Barbados,0.37,0.00,0.0,0.0,0.0,024e77fc-3da1-4e73-930e-b76e45511419,MP-001,M5005918-7,024e77fc-3da1-4e73-930e-b76e45511419.1,TYPE_2,7.4,1977c2c7-cd44-4e6f-a827-370cd9aad5bd,Massy Sunset Crest,"Massy Stores Supercenter, Sunset Crest",Holetown,St James,BB,,Massy,578dca79-afd1-4b04-816a-322a7067114b,768d1282fc5a8c161355988d1098736a,,,,,,SYSTEM,0.00,0.00,0.00,BBD,
41e9b832-9ff0-4765-9dbc-5f668211ca84,2025-12-17 23:56:50,2025-12-17 23:58:56,2025-12-17 19:56:50,2025-12-17 19:58:56,America/Barbados,2.10,1.07,0.0,0.0,0.0,03c821d6-6274-427c-937a-ad91c6bc020d,MP-025,51210097772981,03c821d6-6274-427c-937a-ad91c6bc020d.3,TYPE_2,25.0,79b72a61-f5ca-433f-b824-0c7df1204859,Massy Warrens,Massy Warrens - Massy Stores Supercenter,Warrens,St. Michael,BB,,Massy,578dca79-afd1-4b04-816a-322a7067114b,7dff719ebd91c7e9f968708dd904f49f,,,,,7e7e5942-cb37-4434-9d92-737fc3e53e7a,RFID,0.00,0.00,0.00,BBD,
2cb41ddc-e443-4b43-9bef-9f78c7b90942,2025-12-17 23:59:25,2025-12-18 00:03:16,2025-12-17 19:59:25,2025-12-17 20:03:16,America/Barbados,3.85,2.83,0.0,0.0,0.0,03c821d6-6274-427c-937a-ad91c6bc020d,MP-025,51210097772981,03c821d6-6274-427c-937a-ad91c6bc020d.3,TYPE_2,25.0,79b72a61-f5ca-433f-b824-0c7df1204859,Massy Warrens,Massy Warrens - Massy Stores Supercenter,Warrens,St. Michael,BB,,Massy,578dca79-afd1-4b04-816a-322a7067114b,7dff719ebd91c7e9f968708dd904f49f,,,,,7e7e5942-cb37-4434-9d92-737fc3e53e7a,RFID,0.00,0.00,0.00,BBD,
195467d3-20a4-4979-b2b5-dca8da96cf58,2025-12-17 17:27:58,2025-12-18 01:08:39,2025-12-17 13:27:58,2025-12-17 21:08:39,America/Barbados,460.68,107.63,41.9,12.0,6.7,8d27dae5-8d1f-48d0-bfe1-8875d5d568a5,MP-0079,M5012464-2,8d27dae5-8d1f-48d0-bfe1-8875d5d568a5.2,TYPE_2,22.0,1977c2c7-cd44-4e6f-a827-370cd9aad5bd,Massy Sunset Crest,"Massy Stores Supercenter, Sunset Crest",Holetown,St James,BB,,Massy,578dca79-afd1-4b04-816a-322a7067114b,2f8476e30b2f04f235236056638f0aeb,,,,,,SYSTEM,62.84,62.84,0.00,BBD,
846a5d49-c6d1-40c5-842d-3dafbbb8b9e0,2025-12-18 10:52:59,2025-12-18 12:46:03,2025-12-18 06:52:59,2025-12-18 08:46:03,America/Barbados,113.07,0.00,50.4,29.0,27.1,03c821d6-6274-427c-937a-ad91c6bc020d,MP-025,51210097772981,03c821d6-6274-427c-937a-ad91c6bc020d.1,CCS_2,25.0,79b72a61-f5ca-433f-b824-0c7df1204859,Massy Warrens,Massy Warrens - Massy Stores Supercenter,Warrens,St. Michael,BB,,Massy,578dca79-afd1-4b04-816a-322a7067114b,35b6f6f99ae2087ef24aff4869dea359,,,,,9210ee0a-d99f-4855-9c03-cdf9ee6fab7d,RFID,88.20,88.20,0.00,BBD,
7c8e4545-9566-43fb-8bb3-bafdca62a6e5,2025-12-18 13:20:22,2025-12-18 13:20:35,2025-12-18 09:20:22,2025-12-18 09:20:35,America/Barbados,0.22,0.00,0.1,57.8,57.8,03c821d6-6274-427c-937a-ad91c6bc020d,MP-025,51210097772981,03c821d6-6274-427c-937a-ad91c6bc020d.2,CHADEMO,25.0,79b72a61-f5ca-433f-b824-0c7df1204859,Massy Warrens,Massy Warrens - Massy Stores Supercenter,Warrens,St. Michael,BB,,Massy,578dca79-afd1-4b04-816a-322a7067114b,18008f87ad6a61c9256e97b54b5cf26c,,,,,,SYSTEM,0.17,0.17,0.00,BBD,
5fff8add-b313-4de8-96ef-97abc3d337dd,2025-12-18 13:21:13,2025-12-18 13:22:15,2025-12-18 09:21:13,2025-12-18 09:22:15,America/Barbados,1.03,0.00,0.2,13.0,13.0,03c821d6-6274-427c-937a-ad91c6bc020d,MP-025,51210097772981,03c821d6-6274-427c-937a-ad91c6bc020d.2,CHADEMO,25.0,79b72a61-f5ca-433f-b824-0c7df1204859,Massy Warrens,Massy Warrens - Massy Stores Supercenter,Warrens,St. Michael,BB,,Massy,578dca79-afd1-4b04-816a-322a7067114b,18008f87ad6a61c9256e97b54b5cf26c,,,,,,SYSTEM,0.35,0.35,0.00,BBD,
c87ad9aa-6ac0-493d-ba72-e44811ee11bb,2025-12-18 14:59:35,2025-12-18 15:36:00,2025-12-18 10:59:35,2025-12-18 11:36:00,America/Barbados,36.42,0.00,3.4,29.0,24.9,03c821d6-6274-427c-937a-ad91c6bc020d,MP-025,51210097772981,03c821d6-6274-427c-937a-ad91c6bc020d.1,CCS_2,25.0,79b72a61-f5ca-433f-b824-0c7df1204859,Massy Warrens,Massy Warrens - Massy Stores Supercenter,Warrens,St. Michael,BB,,Massy,578dca79-afd1-4b04-816a-322a7067114b,0e411a7aae18e5bf462136072fec76ab,,,,,,SYSTEM,5.95,5.95,0.00,BBD,
7248c3e5-28fa-414d-9b00-42d993b11ac4,2025-12-18 21:33:04,2025-12-18 23:10:53,2025-12-18 17:33:04,2025-12-18 19:10:53,America/Barbados,97.82,0.00,43.9,35.1,27.2,03c821d6-6274-427c-937a-ad91c6bc020d,MP-025,51210097772981,03c821d6-6274-427c-937a-ad91c6bc020d.1,CCS_2,25.0,79b72a61-f5ca-433f-b824-0c7df1204859,Massy Warrens,Massy Warrens - Massy Stores Supercenter,Warrens,St. Michael,BB,,Massy,578dca79-afd1-4b04-816a-322a7067114b,e65169e30c711e0fc81eebc1d87ed827,,,,,,SYSTEM,76.82,76.82,0.00,BBD,
a87950e5-53f5-4e02-8387-1252aa82cf6f,2025-12-18 23:28:18,2025-12-18 23:55:20,2025-12-18 19:28:18,2025-12-18 19:55:20,America/Barbados,27.03,0.00,11.4,36.0,25.7,03c821d6-6274-427c-937a-ad91c6bc020d,MP-025,51210097772981,03c821d6-6274-427c-937a-ad91c6bc020d.1,CCS_2,25.0,79b72a61-f5ca-433f-b824-0c7df1204859,Massy Warrens,Massy Warrens - Massy Stores Supercenter,Warrens,St. Michael,BB,,Massy,578dca79-afd1-4b04-816a-322a7067114b,9524292787ec90c1c0d210497cc1166e,,,,,81c772bc-95b4-494a-b120-9b72e065fadc,RFID,19.95,19.95,0.00,BBD,
1e0ee652-8d3a-48d9-9571-539a5431521c,2025-12-19 00:57:20,2025-12-19 01:18:00,2025-12-18 20:57:20,2025-12-18 21:18:00,America/Barbados,20.67,0.00,8.7,29.0,25.4,03c821d6-6274-427c-937a-ad91c6bc020d,MP-025,51210097772981,03c821d6-6274-427c-937a-ad91c6bc020d.1,CCS_2,25.0,79b72a61-f5ca-433f-b824-0c7df1204859,Massy Warrens,Massy Warrens - Massy Stores Supercenter,Warrens,St. Michael,BB,,Massy,578dca79-afd1-4b04-816a-322a7067114b,a37650d10cfbec0b3a09686403b781b0,,,,,cd1a6858-23e4-44b4-86ef-6893b5e2c87d,RFID,15.22,15.22,0.00,BBD,
491c6056-3897-43a6-898b-c0e0164ae3c2,2025-12-19 04:12:46,2025-12-19 06:04:59,2025-12-19 00:12:46,2025-12-19 02:04:59,America/Barbados,112.22,0.00,41.0,29.0,21.6,03c821d6-6274-427c-937a-ad91c6bc020d,MP-025,51210097772981,03c821d6-6274-427c-937a-ad91c6bc020d.1,CCS_2,25.0,79b72a61-f5ca-433f-b824-0c7df1204859,Massy Warrens,Massy Warrens - Massy Stores Supercenter,Warrens,St. Michael,BB,,Massy,578dca79-afd1-4b04-816a-322a7067114b,91eea880ab7f2ca51fa7d2a0ebe5d341,,,,,0fe44e40-d6bc-438c-9f7b-d0e5cefe2f0b,RFID,0.00,0.00,0.00,BBD,
d40677cb-a474-496e-a5f5-030fae2b3732,2025-12-19 13:02:28,2025-12-19 15:11:21,2025-12-19 09:02:28,2025-12-19 11:11:21,America/Barbados,128.88,0.00,53.2,29.0,24.9,03c821d6-6274-427c-937a-ad91c6bc020d,MP-025,51210097772981,03c821d6-6274-427c-937a-ad91c6bc020d.1,CCS_2,25.0,79b72a61-f5ca-433f-b824-0c7df1204859,Massy Warrens,Massy Warrens - Massy Stores Supercenter,Warrens,St. Michael,BB,,Massy,578dca79-afd1-4b04-816a-322a7067114b,16dbfb519321769e0562336d69d3d0fd,,,,,89c14d08-b48c-4fa3-b0d0-a856ee62a9b4,RFID,93.10,93.10,0.00,BBD,
ca0206aa-ed05-46f8-903a-e1d83eaf2e49,2025-12-19 15:40:55,2025-12-19 16:33:37,2025-12-19 11:40:55,2025-12-19 12:33:37,America/Barbados,52.70,0.00,20.5,29.0,23.4,03c821d6-6274-427c-937a-ad91c6bc020d,MP-025,51210097772981,03c821d6-6274-427c-937a-ad91c6bc020d.2,CHADEMO,25.0,79b72a61-f5ca-433f-b824-0c7df1204859,Massy Warrens,Massy Warrens - Massy Stores Supercenter,Warrens,St. Michael,BB,,Massy,578dca79-afd1-4b04-816a-322a7067114b,6db49741c7fd7da55950c2da36831943,,,,,,SYSTEM,35.87,35.87,0.00,BBD,
7f4f5143-0194-4b52-8d76-a4ebc7c18d72,2025-12-19 19:44:54,2025-12-19 20:20:17,2025-12-19 15:44:54,2025-12-19 16:20:17,America/Barbados,35.38,5.42,4.3,17.4,8.7,03c821d6-6274-427c-937a-ad91c6bc020d,MP-025,51210097772981,03c821d6-6274-427c-937a-ad91c6bc020d.2,CHADEMO,25.0,79b72a61-f5ca-433f-b824-0c7df1204859,Massy Warrens,Massy Warrens - Massy Stores Supercenter,Warrens,St. Michael,BB,,Massy,578dca79-afd1-4b04-816a-322a7067114b,564363f1092f00b6d8b93b0dffe923e8,,,,,,SYSTEM,7.52,7.52,0.00,BBD,
ec1f02f6-d708-4f56-aff8-826ddaa5efe4,2025-12-19 21:52:25,2025-12-19 22:53:48,2025-12-19 17:52:25,2025-12-19 18:53:48,America/Barbados,61.38,0.00,10.8,13.8,10.7,03c821d6-6274-427c-937a-ad91c6bc020d,MP-025,51210097772981,03c821d6-6274-427c-937a-ad91c6bc020d.3,TYPE_2,25.0,79b72a61-f5ca-433f-b824-0c7df1204859,Massy Warrens,Massy Warrens - Massy Stores Supercenter,Warrens,St. Michael,BB,,Massy,578dca79-afd1-4b04-816a-322a7067114b,85d06f75d51b28bdfa35b809623927f1,,,,,,SYSTEM,18.90,18.90,0.00,BBD,
048412f1-006c-45a1-ba88-5cae7d862c5e,2025-12-19 23:09:12,2025-12-19 23:15:43,2025-12-19 19:09:12,2025-12-19 19:15:43,America/Barbados,6.52,0.00,2.7,29.0,24.4,03c821d6-6274-427c-937a-ad91c6bc020d,MP-025,51210097772981,03c821d6-6274-427c-937a-ad91c6bc020d.1,CCS_2,25.0,79b72a61-f5ca-433f-b824-0c7df1204859,Massy Warrens,Massy Warrens - Massy Stores Supercenter,Warrens,St. Michael,BB,,Massy,578dca79-afd1-4b04-816a-322a7067114b,35b6f6f99ae2087ef24aff4869dea359,,,,,9210ee0a-d99f-4855-9c03-cdf9ee6fab7d,RFID,4.72,4.72,0.00,BBD,
4dad6f66-8e49-48c4-8fcf-92f174885397,2025-12-19 23:17:11,2025-12-19 23:56:06,2025-12-19 19:17:11,2025-12-19 19:56:06,America/Barbados,38.92,0.00,17.2,34.3,26.7,03c821d6-6274-427c-937a-ad91c6bc020d,MP-025,51210097772981,03c821d6-6274-427c-937a-ad91c6bc020d.1,CCS_2,25.0,79b72a61-f5ca-433f-b824-0c7df1204859,Massy Warrens,Massy Warrens - Massy Stores Supercenter,Warrens,St. Michael,BB,,Massy,578dca79-afd1-4b04-816a-322a7067114b,35b6f6f99ae2087ef24aff4869dea359,,,,,9210ee0a-d99f-4855-9c03-cdf9ee6fab7d,RFID,30.10,30.10,0.00,BBD,
adb97c09-771f-457d-ac72-abb3b30092c0,2025-12-20 01:22:17,2025-12-20 02:26:20,2025-12-19 21:22:17,2025-12-19 22:26:20,America/Barbados,64.05,0.00,28.1,29.0,26.4,03c821d6-6274-427c-937a-ad91c6bc020d,MP-025,51210097772981,03c821d6-6274-427c-937a-ad91c6bc020d.1,CCS_2,25.0,79b72a61-f5ca-433f-b824-0c7df1204859,Massy Warrens,Massy Warrens - Massy Stores Supercenter,Warrens,St. Michael,BB,,Massy,578dca79-afd1-4b04-816a-322a7067114b,aa1332086ef3bc74ede207bdd6956748,,,,,,SYSTEM,49.17,49.17,0.00,BBD,
36438cb8-cd5e-46f4-81e8-c08b7f7a4831,2025-12-20 10:23:32,2025-12-20 10:35:56,2025-12-20 06:23:32,2025-12-20 06:35:56,America/Barbados,12.40,0.00,5.3,29.0,25.9,03c821d6-6274-427c-937a-ad91c6bc020d,MP-025,51210097772981,03c821d6-6274-427c-937a-ad91c6bc020d.1,CCS_2,25.0,79b72a61-f5ca-433f-b824-0c7df1204859,Massy Warrens,Massy Warrens - Massy Stores Supercenter,Warrens,St. Michael,BB,,Massy,578dca79-afd1-4b04-816a-322a7067114b,35b6f6f99ae2087ef24aff4869dea359,,,,,9210ee0a-d99f-4855-9c03-cdf9ee6fab7d,RFID,9.27,9.27,0.00,BBD,
664cafe5-80de-451e-a0a2-df60d8204ab8,2025-12-20 16:14:17,2025-12-20 17:18:10,2025-12-20 12:14:17,2025-12-20 13:18:10,America/Barbados,63.88,0.00,27.1,29.0,25.5,03c821d6-6274-427c-937a-ad91c6bc020d,MP-025,51210097772981,03c821d6-6274-427c-937a-ad91c6bc020d.1,CCS_2,25.0,79b72a61-f5ca-433f-b824-0c7df1204859,Massy Warrens,Massy Warrens - Massy Stores Supercenter,Warrens,St. Michael,BB,,Massy,578dca79-afd1-4b04-816a-322a7067114b,18b056becc3958b16a5bcd0a571a411d,,,,,,SYSTEM,47.42,47.42,0.00,BBD,
53d83a28-f326-4c39-a6c5-abb65539fb0d,2025-12-20 20:13:32,2025-12-20 21:26:30,2025-12-20 16:13:32,2025-12-20 17:26:30,America/Barbados,72.97,0.00,31.2,29.5,26.0,03c821d6-6274-427c-937a-ad91c6bc020d,MP-025,51210097772981,03c821d6-6274-427c-937a-ad91c6bc020d.1,CCS_2,25.0,79b72a61-f5ca-433f-b824-0c7df1204859,Massy Warrens,Massy Warrens - Massy Stores Supercenter,Warrens,St. Michael,BB,,Massy,578dca79-afd1-4b04-816a-322a7067114b,94d59d847d0e9a02e7470a4a67a720a9,,,,,,SYSTEM,54.60,54.60,0.00,BBD,
db974ee4-3fb2-42aa-a5cd-7e634ac0ad76,2025-12-21 00:03:15,2025-12-21 01:01:07,2025-12-20 20:03:15,2025-12-20 21:01:07,America/Barbados,57.87,0.00,23.6,29.0,24.7,03c821d6-6274-427c-937a-ad91c6bc020d,MP-025,51210097772981,03c821d6-6274-427c-937a-ad91c6bc020d.1,CCS_2,25.0,79b72a61-f5ca-433f-b824-0c7df1204859,Massy Warrens,Massy Warrens - Massy Stores Supercenter,Warrens,St. Michael,BB,,Massy,578dca79-afd1-4b04-816a-322a7067114b,0e411a7aae18e5bf462136072fec76ab,,,,,,SYSTEM,41.30,41.30,0.00,BBD,
8320c37e-7c1a-4f1a-a0f8-ffdf67278f98,2025-12-21 12:38:59,2025-12-21 13:35:07,2025-12-21 08:38:59,2025-12-21 09:35:07,America/Barbados,56.13,0.00,23.8,29.0,25.3,03c821d6-6274-427c-937a-ad91c6bc020d,MP-025,51210097772981,03c821d6-6274-427c-937a-ad91c6bc020d.1,CCS_2,25.0,79b72a61-f5ca-433f-b824-0c7df1204859,Massy Warrens,Massy Warrens - Massy Stores Supercenter,Warrens,St. Michael,BB,,Massy,578dca79-afd1-4b04-816a-322a7067114b,a3a4019a9e2f7034965409a0371e5997,,,,,38c98a44-97eb-4b6e-ab27-f38ecf1a5d09,RFID,41.65,41.65,0.00,BBD,
e0ccfd46-a9b6-4c1e-844a-9a4ed5b4aa80,2025-12-21 16:25:23,2025-12-21 17:04:16,2025-12-21 12:25:23,2025-12-21 13:04:16,America/Barbados,38.88,0.65,7.6,23.2,12.0,03c821d6-6274-427c-937a-ad91c6bc020d,MP-025,51210097772981,03c821d6-6274-427c-937a-ad91c6bc020d.2,CHADEMO,25.0,79b72a61-f5ca-433f-b824-0c7df1204859,Massy Warrens,Massy Warrens - Massy Stores Supercenter,Warrens,St. Michael,BB,,Massy,578dca79-afd1-4b04-816a-322a7067114b,6360466221780c16c03c3db83e82293e,,,,,b796799c-7e5e-4678-9e8e-4d02b3654c1f,RFID,13.30,13.30,0.00,BBD,
6666c913-282d-4935-942d-50fef3407ca6,2025-12-21 17:28:28,2025-12-21 18:28:23,2025-12-21 13:28:28,2025-12-21 14:28:23,America/Barbados,59.92,0.00,23.2,29.0,23.1,03c821d6-6274-427c-937a-ad91c6bc020d,MP-025,51210097772981,03c821d6-6274-427c-937a-ad91c6bc020d.2,CHADEMO,25.0,79b72a61-f5ca-433f-b824-0c7df1204859,Massy Warrens,Massy Warrens - Massy Stores Supercenter,Warrens,St. Michael,BB,,Massy,578dca79-afd1-4b04-816a-322a7067114b,6db49741c7fd7da55950c2da36831943,,,,,,SYSTEM,40.60,40.60,0.00,BBD,
287f2ec3-56e3-4680-ac76-7aed8b343b0c,2025-12-22 01:41:29,2025-12-22 03:21:20,2025-12-21 21:41:29,2025-12-21 23:21:20,America/Barbados,99.85,0.65,36.0,29.0,21.2,03c821d6-6274-427c-937a-ad91c6bc020d,MP-025,51210097772981,03c821d6-6274-427c-937a-ad91c6bc020d.1,CCS_2,25.0,79b72a61-f5ca-433f-b824-0c7df1204859,Massy Warrens,Massy Warrens - Massy Stores Supercenter,Warrens,St. Michael,BB,,Massy,578dca79-afd1-4b04-816a-322a7067114b,dd4c88acde25753674e21b473fe166ef,,,,,,SYSTEM,63.00,63.00,0.00,BBD,
b6267a39-1719-4cbe-ae67-949c8982f74d,2025-12-21 18:26:11,2025-12-22 12:01:47,2025-12-21 14:26:11,2025-12-22 08:01:47,America/Barbados,1055.60,491.48,65.8,8.0,7.0,8d27dae5-8d1f-48d0-bfe1-8875d5d568a5,MP-0079,M5012464-2,8d27dae5-8d1f-48d0-bfe1-8875d5d568a5.2,TYPE_2,22.0,1977c2c7-cd44-4e6f-a827-370cd9aad5bd,Massy Sunset Crest,"Massy Stores Supercenter, Sunset Crest",Holetown,St James,BB,,Massy,578dca79-afd1-4b04-816a-322a7067114b,18008f87ad6a61c9256e97b54b5cf26c,,,,,,DASHBOARD,0.00,0.00,0.00,BBD,
ee312daf-17e6-4ce7-9c1d-1a20c7a75127,2025-12-22 13:23:40,2025-12-22 14:00:19,2025-12-22 09:23:40,2025-12-22 10:00:19,America/Barbados,36.65,0.00,16.0,29.0,26.2,03c821d6-6274-427c-937a-ad91c6bc020d,MP-025,51210097772981,03c821d6-6274-427c-937a-ad91c6bc020d.1,CCS_2,25.0,79b72a61-f5ca-433f-b824-0c7df1204859,Massy Warrens,Massy Warrens - Massy Stores Supercenter,Warrens,St. Michael,BB,,Massy,578dca79-afd1-4b04-816a-322a7067114b,dd45ba246b049b48bc5a179f123e9786,,,,,,SYSTEM,28.00,28.00,0.00,BBD,
5185abc5-72d6-4bdc-9634-3c2189ab822a,2025-12-22 18:56:54,2025-12-22 19:55:58,2025-12-22 14:56:54,2025-12-22 15:55:58,America/Barbados,59.07,0.18,19.3,29.0,19.6,03c821d6-6274-427c-937a-ad91c6bc020d,MP-025,51210097772981,03c821d6-6274-427c-937a-ad91c6bc020d.2,CHADEMO,25.0,79b72a61-f5ca-433f-b824-0c7df1204859,Massy Warrens,Massy Warrens - Massy Stores Supercenter,Warrens,St. Michael,BB,,Massy,578dca79-afd1-4b04-816a-322a7067114b,530c449bfcc16049864d6e45e6212881,,,,,,SYSTEM,33.77,33.77,0.00,BBD,
73e73cca-1c53-4b6d-9ef9-6c056b6b13c4,2025-12-22 21:29:23,2025-12-22 23:28:35,2025-12-22 17:29:23,2025-12-22 19:28:35,America/Barbados,119.20,0.00,53.6,34.8,27.1,03c821d6-6274-427c-937a-ad91c6bc020d,MP-025,51210097772981,03c821d6-6274-427c-937a-ad91c6bc020d.1,CCS_2,25.0,79b72a61-f5ca-433f-b824-0c7df1204859,Massy Warrens,Massy Warrens - Massy Stores Supercenter,Warrens,St. Michael,BB,,Massy,578dca79-afd1-4b04-816a-322a7067114b,e65169e30c711e0fc81eebc1d87ed827,,,,,,SYSTEM,93.80,93.80,0.00,BBD,
1978311c-4fe1-44a8-9465-374590e73ad9,2025-12-23 09:58:59,2025-12-23 11:21:39,2025-12-23 05:58:59,2025-12-23 07:21:39,America/Barbados,82.67,0.00,36.5,29.0,26.4,03c821d6-6274-427c-937a-ad91c6bc020d,MP-025,51210097772981,03c821d6-6274-427c-937a-ad91c6bc020d.1,CCS_2,25.0,79b72a61-f5ca-433f-b824-0c7df1204859,Massy Warrens,Massy Warrens - Massy Stores Supercenter,Warrens,St. Michael,BB,,Massy,578dca79-afd1-4b04-816a-322a7067114b,35b6f6f99ae2087ef24aff4869dea359,,,,,9210ee0a-d99f-4855-9c03-cdf9ee6fab7d,RFID,63.87,63.87,0.00,BBD,
530c6f8b-63a2-4ad2-bef1-5f54d1a51319,2025-12-23 12:53:33,2025-12-23 13:16:16,2025-12-23 08:53:33,2025-12-23 09:16:16,America/Barbados,22.72,6.20,1.8,13.2,6.6,03c821d6-6274-427c-937a-ad91c6bc020d,MP-025,51210097772981,03c821d6-6274-427c-937a-ad91c6bc020d.2,CHADEMO,25.0,79b72a61-f5ca-433f-b824-0c7df1204859,Massy Warrens,Massy Warrens - Massy Stores Supercenter,Warrens,St. Michael,BB,,Massy,578dca79-afd1-4b04-816a-322a7067114b,564363f1092f00b6d8b93b0dffe923e8,,,,,,SYSTEM,3.15,3.15,0.00,BBD,
f6206701-c803-4867-92bc-ab47e52c8511,2025-12-23 13:18:23,2025-12-23 13:20:53,2025-12-23 09:18:23,2025-12-23 09:20:53,America/Barbados,2.50,0.45,0.4,13.3,12.5,03c821d6-6274-427c-937a-ad91c6bc020d,MP-025,51210097772981,03c821d6-6274-427c-937a-ad91c6bc020d.3,TYPE_2,25.0,79b72a61-f5ca-433f-b824-0c7df1204859,Massy Warrens,Massy Warrens - Massy Stores Supercenter,Warrens,St. Michael,BB,,Massy,578dca79-afd1-4b04-816a-322a7067114b,0af20337cd2a87cdf39f6f938fb216bc,,,,,,SYSTEM,0.70,0.70,0.00,BBD,
e9a38fdc-31a1-4d6c-8ecd-349708ce5ba3,2025-12-23 13:21:55,2025-12-23 14:30:06,2025-12-23 09:21:55,2025-12-23 10:30:06,America/Barbados,68.18,0.00,24.7,26.1,21.8,03c821d6-6274-427c-937a-ad91c6bc020d,MP-025,51210097772981,03c821d6-6274-427c-937a-ad91c6bc020d.1,CCS_2,25.0,79b72a61-f5ca-433f-b824-0c7df1204859,Massy Warrens,Massy Warrens - Massy Stores Supercenter,Warrens,St. Michael,BB,,Massy,578dca79-afd1-4b04-816a-322a7067114b,0af20337cd2a87cdf39f6f938fb216bc,,,,,,SYSTEM,43.22,43.22,0.00,BBD,
261b0d2d-88dc-4c5d-9e93-b12003db498e,2025-12-23 16:06:12,2025-12-23 16:38:02,2025-12-23 12:06:12,2025-12-23 12:38:02,America/Barbados,31.83,0.83,7.0,25.2,13.6,03c821d6-6274-427c-937a-ad91c6bc020d,MP-025,51210097772981,03c821d6-6274-427c-937a-ad91c6bc020d.2,CHADEMO,25.0,79b72a61-f5ca-433f-b824-0c7df1204859,Massy Warrens,Massy Warrens - Massy Stores Supercenter,Warrens,St. Michael,BB,,Massy,578dca79-afd1-4b04-816a-322a7067114b,530c449bfcc16049864d6e45e6212881,,,,,,SYSTEM,12.25,12.25,0.00,BBD,
3f48e4b8-1946-4a1c-8e39-f05cb94931e2,2025-12-23 17:26:02,2025-12-23 18:44:30,2025-12-23 13:26:02,2025-12-23 14:44:30,America/Barbados,78.47,0.00,33.4,31.0,25.8,03c821d6-6274-427c-937a-ad91c6bc020d,MP-025,51210097772981,03c821d6-6274-427c-937a-ad91c6bc020d.1,CCS_2,25.0,79b72a61-f5ca-433f-b824-0c7df1204859,Massy Warrens,Massy Warrens - Massy Stores Supercenter,Warrens,St. Michael,BB,,Massy,578dca79-afd1-4b04-816a-322a7067114b,7daacebf9b4ad61d93ad71b9621b0320,,,,,45cae3be-c3ab-416e-bd87-9209a7e62bd3,RFID,58.45,58.45,0.00,BBD,
823fcb1b-41a4-4d6d-b808-721ded40c2f8,2025-12-23 21:10:23,2025-12-23 22:04:48,2025-12-23 17:10:23,2025-12-23 18:04:48,America/Barbados,54.42,0.00,6.4,11.6,7.2,03c821d6-6274-427c-937a-ad91c6bc020d,MP-025,51210097772981,03c821d6-6274-427c-937a-ad91c6bc020d.3,TYPE_2,25.0,79b72a61-f5ca-433f-b824-0c7df1204859,Massy Warrens,Massy Warrens - Massy Stores Supercenter,Warrens,St. Michael,BB,,Massy,578dca79-afd1-4b04-816a-322a7067114b,1c7e71621820ad4399c075ccd978ddeb,,,,,68ba35da-eb75-4bc0-9a3a-ebb181de0c78,RFID,11.20,11.20,0.00,BBD,
476d0c67-159c-408f-869f-5645c73a3b09,2025-12-23 23:37:36,2025-12-24 00:17:32,2025-12-23 19:37:36,2025-12-23 20:17:32,America/Barbados,39.93,0.00,17.2,29.0,25.9,03c821d6-6274-427c-937a-ad91c6bc020d,MP-025,51210097772981,03c821d6-6274-427c-937a-ad91c6bc020d.1,CCS_2,25.0,79b72a61-f5ca-433f-b824-0c7df1204859,Massy Warrens,Massy Warrens - Massy Stores Supercenter,Warrens,St. Michael,BB,,Massy,578dca79-afd1-4b04-816a-322a7067114b,66057ef6ced7d4e35ba0db5605260e36,,,,,,SYSTEM,30.10,30.10,0.00,BBD,
a7f27873-9bb7-4d06-b0aa-bd63258247df,2025-12-24 09:37:20,2025-12-24 09:41:28,2025-12-24 05:37:20,2025-12-24 05:41:28,America/Barbados,4.13,0.00,1.7,29.0,25.2,03c821d6-6274-427c-937a-ad91c6bc020d,MP-025,51210097772981,03c821d6-6274-427c-937a-ad91c6bc020d.1,CCS_2,25.0,79b72a61-f5ca-433f-b824-0c7df1204859,Massy Warrens,Massy Warrens - Massy Stores Supercenter,Warrens,St. Michael,BB,,Massy,578dca79-afd1-4b04-816a-322a7067114b,35b6f6f99ae2087ef24aff4869dea359,,,,,9210ee0a-d99f-4855-9c03-cdf9ee6fab7d,RFID,2.97,2.97,0.00,BBD,
3c661ef8-d4a9-4804-93ed-e0c4900303ca,2025-12-24 09:44:40,2025-12-24 10:04:17,2025-12-24 05:44:40,2025-12-24 06:04:17,America/Barbados,19.62,0.00,8.6,29.0,26.4,03c821d6-6274-427c-937a-ad91c6bc020d,MP-025,51210097772981,03c821d6-6274-427c-937a-ad91c6bc020d.1,CCS_2,25.0,79b72a61-f5ca-433f-b824-0c7df1204859,Massy Warrens,Massy Warrens - Massy Stores Supercenter,Warrens,St. Michael,BB,,Massy,578dca79-afd1-4b04-816a-322a7067114b,35b6f6f99ae2087ef24aff4869dea359,,,,,9210ee0a-d99f-4855-9c03-cdf9ee6fab7d,RFID,15.05,15.05,0.00,BBD,
40852478-01dd-45f1-9dcb-21c132c18ce6,2025-12-24 10:18:52,2025-12-24 11:15:40,2025-12-24 06:18:52,2025-12-24 07:15:40,America/Barbados,56.80,0.00,25.3,34.8,26.8,03c821d6-6274-427c-937a-ad91c6bc020d,MP-025,51210097772981,03c821d6-6274-427c-937a-ad91c6bc020d.1,CCS_2,25.0,79b72a61-f5ca-433f-b824-0c7df1204859,Massy Warrens,Massy Warrens - Massy Stores Supercenter,Warrens,St. Michael,BB,,Massy,578dca79-afd1-4b04-816a-322a7067114b,35b6f6f99ae2087ef24aff4869dea359,,,,,9210ee0a-d99f-4855-9c03-cdf9ee6fab7d,RFID,44.27,44.27,0.00,BBD,
04df4d01-9ffd-4882-8d97-f6d7e3c34e21,2025-12-24 13:05:17,2025-12-24 14:05:22,2025-12-24 09:05:17,2025-12-24 10:05:22,America/Barbados,60.08,17.72,5.1,13.0,6.8,03c821d6-6274-427c-937a-ad91c6bc020d,MP-025,51210097772981,03c821d6-6274-427c-937a-ad91c6bc020d.2,CHADEMO,25.0,79b72a61-f5ca-433f-b824-0c7df1204859,Massy Warrens,Massy Warrens - Massy Stores Supercenter,Warrens,St. Michael,BB,,Massy,578dca79-afd1-4b04-816a-322a7067114b,564363f1092f00b6d8b93b0dffe923e8,,,,,,SYSTEM,8.92,8.92,0.00,BBD,
0d34e8d8-22d4-48ec-8601-4b419d6dcc44,2025-12-24 19:06:05,2025-12-24 19:49:23,2025-12-24 15:06:05,2025-12-24 15:49:23,America/Barbados,43.30,0.00,19.3,31.7,26.8,03c821d6-6274-427c-937a-ad91c6bc020d,MP-025,51210097772981,03c821d6-6274-427c-937a-ad91c6bc020d.1,CCS_2,25.0,79b72a61-f5ca-433f-b824-0c7df1204859,Massy Warrens,Massy Warrens - Massy Stores Supercenter,Warrens,St. Michael,BB,,Massy,578dca79-afd1-4b04-816a-322a7067114b,e65169e30c711e0fc81eebc1d87ed827,,,,,,SYSTEM,33.77,33.77,0.00,BBD,
87581307-eab7-4721-a082-459dddc47b29,2025-12-24 20:29:29,2025-12-24 21:21:35,2025-12-24 16:29:29,2025-12-24 17:21:35,America/Barbados,52.10,0.00,18.8,29.0,21.8,03c821d6-6274-427c-937a-ad91c6bc020d,MP-025,51210097772981,03c821d6-6274-427c-937a-ad91c6bc020d.2,CHADEMO,25.0,79b72a61-f5ca-433f-b824-0c7df1204859,Massy Warrens,Massy Warrens - Massy Stores Supercenter,Warrens,St. Michael,BB,,Massy,578dca79-afd1-4b04-816a-322a7067114b,530c449bfcc16049864d6e45e6212881,,,,,,SYSTEM,32.90,32.90,0.00,BBD,
9987e9d1-ef4a-42eb-b04d-ec6c9209c5ad,2025-12-25 01:32:50,2025-12-25 01:54:31,2025-12-24 21:32:50,2025-12-24 21:54:31,America/Barbados,21.68,0.00,3.9,17.4,10.9,03c821d6-6274-427c-937a-ad91c6bc020d,MP-025,51210097772981,03c821d6-6274-427c-937a-ad91c6bc020d.2,CHADEMO,25.0,79b72a61-f5ca-433f-b824-0c7df1204859,Massy Warrens,Massy Warrens - Massy Stores Supercenter,Warrens,St. Michael,BB,,Massy,578dca79-afd1-4b04-816a-322a7067114b,564363f1092f00b6d8b93b0dffe923e8,,,,,,SYSTEM,6.82,6.82,0.00,BBD,
871ee00f-719c-4cf7-859f-c224bcecf94a,2025-12-25 00:46:08,2025-12-25 01:04:43,2025-12-24 20:46:08,2025-12-24 21:04:43,America/Barbados,18.58,0.00,8.1,29.0,26.3,03c821d6-6274-427c-937a-ad91c6bc020d,MP-025,51210097772981,03c821d6-6274-427c-937a-ad91c6bc020d.1,CCS_2,25.0,79b72a61-f5ca-433f-b824-0c7df1204859,Massy Warrens,Massy Warrens - Massy Stores Supercenter,Warrens,St. Michael,BB,,Massy,578dca79-afd1-4b04-816a-322a7067114b,332d0956348a88543cefc940a7442930,,,,,5c36ba5f-40c5-424b-9c4b-968de883bbe0,RFID,14.17,14.17,0.00,BBD,
e981afde-a29a-4ea3-b23f-2ebfa1a65988,2025-12-25 02:52:03,2025-12-25 04:26:19,2025-12-24 22:52:03,2025-12-25 00:26:19,America/Barbados,94.27,0.23,39.8,29.5,25.6,03c821d6-6274-427c-937a-ad91c6bc020d,MP-025,51210097772981,03c821d6-6274-427c-937a-ad91c6bc020d.1,CCS_2,25.0,79b72a61-f5ca-433f-b824-0c7df1204859,Massy Warrens,Massy Warrens - Massy Stores Supercenter,Warrens,St. Michael,BB,,Massy,578dca79-afd1-4b04-816a-322a7067114b,9a0aa3c4b0310980ab78bd4ad3e6744a,,,,,8c7a084b-ebbc-4912-b13b-4783148e94ff,RFID,69.64,69.64,0.00,BBD,
3acd690d-4c90-4e45-bc06-3d2fef7acc19,2025-12-25 14:06:05,2025-12-25 14:48:19,2025-12-25 10:06:05,2025-12-25 10:48:19,America/Barbados,42.23,0.00,18.0,32.7,25.6,03c821d6-6274-427c-937a-ad91c6bc020d,MP-025,51210097772981,03c821d6-6274-427c-937a-ad91c6bc020d.1,CCS_2,25.0,79b72a61-f5ca-433f-b824-0c7df1204859,Massy Warrens,Massy Warrens - Massy Stores Supercenter,Warrens,St. Michael,BB,,Massy,578dca79-afd1-4b04-816a-322a7067114b,7cfa6a781ecf06c6a55ba07229d4e57f,,,,,600db8e7-a2c8-4733-aa9b-d32c0eaddabe,RFID,31.50,31.50,0.00,BBD,
c6e021a9-fcb6-4169-a358-f419f9f10279,2025-12-26 03:23:21,2025-12-26 04:07:28,2025-12-25 23:23:21,2025-12-26 00:07:28,America/Barbados,44.12,0.00,17.5,29.0,23.8,03c821d6-6274-427c-937a-ad91c6bc020d,MP-025,51210097772981,03c821d6-6274-427c-937a-ad91c6bc020d.1,CCS_2,25.0,79b72a61-f5ca-433f-b824-0c7df1204859,Massy Warrens,Massy Warrens - Massy Stores Supercenter,Warrens,St. Michael,BB,,Massy,578dca79-afd1-4b04-816a-322a7067114b,3bed394066f7e0e258e0c03355bb8e15,,,,,14c4d6f6-50af-4e7f-a9d9-6a51d5081322,RFID,15.30,15.30,0.00,BBD,
d4424529-9cee-4213-a096-84d82037249b,2025-12-26 18:06:49,2025-12-26 19:41:55,2025-12-26 14:06:49,2025-12-26 15:41:55,America/Barbados,95.10,27.93,10.2,23.2,7.6,03c821d6-6274-427c-937a-ad91c6bc020d,MP-025,51210097772981,03c821d6-6274-427c-937a-ad91c6bc020d.2,CHADEMO,25.0,79b72a61-f5ca-433f-b824-0c7df1204859,Massy Warrens,Massy Warrens - Massy Stores Supercenter,Warrens,St. Michael,BB,,Massy,578dca79-afd1-4b04-816a-322a7067114b,6360466221780c16c03c3db83e82293e,,,,,b796799c-7e5e-4678-9e8e-4d02b3654c1f,RFID,17.84,17.84,0.00,BBD,
48ed806c-817c-4f22-a3bd-10f33caf48b4,2025-12-26 23:36:55,2025-12-27 00:35:49,2025-12-26 19:36:55,2025-12-26 20:35:49,America/Barbados,58.90,0.00,24.2,29.0,24.6,03c821d6-6274-427c-937a-ad91c6bc020d,MP-025,51210097772981,03c821d6-6274-427c-937a-ad91c6bc020d.1,CCS_2,25.0,79b72a61-f5ca-433f-b824-0c7df1204859,Massy Warrens,Massy Warrens - Massy Stores Supercenter,Warrens,St. Michael,BB,,Massy,578dca79-afd1-4b04-816a-322a7067114b,dd4c88acde25753674e21b473fe166ef,,,,,,SYSTEM,42.35,42.35,0.00,BBD,
12a342de-548b-43ca-b273-c776587a8358,2025-12-27 10:22:04,2025-12-27 12:15:29,2025-12-27 06:22:04,2025-12-27 08:15:29,America/Barbados,113.42,0.00,50.5,29.0,26.4,03c821d6-6274-427c-937a-ad91c6bc020d,MP-025,51210097772981,03c821d6-6274-427c-937a-ad91c6bc020d.1,CCS_2,25.0,79b72a61-f5ca-433f-b824-0c7df1204859,Massy Warrens,Massy Warrens - Massy Stores Supercenter,Warrens,St. Michael,BB,,Massy,578dca79-afd1-4b04-816a-322a7067114b,35b6f6f99ae2087ef24aff4869dea359,,,,,9210ee0a-d99f-4855-9c03-cdf9ee6fab7d,RFID,88.37,88.37,0.00,BBD,
b01def1b-a890-46b9-8df9-537a9aee19e2,2025-12-27 15:12:54,2025-12-27 15:26:18,2025-12-27 11:12:54,2025-12-27 11:26:18,America/Barbados,13.40,0.00,3.0,17.4,13.5,03c821d6-6274-427c-937a-ad91c6bc020d,MP-025,51210097772981,03c821d6-6274-427c-937a-ad91c6bc020d.2,CHADEMO,25.0,79b72a61-f5ca-433f-b824-0c7df1204859,Massy Warrens,Massy Warrens - Massy Stores Supercenter,Warrens,St. Michael,BB,,Massy,578dca79-afd1-4b04-816a-322a7067114b,564363f1092f00b6d8b93b0dffe923e8,,,,,,SYSTEM,5.25,5.25,0.00,BBD,
681c31d5-ea50-4495-a574-42f4d2479353,2025-12-27 16:19:34,2025-12-27 17:30:30,2025-12-27 12:19:34,2025-12-27 13:30:30,America/Barbados,70.95,0.00,28.5,29.0,25.6,03c821d6-6274-427c-937a-ad91c6bc020d,MP-025,51210097772981,03c821d6-6274-427c-937a-ad91c6bc020d.1,CCS_2,25.0,79b72a61-f5ca-433f-b824-0c7df1204859,Massy Warrens,Massy Warrens - Massy Stores Supercenter,Warrens,St. Michael,BB,,Massy,578dca79-afd1-4b04-816a-322a7067114b,7daacebf9b4ad61d93ad71b9621b0320,,,,,45cae3be-c3ab-416e-bd87-9209a7e62bd3,RFID,49.87,49.87,0.00,BBD,
0d2c708b-9798-413b-9f62-e65a4f4d83a8,2025-12-27 19:51:48,2025-12-27 20:20:49,2025-12-27 15:51:48,2025-12-27 16:20:49,America/Barbados,29.02,10.42,1.7,5.8,5.8,03c821d6-6274-427c-937a-ad91c6bc020d,MP-025,51210097772981,03c821d6-6274-427c-937a-ad91c6bc020d.3,TYPE_2,25.0,79b72a61-f5ca-433f-b824-0c7df1204859,Massy Warrens,Massy Warrens - Massy Stores Supercenter,Warrens,St. Michael,BB,,Massy,578dca79-afd1-4b04-816a-322a7067114b,530c449bfcc16049864d6e45e6212881,,,,,,SYSTEM,2.97,2.97,0.00,BBD,
dad82c2f-0c71-443f-9882-10251336c22f,2025-12-27 19:07:50,2025-12-27 21:16:35,2025-12-27 15:07:50,2025-12-27 17:16:35,America/Barbados,128.75,0.00,56.9,29.0,26.6,03c821d6-6274-427c-937a-ad91c6bc020d,MP-025,51210097772981,03c821d6-6274-427c-937a-ad91c6bc020d.1,CCS_2,25.0,79b72a61-f5ca-433f-b824-0c7df1204859,Massy Warrens,Massy Warrens - Massy Stores Supercenter,Warrens,St. Michael,BB,,Massy,578dca79-afd1-4b04-816a-322a7067114b,46b3d6addfadc2d366f2665f3a4fdcac,,,,,,SYSTEM,99.57,99.57,0.00,BBD,
b369e3c1-f9d8-4d7d-9846-743706f5cb83,2025-12-28 09:35:55,2025-12-28 10:14:43,2025-12-28 05:35:55,2025-12-28 06:14:43,America/Barbados,38.80,0.00,16.9,29.0,26.1,03c821d6-6274-427c-937a-ad91c6bc020d,MP-025,51210097772981,03c821d6-6274-427c-937a-ad91c6bc020d.1,CCS_2,25.0,79b72a61-f5ca-433f-b824-0c7df1204859,Massy Warrens,Massy Warrens - Massy Stores Supercenter,Warrens,St. Michael,BB,,Massy,578dca79-afd1-4b04-816a-322a7067114b,35b6f6f99ae2087ef24aff4869dea359,,,,,9210ee0a-d99f-4855-9c03-cdf9ee6fab7d,RFID,29.57,29.57,0.00,BBD,
3f285126-9ae4-441a-bfac-4eedd66e4262,2025-12-28 10:16:16,2025-12-28 11:45:08,2025-12-28 06:16:16,2025-12-28 07:45:08,America/Barbados,88.87,0.00,39.6,29.0,26.8,03c821d6-6274-427c-937a-ad91c6bc020d,MP-025,51210097772981,03c821d6-6274-427c-937a-ad91c6bc020d.1,CCS_2,25.0,79b72a61-f5ca-433f-b824-0c7df1204859,Massy Warrens,Massy Warrens - Massy Stores Supercenter,Warrens,St. Michael,BB,,Massy,578dca79-afd1-4b04-816a-322a7067114b,35b6f6f99ae2087ef24aff4869dea359,,,,,9210ee0a-d99f-4855-9c03-cdf9ee6fab7d,RFID,69.30,69.30,0.00,BBD,
5132fccb-98e1-47c0-8d30-acc3d953ef8b,2025-12-28 16:10:32,2025-12-28 16:53:55,2025-12-28 12:10:32,2025-12-28 12:53:55,America/Barbados,43.38,0.00,18.6,34.8,25.8,03c821d6-6274-427c-937a-ad91c6bc020d,MP-025,51210097772981,03c821d6-6274-427c-937a-ad91c6bc020d.1,CCS_2,25.0,79b72a61-f5ca-433f-b824-0c7df1204859,Massy Warrens,Massy Warrens - Massy Stores Supercenter,Warrens,St. Michael,BB,,Massy,578dca79-afd1-4b04-816a-322a7067114b,d9ac14dcfeeb81692e375c0a863a5adc,,,,,966a5929-4bde-45f1-917b-159abcfa7ae8,RFID,32.55,32.55,0.00,BBD,
0a3a8452-f2a6-4696-93f3-3bcf006eb005,2025-12-28 17:18:53,2025-12-28 18:08:47,2025-12-28 13:18:53,2025-12-28 14:08:47,America/Barbados,49.90,0.00,21.8,29.0,26.2,03c821d6-6274-427c-937a-ad91c6bc020d,MP-025,51210097772981,03c821d6-6274-427c-937a-ad91c6bc020d.1,CCS_2,25.0,79b72a61-f5ca-433f-b824-0c7df1204859,Massy Warrens,Massy Warrens - Massy Stores Supercenter,Warrens,St. Michael,BB,,Massy,578dca79-afd1-4b04-816a-322a7067114b,dd45ba246b049b48bc5a179f123e9786,,,,,,SYSTEM,38.15,38.15,0.00,BBD,
bb856ff7-8b58-4658-b60e-2c38da8c73ad,2025-12-28 18:50:08,2025-12-28 19:15:20,2025-12-28 14:50:08,2025-12-28 15:15:20,America/Barbados,25.20,10.20,1.5,6.0,5.8,8d27dae5-8d1f-48d0-bfe1-8875d5d568a5,MP-0079,M5012464-2,8d27dae5-8d1f-48d0-bfe1-8875d5d568a5.2,TYPE_2,22.0,1977c2c7-cd44-4e6f-a827-370cd9aad5bd,Massy Sunset Crest,"Massy Stores Supercenter, Sunset Crest",Holetown,St James,BB,,Massy,578dca79-afd1-4b04-816a-322a7067114b,d094140c914a0230b6a3c3c35ba1c158,,,,,18d39925-7b1f-4232-b364-e41448dcf7bd,RFID,2.25,2.25,0.00,BBD,
b2701352-62f8-40c0-a6f9-72bb405f2cd8,2025-12-28 21:39:07,2025-12-28 22:28:17,2025-12-28 17:39:07,2025-12-28 18:28:17,America/Barbados,49.17,0.00,18.3,29.0,22.2,03c821d6-6274-427c-937a-ad91c6bc020d,MP-025,51210097772981,03c821d6-6274-427c-937a-ad91c6bc020d.2,CHADEMO,25.0,79b72a61-f5ca-433f-b824-0c7df1204859,Massy Warrens,Massy Warrens - Massy Stores Supercenter,Warrens,St. Michael,BB,,Massy,578dca79-afd1-4b04-816a-322a7067114b,530c449bfcc16049864d6e45e6212881,,,,,,SYSTEM,32.02,32.02,0.00,BBD,
b3960241-d0ac-468d-86e7-c48d6c53ee13,2025-12-29 13:00:19,2025-12-29 14:07:28,2025-12-29 09:00:19,2025-12-29 10:07:28,America/Barbados,67.15,0.00,27.3,29.5,24.5,03c821d6-6274-427c-937a-ad91c6bc020d,MP-025,51210097772981,03c821d6-6274-427c-937a-ad91c6bc020d.1,CCS_2,25.0,79b72a61-f5ca-433f-b824-0c7df1204859,Massy Warrens,Massy Warrens - Massy Stores Supercenter,Warrens,St. Michael,BB,,Massy,578dca79-afd1-4b04-816a-322a7067114b,926bb0c252d90c345e2cd92fb6ef6c14,,,,,,SYSTEM,47.77,47.77,0.00,BBD,
59eeec0b-91db-4831-8e1d-4dae43e5d3ca,2025-12-29 20:13:11,2025-12-29 20:45:35,2025-12-29 16:13:11,2025-12-29 16:45:35,America/Barbados,32.40,13.38,1.9,6.0,5.7,8d27dae5-8d1f-48d0-bfe1-8875d5d568a5,MP-0079,M5012464-2,8d27dae5-8d1f-48d0-bfe1-8875d5d568a5.2,TYPE_2,22.0,1977c2c7-cd44-4e6f-a827-370cd9aad5bd,Massy Sunset Crest,"Massy Stores Supercenter, Sunset Crest",Holetown,St James,BB,,Massy,578dca79-afd1-4b04-816a-322a7067114b,d094140c914a0230b6a3c3c35ba1c158,,,,,18d39925-7b1f-4232-b364-e41448dcf7bd,RFID,2.84,2.84,0.00,BBD,
eb5e999e-3378-4e2f-916c-f4f1c82ad231,2025-12-29 20:20:35,2025-12-29 20:46:24,2025-12-29 16:20:35,2025-12-29 16:46:24,America/Barbados,25.82,0.00,10.9,29.5,25.4,03c821d6-6274-427c-937a-ad91c6bc020d,MP-025,51210097772981,03c821d6-6274-427c-937a-ad91c6bc020d.1,CCS_2,25.0,79b72a61-f5ca-433f-b824-0c7df1204859,Massy Warrens,Massy Warrens - Massy Stores Supercenter,Warrens,St. Michael,BB,,Massy,578dca79-afd1-4b04-816a-322a7067114b,5911ffba106a13f8c146db3cc5fdaaf2,,,,,f4154aa6-6205-47f5-bff4-856043d935c8,RFID,19.07,19.07,0.00,BBD,
34051ec2-289b-4fcd-9538-fcd11f31deca,2025-12-29 22:06:32,2025-12-29 23:44:41,2025-12-29 18:06:32,2025-12-29 19:44:41,America/Barbados,98.15,0.00,44.1,29.0,27.0,03c821d6-6274-427c-937a-ad91c6bc020d,MP-025,51210097772981,03c821d6-6274-427c-937a-ad91c6bc020d.1,CCS_2,25.0,79b72a61-f5ca-433f-b824-0c7df1204859,Massy Warrens,Massy Warrens - Massy Stores Supercenter,Warrens,St. Michael,BB,,Massy,578dca79-afd1-4b04-816a-322a7067114b,e65169e30c711e0fc81eebc1d87ed827,,,,,,SYSTEM,77.17,77.17,0.00,BBD,
1aed4d74-217a-4d6a-ba09-6dcabd5d54ce,2025-12-30 05:43:10,2025-12-30 06:31:46,2025-12-30 01:43:10,2025-12-30 02:31:46,America/Barbados,48.60,0.05,15.8,29.0,19.6,03c821d6-6274-427c-937a-ad91c6bc020d,MP-025,51210097772981,03c821d6-6274-427c-937a-ad91c6bc020d.1,CCS_2,25.0,79b72a61-f5ca-433f-b824-0c7df1204859,Massy Warrens,Massy Warrens - Massy Stores Supercenter,Warrens,St. Michael,BB,,Massy,578dca79-afd1-4b04-816a-322a7067114b,dd4c88acde25753674e21b473fe166ef,,,,,,SYSTEM,27.65,27.65,0.00,BBD,
5ecab819-c53b-4db0-a830-0ce936b0633a,2025-12-30 12:25:43,2025-12-30 12:54:34,2025-12-30 08:25:43,2025-12-30 08:54:34,America/Barbados,28.85,1.03,3.7,12.0,8.0,03c821d6-6274-427c-937a-ad91c6bc020d,MP-025,51210097772981,03c821d6-6274-427c-937a-ad91c6bc020d.2,CHADEMO,25.0,79b72a61-f5ca-433f-b824-0c7df1204859,Massy Warrens,Massy Warrens - Massy Stores Supercenter,Warrens,St. Michael,BB,,Massy,578dca79-afd1-4b04-816a-322a7067114b,564363f1092f00b6d8b93b0dffe923e8,,,,,,SYSTEM,6.47,6.47,0.00,BBD,
032aa71f-d54b-483d-accf-e5590286cce5,2025-12-30 13:37:22,2025-12-30 16:44:22,2025-12-30 09:37:22,2025-12-30 12:44:22,America/Barbados,187.00,1.02,79.0,29.0,24.9,03c821d6-6274-427c-937a-ad91c6bc020d,MP-025,51210097772981,03c821d6-6274-427c-937a-ad91c6bc020d.1,CCS_2,25.0,79b72a61-f5ca-433f-b824-0c7df1204859,Massy Warrens,Massy Warrens - Massy Stores Supercenter,Warrens,St. Michael,BB,,Massy,578dca79-afd1-4b04-816a-322a7067114b,46b3d6addfadc2d366f2665f3a4fdcac,,,,,,SYSTEM,138.25,138.25,0.00,BBD,
1943e156-95d6-450b-95e1-da715d818123,2025-12-30 20:03:26,2025-12-30 21:37:26,2025-12-30 16:03:26,2025-12-30 17:37:26,America/Barbados,94.00,0.00,39.2,30.0,25.2,03c821d6-6274-427c-937a-ad91c6bc020d,MP-025,51210097772981,03c821d6-6274-427c-937a-ad91c6bc020d.1,CCS_2,25.0,79b72a61-f5ca-433f-b824-0c7df1204859,Massy Warrens,Massy Warrens - Massy Stores Supercenter,Warrens,St. Michael,BB,,Massy,578dca79-afd1-4b04-816a-322a7067114b,16dbfb519321769e0562336d69d3d0fd,,,,,89c14d08-b48c-4fa3-b0d0-a856ee62a9b4,RFID,68.60,68.60,0.00,BBD,
1035de10-65e9-4889-b93a-9dcd6c388806,2025-12-30 22:54:33,2025-12-30 23:33:41,2025-12-30 18:54:33,2025-12-30 19:33:41,America/Barbados,39.13,15.12,2.3,6.0,5.5,8d27dae5-8d1f-48d0-bfe1-8875d5d568a5,MP-0079,M5012464-2,8d27dae5-8d1f-48d0-bfe1-8875d5d568a5.2,TYPE_2,22.0,1977c2c7-cd44-4e6f-a827-370cd9aad5bd,Massy Sunset Crest,"Massy Stores Supercenter, Sunset Crest",Holetown,St James,BB,,Massy,578dca79-afd1-4b04-816a-322a7067114b,d094140c914a0230b6a3c3c35ba1c158,,,,,18d39925-7b1f-4232-b364-e41448dcf7bd,RFID,3.45,3.45,0.00,BBD,
cb81ae0e-4fae-4f6a-8233-4f562ac8eaf7,2025-12-31 02:22:08,2025-12-31 03:45:38,2025-12-30 22:22:08,2025-12-30 23:45:38,America/Barbados,83.50,0.00,35.4,29.0,25.2,03c821d6-6274-427c-937a-ad91c6bc020d,MP-025,51210097772981,03c821d6-6274-427c-937a-ad91c6bc020d.1,CCS_2,25.0,79b72a61-f5ca-433f-b824-0c7df1204859,Massy Warrens,Massy Warrens - Massy Stores Supercenter,Warrens,St. Michael,BB,,Massy,578dca79-afd1-4b04-816a-322a7067114b,9a0aa3c4b0310980ab78bd4ad3e6744a,,,,,8c7a084b-ebbc-4912-b13b-4783148e94ff,RFID,61.95,61.95,0.00,BBD,
e93cd707-bac3-4f55-b79b-6149cacf14d5,2025-12-31 05:42:48,2025-12-31 08:02:00,2025-12-31 01:42:48,2025-12-31 04:02:00,America/Barbados,139.20,0.00,61.8,29.0,26.4,03c821d6-6274-427c-937a-ad91c6bc020d,MP-025,51210097772981,03c821d6-6274-427c-937a-ad91c6bc020d.1,CCS_2,25.0,79b72a61-f5ca-433f-b824-0c7df1204859,Massy Warrens,Massy Warrens - Massy Stores Supercenter,Warrens,St. Michael,BB,,Massy,578dca79-afd1-4b04-816a-322a7067114b,35b6f6f99ae2087ef24aff4869dea359,,,,,9210ee0a-d99f-4855-9c03-cdf9ee6fab7d,RFID,108.15,108.15,0.00,BBD,
e749c40c-2260-4b19-bc29-d8cbe39d3140,2025-12-31 09:58:08,2025-12-31 10:04:20,2025-12-31 05:58:08,2025-12-31 06:04:20,America/Barbados,6.20,0.00,2.3,23.2,22.6,03c821d6-6274-427c-937a-ad91c6bc020d,MP-025,51210097772981,03c821d6-6274-427c-937a-ad91c6bc020d.1,CCS_2,25.0,79b72a61-f5ca-433f-b824-0c7df1204859,Massy Warrens,Massy Warrens - Massy Stores Supercenter,Warrens,St. Michael,BB,,Massy,578dca79-afd1-4b04-816a-322a7067114b,d36755501d331dd8db494efb60c9524f,,,,,b729c54b-6398-4269-b159-5bebb9033e43,RFID,4.02,4.02,0.00,BBD,
2bd560ee-33f6-4be0-b0b0-9593444169c6,2025-12-31 12:53:20,2025-12-31 13:47:17,2025-12-31 08:53:20,2025-12-31 09:47:17,America/Barbados,53.95,11.58,5.4,15.4,7.2,03c821d6-6274-427c-937a-ad91c6bc020d,MP-025,51210097772981,03c821d6-6274-427c-937a-ad91c6bc020d.2,CHADEMO,25.0,79b72a61-f5ca-433f-b824-0c7df1204859,Massy Warrens,Massy Warrens - Massy Stores Supercenter,Warrens,St. Michael,BB,,Massy,578dca79-afd1-4b04-816a-322a7067114b,564363f1092f00b6d8b93b0dffe923e8,,,,,,SYSTEM,9.45,9.45,0.00,BBD,
